County,Tabulator ID,Batch,# of Ballot Cards,Location/box #
Mesa,204,2001,100,101
Mesa,204,2002,98,101
Mesa,204,2003,100,101
Mesa,204,2004,100,101
Mesa,204,2005,99,101
Mesa,204,2006,100,101
Mesa,204,2007,98,101
Mesa,204,2008,100,101
Mesa,204,2009,100,101
Mesa,204,2010,100,101
Mesa,204,2011,99,101
Mesa,204,2012,100,101
Mesa,204,2013,50,101
Mesa,204,2014,100,101
Mesa,204,2015,100,101
Mesa,204,2016,26,101
Mesa,204,2017,6,101
Mesa,204,2018,99,101
Mesa,204,2019,100,101
Mesa,204,2020,100,101
Mesa,204,2021,99,101
Mesa,204,2022,100,102
Mesa,204,2023,100,102
Mesa,204,2024,100,102
Mesa,204,2025,100,102
Mesa,204,2026,100,102
Mesa,204,2027,100,102
Mesa,204,2028,16,102
Mesa,204,2029,100,102
Mesa,204,2030,100,102
Mesa,204,2031,100,102
Mesa,204,2032,97,102
Mesa,204,2033,5,102
Mesa,204,2034,100,102
Mesa,204,2035,100,102
Mesa,204,2036,98,102
Mesa,204,2037,1,102
Mesa,204,2038,100,102
Mesa,204,2039,14,102
Mesa,204,2040,100,103
Mesa,204,2041,99,103
Mesa,204,2042,100,103
Mesa,204,2043,100,103
Mesa,204,2044,33,103
Mesa,204,2045,76,103
Mesa,204,2046,8,103
Mesa,204,2047,100,103
Mesa,204,2048,100,103
Mesa,204,2049,99,103
Mesa,204,2050,100,103
Mesa,204,2051,99,103
Mesa,204,2052,98,103
Mesa,204,2053,100,103
Mesa,204,2054,100,103
Mesa,204,2055,100,103
Mesa,204,2056,100,103
Mesa,204,2057,100,104
Mesa,204,2058,86,104
Mesa,204,2059,100,104
Mesa,204,2060,2,104
Mesa,204,2061,9,104
Mesa,204,2062,11,104
Mesa,204,2063,5,104
Mesa,204,2064,9,104
Mesa,204,2065,3,104
Mesa,204,2066,27,104
Mesa,204,2067,85,104
Mesa,204,2068,100,104
Mesa,204,2069,59,104
Mesa,204,2070,100,104
Mesa,204,2071,100,104
Mesa,204,2072,99,104
Mesa,204,2073,6,104
Mesa,204,2074,78,104
Mesa,204,2075,55,104
Mesa,204,2076,100,104
Mesa,204,2077,100,104
Mesa,204,2078,100,104
Mesa,204,2079,68,104
Mesa,204,2080,100,104
Mesa,204,2081,100,105
Mesa,204,2082,100,105
Mesa,204,2083,100,105
Mesa,204,2084,100,105
Mesa,204,2085,100,105
Mesa,204,2086,100,105
Mesa,204,2087,100,105
Mesa,204,2088,100,105
Mesa,204,2089,100,105
Mesa,204,2090,99,105
Mesa,204,2091,33,105
Mesa,204,2092,100,105
Mesa,204,2093,99,105
Mesa,204,2094,99,105
Mesa,204,2095,100,105
Mesa,204,2096,98,105
Mesa,204,2097,42,106
Mesa,204,2098,100,106
Mesa,204,2099,100,106
Mesa,204,2100,100,106
Mesa,204,2101,65,106
Mesa,204,2102,100,106
Mesa,204,2103,41,106
Mesa,204,2104,42,106
Mesa,204,2105,100,106
Mesa,204,2106,100,106
Mesa,204,2107,27,106
Mesa,204,2108,99,106
Mesa,204,2109,100,106
Mesa,204,2110,91,106
Mesa,204,2111,100,106
Mesa,204,2112,91,106
Mesa,204,2113,8,106
Mesa,204,2114,98,106
Mesa,204,2115,99,106
Mesa,204,2116,100,107
Mesa,204,2117,99,107
Mesa,204,2118,99,107
Mesa,204,2119,100,107
Mesa,204,2120,100,107
Mesa,204,2121,100,107
Mesa,204,2122,100,107
Mesa,204,2123,99,107
Mesa,204,2124,28,107
Mesa,204,2125,100,107
Mesa,204,2126,100,107
Mesa,204,2127,83,107
Mesa,204,2128,100,107
Mesa,204,2129,53,107
Mesa,204,2130,100,107
Mesa,204,2131,100,107
Mesa,204,2132,98,108
Mesa,204,2133,99,108
Mesa,204,2134,100,108
Mesa,204,2135,6,108
Mesa,204,2136,6,108
Mesa,204,2137,100,108
Mesa,204,2138,100,108
Mesa,204,2139,100,108
Mesa,204,2140,23,108
Mesa,204,2141,100,108
Mesa,204,2142,100,108
Mesa,204,2143,99,108
Mesa,204,2144,100,108
Mesa,204,2145,100,108
Mesa,204,2146,99,108
Mesa,204,2147,100,108
Mesa,204,2148,100,108
Mesa,204,2149,100,109
Mesa,204,2150,100,109
Mesa,204,2151,90,109
Mesa,204,2152,100,109
Mesa,204,2153,100,109
Mesa,204,2154,100,109
Mesa,204,2155,100,109
Mesa,204,2156,100,109
Mesa,204,2157,100,109
Mesa,204,2158,100,109
Mesa,204,2159,100,109
Mesa,204,2160,99,109
Mesa,204,2161,98,109
Mesa,204,2162,99,109
Mesa,204,2163,100,109
Mesa,204,2164,99,110
Mesa,204,2165,100,110
Mesa,204,2166,100,110
Mesa,204,2167,100,110
Mesa,204,2168,100,110
Mesa,204,2169,11,110
Mesa,204,2170,100,110
Mesa,204,2171,100,110
Mesa,204,2172,100,110
Mesa,204,2173,81,110
Mesa,204,2174,99,110
Mesa,204,2175,100,110
Mesa,204,2176,100,110
Mesa,204,2177,99,110
Mesa,204,2178,31,110
Mesa,204,2179,100,110
Mesa,204,2180,100,111
Mesa,204,2181,100,111
Mesa,204,2182,100,111
Mesa,204,2183,48,111
Mesa,204,2184,100,111
Mesa,204,2185,100,111
Mesa,204,2186,100,111
Mesa,204,2187,100,111
Mesa,204,2188,99,111
Mesa,204,2189,100,111
Mesa,204,2190,100,111
Mesa,204,2191,100,111
Mesa,204,2192,100,111
Mesa,204,2193,99,111
Mesa,204,2194,100,111
Mesa,204,2195,100,112
Mesa,204,2196,100,112
Mesa,204,2197,12,112
Mesa,204,2198,15,112
Mesa,204,2199,99,112
Mesa,204,2200,100,112
Mesa,204,2201,99,112
Mesa,204,2202,63,112
Mesa,204,2203,98,112
Mesa,204,2204,99,112
Mesa,204,2205,98,112
Mesa,204,2206,100,112
Mesa,204,2207,100,112
Mesa,204,2208,100,112
Mesa,204,2209,100,112
Mesa,204,2210,59,112
Mesa,204,2211,100,112
Mesa,204,2212,99,113
Mesa,204,2213,99,113
Mesa,204,2214,28,113
Mesa,204,2215,91,113
Mesa,204,2216,98,113
Mesa,204,2217,99,113
Mesa,204,2218,100,113
Mesa,204,2219,100,113
Mesa,204,2220,99,113
Mesa,204,2221,100,113
Mesa,204,2222,100,113
Mesa,204,2223,100,113
Mesa,204,2224,100,113
Mesa,204,2225,100,113
Mesa,204,2226,100,113
Mesa,204,2227,57,113
Mesa,204,2228,98,114
Mesa,204,2229,100,114
Mesa,204,2230,32,114
Mesa,204,2231,100,114
Mesa,204,2232,100,114
Mesa,204,2233,63,114
Mesa,204,2234,100,114
Mesa,204,2235,73,114
Mesa,204,2236,100,114
Mesa,204,2237,99,114
Mesa,204,2238,99,114
Mesa,204,2239,100,114
Mesa,204,2240,72,114
Mesa,204,2241,99,114
Mesa,204,2242,59,114
Mesa,204,2243,100,114
Mesa,204,2244,100,115
Mesa,204,2245,100,115
Mesa,204,2246,100,115
Mesa,204,2247,99,115
Mesa,204,2248,100,115
Mesa,204,2249,100,115
Mesa,204,2250,99,115
Mesa,204,2251,100,115
Mesa,204,2252,3,115
Mesa,204,2253,100,115
Mesa,204,2254,73,115
Mesa,204,2255,100,115
Mesa,204,2256,100,115
Mesa,204,2257,100,115
Mesa,204,2258,58,115
Mesa,204,2259,100,116
Mesa,204,2260,100,116
Mesa,204,2261,100,116
Mesa,204,2262,14,116
Mesa,204,2263,100,116
Mesa,204,2264,100,116
Mesa,204,2265,99,116
Mesa,204,2266,100,116
Mesa,204,2267,100,116
Mesa,204,2268,100,116
Mesa,204,2269,99,116
Mesa,204,2270,100,116
Mesa,204,2271,98,116
Mesa,204,2272,100,116
Mesa,204,2273,99,116
Mesa,204,2274,99,117
Mesa,204,2275,100,117
Mesa,204,2276,100,117
Mesa,204,2277,44,117
Mesa,204,2278,100,117
Mesa,204,2279,100,117
Mesa,204,2280,43,117
Mesa,204,2281,99,117
Mesa,204,2282,99,117
Mesa,204,2283,99,117
Mesa,204,2284,2,117
Mesa,204,2285,99,117
Mesa,204,2286,99,117
Mesa,204,2287,58,117
Mesa,204,2288,100,117
Mesa,204,2289,100,117
Mesa,204,2290,100,117
Mesa,204,2291,100,118
Mesa,204,2292,100,118
Mesa,204,2293,75,118
Mesa,204,2294,100,118
Mesa,204,2295,100,118
Mesa,204,2296,99,118
Mesa,204,2297,100,118
Mesa,204,2298,100,118
Mesa,204,2299,100,118
Mesa,204,2300,100,118
Mesa,204,2301,100,118
Mesa,204,2302,100,118
Mesa,204,2303,100,118
Mesa,204,2304,100,118
Mesa,204,2305,100,119
Mesa,204,2306,100,119
Mesa,204,2307,100,119
Mesa,204,2308,99,119
Mesa,204,2309,100,119
Mesa,204,2310,100,119
Mesa,204,2311,99,119
Mesa,204,2312,100,119
Mesa,204,2313,98,119
Mesa,204,2314,98,119
Mesa,204,2315,100,119
Mesa,204,2316,100,119
Mesa,204,2317,100,119
Mesa,204,2318,100,119
Mesa,204,2319,23,120
Mesa,204,2320,100,120
Mesa,204,2321,100,120
Mesa,204,2322,100,120
Mesa,204,2323,100,120
Mesa,204,2324,100,120
Mesa,204,2325,100,120
Mesa,204,2326,37,120
Mesa,204,2327,97,120
Mesa,204,2328,99,120
Mesa,204,2329,100,120
Mesa,204,2330,100,120
Mesa,204,2331,99,120
Mesa,204,2332,99,120
Mesa,204,2333,100,120
Mesa,204,2334,99,121
Mesa,204,2335,98,121
Mesa,204,2336,100,121
Mesa,204,2337,34,121
Mesa,204,2338,100,121
Mesa,204,2339,99,121
Mesa,204,2340,100,121
Mesa,204,2341,9,121
Mesa,204,2342,44,121
Mesa,204,2343,4,121
Mesa,204,2344,10,121
Mesa,204,2345,100,121
Mesa,204,2346,98,121
Mesa,204,2347,94,121
Mesa,204,2348,100,121
Mesa,204,2349,100,121
Mesa,204,2350,100,121
Mesa,204,2351,100,121
Mesa,204,2352,100,121
Mesa,204,2353,45,123
Mesa,204,2354,100,123
Mesa,204,2355,100,123
Mesa,204,2356,99,123
Mesa,204,2357,100,123
Mesa,204,2358,100,123
Mesa,204,2359,25,123
Mesa,204,2360,100,123
Mesa,204,2361,100,123
Mesa,204,2362,100,123
Mesa,204,2363,99,123
Mesa,204,2364,100,123
Mesa,204,2365,98,123
Mesa,204,2366,99,123
Mesa,204,2367,100,123
Mesa,204,2368,99,123
Mesa,204,2369,100,124
Mesa,204,2370,98,124
Mesa,204,2371,100,124
Mesa,204,2372,100,124
Mesa,204,2373,100,124
Mesa,204,2374,100,124
Mesa,204,2375,100,124
Mesa,204,2376,100,124
Mesa,204,2377,100,124
Mesa,204,2378,100,124
Mesa,204,2379,99,124
Mesa,204,2380,100,124
Mesa,204,2381,100,124
Mesa,204,2382,100,124
Mesa,204,2383,100,125
Mesa,204,2384,100,125
Mesa,204,2385,99,125
Mesa,204,2386,100,125
Mesa,204,2387,100,125
Mesa,204,2388,100,125
Mesa,204,2389,100,125
Mesa,204,2390,100,125
Mesa,204,2391,100,125
Mesa,204,2392,100,125
Mesa,204,2393,31,125
Mesa,204,2394,99,125
Mesa,204,2395,100,125
Mesa,204,2396,100,125
Mesa,204,2397,100,125
Mesa,204,2398,100,126
Mesa,204,2399,99,126
Mesa,204,2400,98,126
Mesa,204,2401,100,126
Mesa,204,2402,100,126
Mesa,204,2403,99,126
Mesa,204,2404,100,126
Mesa,204,2405,100,126
Mesa,204,2406,100,126
Mesa,204,2407,100,126
Mesa,204,2408,100,126
Mesa,204,2409,100,126
Mesa,204,2410,100,126
Mesa,204,2411,99,126
Mesa,204,2412,14,126
Mesa,204,2413,98,127
Mesa,204,2414,100,127
Mesa,204,2415,99,127
Mesa,204,2416,100,127
Mesa,204,2417,100,127
Mesa,204,2418,100,127
Mesa,204,2419,100,127
Mesa,204,2420,100,127
Mesa,204,2421,100,127
Mesa,204,2422,99,127
Mesa,204,2423,99,127
Mesa,204,2424,99,127
Mesa,204,2425,100,127
Mesa,204,2426,100,127
Mesa,204,2427,99,128
Mesa,204,2428,100,128
Mesa,204,2429,99,128
Mesa,204,2430,99,128
Mesa,204,2431,99,128
Mesa,204,2432,100,128
Mesa,204,2433,100,128
Mesa,204,2434,100,128
Mesa,204,2435,100,128
Mesa,204,2436,99,128
Mesa,204,2437,100,128
Mesa,204,2438,99,128
Mesa,204,2439,59,128
Mesa,204,2440,100,128
Mesa,204,2441,100,129
Mesa,204,2442,98,129
Mesa,204,2443,100,129
Mesa,204,2444,100,129
Mesa,204,2445,100,129
Mesa,204,2446,99,129
Mesa,204,2447,100,129
Mesa,204,2448,100,129
Mesa,204,2449,100,129
Mesa,204,2450,98,129
Mesa,204,2451,94,129
Mesa,204,2452,100,129
Mesa,204,2453,100,129
Mesa,204,2454,100,130
Mesa,204,2455,100,130
Mesa,204,2456,99,130
Mesa,204,2457,99,130
Mesa,204,2458,100,130
Mesa,204,2459,100,130
Mesa,204,2460,100,130
Mesa,204,2461,98,130
Mesa,204,2462,99,130
Mesa,204,2463,99,130
Mesa,204,2464,99,130
Mesa,204,2465,99,130
Mesa,204,2466,98,130
Mesa,204,2467,100,130
Mesa,204,2468,39,131
Mesa,204,2469,100,131
Mesa,204,2470,99,131
Mesa,204,2471,100,131
Mesa,204,2472,27,131
Mesa,204,2473,100,131
Mesa,204,2474,100,131
Mesa,204,2475,100,131
Mesa,204,2476,99,131
Mesa,204,2477,100,131
Mesa,204,2478,100,131
Mesa,204,2479,100,131
Mesa,204,2480,100,131
Mesa,204,2481,36,131
Mesa,204,2482,100,131
Mesa,204,2483,49,131
Mesa,204,2484,100,131
Mesa,204,2485,99,132
Mesa,204,2486,97,132
Mesa,204,2487,100,132
Mesa,204,2488,100,132
Mesa,204,2489,100,132
Mesa,204,2490,100,132
Mesa,204,2491,99,132
Mesa,204,2492,100,132
Mesa,204,2493,99,132
Mesa,204,2494,100,132
Mesa,204,2495,100,132
Mesa,204,2496,100,132
Mesa,204,2497,100,132
Mesa,204,2498,98,132
Mesa,204,2499,53,133
Mesa,204,2500,100,133
Mesa,204,2501,100,133
Mesa,204,2502,100,133
Mesa,204,2503,36,133
Mesa,204,2504,99,133
Mesa,204,2505,98,133
Mesa,204,2506,99,133
Mesa,204,2507,98,133
Mesa,204,2508,100,133
Mesa,204,2509,100,133
Mesa,204,2510,100,133
Mesa,204,2511,100,133
Mesa,204,2512,100,133
Mesa,204,2513,100,133
Mesa,204,2514,98,134
Mesa,204,2515,99,134
Mesa,204,2516,100,134
Mesa,204,2517,100,134
Mesa,204,2518,100,134
Mesa,204,2519,100,134
Mesa,204,2520,97,134
Mesa,204,2521,100,134
Mesa,204,2522,99,134
Mesa,204,2523,100,134
Mesa,204,2524,100,134
Mesa,204,2525,99,134
Mesa,204,2526,100,134
Mesa,204,2527,100,134
Mesa,204,2528,99,135
Mesa,204,2529,100,135
Mesa,204,2530,98,135
Mesa,204,2531,100,135
Mesa,204,2532,17,135
Mesa,204,2533,100,135
Mesa,204,2534,100,135
Mesa,204,2535,78,135
Mesa,204,2536,54,135
Mesa,204,2537,97,135
Mesa,204,2538,99,135
Mesa,204,2539,28,135
Mesa,204,2540,100,135
Mesa,204,2541,58,135
Mesa,204,2542,100,135
Mesa,204,2543,100,135
Mesa,204,2544,5,135
Mesa,204,2545,98,136
Mesa,204,2546,100,136
Mesa,204,2547,100,136
Mesa,204,2548,97,136
Mesa,204,2549,100,136
Mesa,204,2550,98,136
Mesa,204,2551,100,136
Mesa,204,2552,100,136
Mesa,204,2553,84,136
Mesa,204,2554,97,136
Mesa,204,2555,99,136
Mesa,204,2556,100,136
Mesa,204,2557,99,136
Mesa,204,2558,11,136
Mesa,204,2559,18,136
Mesa,204,2560,2,136
Mesa,204,2561,100,136
Mesa,204,2562,12,136
Mesa,204,2563,2,136
Mesa,204,2564,6,136
Mesa,204,2565,22,136
Mesa,204,2566,37,136
Mesa,204,2567,3,136
Mesa,204,2568,11,136
Mesa,204,2569,26,136
Mesa,204,2570,8,136
Mesa,101,1001,75,122
Mesa,101,1002,67,122
Mesa,101,1003,62,122
Mesa,101,1004,61,122
Mesa,101,1005,12,122
Mesa,101,1006,283,122
Mesa,101,1007,88,122
