County,Tabulator ID,Batch,# of Ballot Cards,Location,,,,,,,,,,,,,,,,
Eagle,101,1,25,1,,,,,,,,,,,,,,,,
Eagle,101,2,25,1,,,,,,,,,,,,,,,,
Eagle,101,3,25,1,,,,,,,,,,,,,,,,
Eagle,101,4,23,1,,,,,,,,,,,,,,,,
Eagle,101,5,25,1,,,,,,,,,,,,,,,,
Eagle,101,6,24,1,,,,,,,,,,,,,,,,
Eagle,101,7,25,1,,,,,,,,,,,,,,,,
Eagle,101,8,25,1,,,,,,,,,,,,,,,,
Eagle,101,9,25,1,,,,,,,,,,,,,,,,
Eagle,101,10,21,1,,,,,,,,,,,,,,,,
Eagle,101,11,25,1,,,,,,,,,,,,,,,,
Eagle,101,12,22,1,,,,,,,,,,,,,,,,
Eagle,101,13,25,1,,,,,,,,,,,,,,,,
Eagle,101,14,22,1,,,,,,,,,,,,,,,,
Eagle,101,15,25,1,,,,,,,,,,,,,,,,
Eagle,101,16,22,1,,,,,,,,,,,,,,,,
Eagle,101,17,25,1,,,,,,,,,,,,,,,,
Eagle,101,18,23,1,,,,,,,,,,,,,,,,
Eagle,101,19,23,1,,,,,,,,,,,,,,,,
Eagle,101,20,25,1,,,,,,,,,,,,,,,,
Eagle,101,21,7,1,,,,,,,,,,,,,,,,
Eagle,101,22,25,2,,,,,,,,,,,,,,,,
Eagle,101,23,25,2,,,,,,,,,,,,,,,,
Eagle,101,24,25,2,,,,,,,,,,,,,,,,
Eagle,101,25,25,2,,,,,,,,,,,,,,,,
Eagle,101,26,25,2,,,,,,,,,,,,,,,,
Eagle,101,27,25,2,,,,,,,,,,,,,,,,
Eagle,101,28,25,2,,,,,,,,,,,,,,,,
Eagle,101,29,25,2,,,,,,,,,,,,,,,,
Eagle,101,30,25,2,,,,,,,,,,,,,,,,
Eagle,101,31,25,2,,,,,,,,,,,,,,,,
Eagle,101,32,25,2,,,,,,,,,,,,,,,,
Eagle,101,33,25,2,,,,,,,,,,,,,,,,
Eagle,101,34,25,2,,,,,,,,,,,,,,,,
Eagle,101,35,25,2,,,,,,,,,,,,,,,,
Eagle,101,36,25,2,,,,,,,,,,,,,,,,
Eagle,101,37,25,2,,,,,,,,,,,,,,,,
Eagle,101,38,25,2,,,,,,,,,,,,,,,,
Eagle,101,39,25,2,,,,,,,,,,,,,,,,
Eagle,101,40,25,2,,,,,,,,,,,,,,,,
Eagle,101,41,25,2,,,,,,,,,,,,,,,,
Eagle,101,42,25,2,,,,,,,,,,,,,,,,
Eagle,101,43,25,2,,,,,,,,,,,,,,,,
Eagle,101,44,25,2,,,,,,,,,,,,,,,,
Eagle,101,45,25,2,,,,,,,,,,,,,,,,
Eagle,101,46,25,3,,,,,,,,,,,,,,,,
Eagle,101,47,25,3,,,,,,,,,,,,,,,,
Eagle,101,48,25,3,,,,,,,,,,,,,,,,
Eagle,101,49,25,3,,,,,,,,,,,,,,,,
Eagle,101,50,25,3,,,,,,,,,,,,,,,,
Eagle,101,51,25,3,,,,,,,,,,,,,,,,
Eagle,101,52,25,3,,,,,,,,,,,,,,,,
Eagle,101,53,25,3,,,,,,,,,,,,,,,,
Eagle,101,54,25,3,,,,,,,,,,,,,,,,
Eagle,101,55,25,3,,,,,,,,,,,,,,,,
Eagle,101,56,25,3,,,,,,,,,,,,,,,,
Eagle,101,57,25,3,,,,,,,,,,,,,,,,
Eagle,101,58,25,3,,,,,,,,,,,,,,,,
Eagle,101,59,25,3,,,,,,,,,,,,,,,,
Eagle,101,60,25,3,,,,,,,,,,,,,,,,
Eagle,101,61,25,3,,,,,,,,,,,,,,,,
Eagle,101,62,25,3,,,,,,,,,,,,,,,,
Eagle,101,63,25,3,,,,,,,,,,,,,,,,
Eagle,101,64,25,3,,,,,,,,,,,,,,,,
Eagle,101,65,25,3,,,,,,,,,,,,,,,,
Eagle,101,66,25,3,,,,,,,,,,,,,,,,
Eagle,101,67,25,3,,,,,,,,,,,,,,,,
Eagle,101,68,25,4,,,,,,,,,,,,,,,,
Eagle,101,69,25,4,,,,,,,,,,,,,,,,
Eagle,101,70,25,4,,,,,,,,,,,,,,,,
Eagle,101,71,25,4,,,,,,,,,,,,,,,,
Eagle,101,72,25,4,,,,,,,,,,,,,,,,
Eagle,101,73,25,4,,,,,,,,,,,,,,,,
Eagle,101,74,25,4,,,,,,,,,,,,,,,,
Eagle,101,75,25,4,,,,,,,,,,,,,,,,
Eagle,101,76,25,4,,,,,,,,,,,,,,,,
Eagle,101,77,25,4,,,,,,,,,,,,,,,,
Eagle,101,78,25,4,,,,,,,,,,,,,,,,
Eagle,101,79,25,4,,,,,,,,,,,,,,,,
Eagle,101,80,25,4,,,,,,,,,,,,,,,,
Eagle,101,81,25,4,,,,,,,,,,,,,,,,
Eagle,101,82,25,4,,,,,,,,,,,,,,,,
Eagle,101,83,25,4,,,,,,,,,,,,,,,,
Eagle,101,84,25,4,,,,,,,,,,,,,,,,
Eagle,101,85,25,4,,,,,,,,,,,,,,,,
Eagle,101,86,25,4,,,,,,,,,,,,,,,,
Eagle,101,87,25,4,,,,,,,,,,,,,,,,
Eagle,101,88,25,4,,,,,,,,,,,,,,,,
Eagle,101,89,25,5,,,,,,,,,,,,,,,,
Eagle,101,90,25,5,,,,,,,,,,,,,,,,
Eagle,101,91,25,5,,,,,,,,,,,,,,,,
Eagle,101,92,25,5,,,,,,,,,,,,,,,,
Eagle,101,93,25,5,,,,,,,,,,,,,,,,
Eagle,101,94,25,5,,,,,,,,,,,,,,,,
Eagle,101,95,25,5,,,,,,,,,,,,,,,,
Eagle,101,96,25,5,,,,,,,,,,,,,,,,
Eagle,101,97,25,5,,,,,,,,,,,,,,,,
Eagle,101,98,25,5,,,,,,,,,,,,,,,,
Eagle,101,99,25,5,,,,,,,,,,,,,,,,
Eagle,101,100,25,5,,,,,,,,,,,,,,,,
Eagle,101,101,25,5,,,,,,,,,,,,,,,,
Eagle,101,102,25,5,,,,,,,,,,,,,,,,
Eagle,101,103,25,5,,,,,,,,,,,,,,,,
Eagle,101,104,25,5,,,,,,,,,,,,,,,,
Eagle,101,105,25,5,,,,,,,,,,,,,,,,
Eagle,101,106,25,5,,,,,,,,,,,,,,,,
Eagle,101,107,25,5,,,,,,,,,,,,,,,,
Eagle,101,108,25,5,,,,,,,,,,,,,,,,
Eagle,101,109,25,5,,,,,,,,,,,,,,,,
Eagle,101,110,25,5,,,,,,,,,,,,,,,,
Eagle,101,111,25,6,,,,,,,,,,,,,,,,
Eagle,101,112,25,6,,,,,,,,,,,,,,,,
Eagle,101,113,25,6,,,,,,,,,,,,,,,,
Eagle,101,114,25,6,,,,,,,,,,,,,,,,
Eagle,101,115,25,6,,,,,,,,,,,,,,,,
Eagle,101,116,25,6,,,,,,,,,,,,,,,,
Eagle,101,117,25,6,,,,,,,,,,,,,,,,
Eagle,101,118,25,6,,,,,,,,,,,,,,,,
Eagle,101,119,25,6,,,,,,,,,,,,,,,,
Eagle,101,120,25,6,,,,,,,,,,,,,,,,
Eagle,101,121,25,6,,,,,,,,,,,,,,,,
Eagle,101,122,25,6,,,,,,,,,,,,,,,,
Eagle,101,123,25,6,,,,,,,,,,,,,,,,
Eagle,101,124,25,6,,,,,,,,,,,,,,,,
Eagle,101,125,25,6,,,,,,,,,,,,,,,,
Eagle,101,126,25,6,,,,,,,,,,,,,,,,
Eagle,101,127,25,6,,,,,,,,,,,,,,,,
Eagle,101,128,25,6,,,,,,,,,,,,,,,,
Eagle,101,129,25,6,,,,,,,,,,,,,,,,
Eagle,101,130,25,6,,,,,,,,,,,,,,,,
Eagle,101,131,25,6,,,,,,,,,,,,,,,,
Eagle,101,132,25,6,,,,,,,,,,,,,,,,
Eagle,101,133,25,7,,,,,,,,,,,,,,,,
Eagle,101,134,25,7,,,,,,,,,,,,,,,,
Eagle,101,135,25,7,,,,,,,,,,,,,,,,
Eagle,101,136,25,7,,,,,,,,,,,,,,,,
Eagle,101,137,25,7,,,,,,,,,,,,,,,,
Eagle,101,138,25,7,,,,,,,,,,,,,,,,
Eagle,101,139,25,7,,,,,,,,,,,,,,,,
Eagle,101,140,25,7,,,,,,,,,,,,,,,,
Eagle,101,141,25,7,,,,,,,,,,,,,,,,
Eagle,101,142,25,7,,,,,,,,,,,,,,,,
Eagle,101,143,25,7,,,,,,,,,,,,,,,,
Eagle,101,144,25,7,,,,,,,,,,,,,,,,
Eagle,101,145,25,7,,,,,,,,,,,,,,,,
Eagle,101,146,25,7,,,,,,,,,,,,,,,,
Eagle,101,147,25,7,,,,,,,,,,,,,,,,
Eagle,101,148,25,7,,,,,,,,,,,,,,,,
Eagle,101,149,25,7,,,,,,,,,,,,,,,,
Eagle,101,150,25,7,,,,,,,,,,,,,,,,
Eagle,101,151,25,7,,,,,,,,,,,,,,,,
Eagle,101,152,25,7,,,,,,,,,,,,,,,,
Eagle,101,153,25,7,,,,,,,,,,,,,,,,
Eagle,101,154,25,7,,,,,,,,,,,,,,,,
Eagle,101,155,11,7,,,,,,,,,,,,,,,,
Eagle,101,156,25,7,,,,,,,,,,,,,,,,
Eagle,101,157,9,7,,,,,,,,,,,,,,,,
Eagle,101,158,25,8,,,,,,,,,,,,,,,,
Eagle,101,159,25,8,,,,,,,,,,,,,,,,
Eagle,101,160,25,8,,,,,,,,,,,,,,,,
Eagle,101,161,25,8,,,,,,,,,,,,,,,,
Eagle,101,162,25,8,,,,,,,,,,,,,,,,
Eagle,101,163,25,8,,,,,,,,,,,,,,,,
Eagle,101,164,25,8,,,,,,,,,,,,,,,,
Eagle,101,165,25,8,,,,,,,,,,,,,,,,
Eagle,101,166,25,8,,,,,,,,,,,,,,,,
Eagle,101,167,25,8,,,,,,,,,,,,,,,,
Eagle,101,168,25,8,,,,,,,,,,,,,,,,
Eagle,101,169,25,8,,,,,,,,,,,,,,,,
Eagle,101,170,25,8,,,,,,,,,,,,,,,,
Eagle,101,171,25,8,,,,,,,,,,,,,,,,
Eagle,101,172,25,8,,,,,,,,,,,,,,,,
Eagle,101,173,25,8,,,,,,,,,,,,,,,,
Eagle,101,174,25,8,,,,,,,,,,,,,,,,
Eagle,101,175,25,8,,,,,,,,,,,,,,,,
Eagle,101,176,25,8,,,,,,,,,,,,,,,,
Eagle,101,177,25,8,,,,,,,,,,,,,,,,
Eagle,101,178,25,8,,,,,,,,,,,,,,,,
Eagle,101,179,25,9,,,,,,,,,,,,,,,,
Eagle,101,180,25,9,,,,,,,,,,,,,,,,
Eagle,101,181,25,9,,,,,,,,,,,,,,,,
Eagle,101,182,25,9,,,,,,,,,,,,,,,,
Eagle,101,183,25,9,,,,,,,,,,,,,,,,
Eagle,101,184,25,9,,,,,,,,,,,,,,,,
Eagle,101,185,25,9,,,,,,,,,,,,,,,,
Eagle,101,186,25,9,,,,,,,,,,,,,,,,
Eagle,101,187,25,9,,,,,,,,,,,,,,,,
Eagle,101,188,25,9,,,,,,,,,,,,,,,,
Eagle,101,189,25,9,,,,,,,,,,,,,,,,
Eagle,101,190,25,9,,,,,,,,,,,,,,,,
Eagle,101,191,25,9,,,,,,,,,,,,,,,,
Eagle,101,192,25,9,,,,,,,,,,,,,,,,
Eagle,101,193,25,9,,,,,,,,,,,,,,,,
Eagle,101,194,25,9,,,,,,,,,,,,,,,,
Eagle,101,195,25,9,,,,,,,,,,,,,,,,
Eagle,101,196,25,9,,,,,,,,,,,,,,,,
Eagle,101,197,25,9,,,,,,,,,,,,,,,,
Eagle,101,198,25,9,,,,,,,,,,,,,,,,
Eagle,101,199,25,9,,,,,,,,,,,,,,,,
Eagle,101,200,25,9,,,,,,,,,,,,,,,,
Eagle,101,201,25,10,,,,,,,,,,,,,,,,
Eagle,101,202,25,10,,,,,,,,,,,,,,,,
Eagle,101,203,25,10,,,,,,,,,,,,,,,,
Eagle,101,204,25,10,,,,,,,,,,,,,,,,
Eagle,101,205,25,10,,,,,,,,,,,,,,,,
Eagle,101,206,25,10,,,,,,,,,,,,,,,,
Eagle,101,207,25,10,,,,,,,,,,,,,,,,
Eagle,101,208,25,10,,,,,,,,,,,,,,,,
Eagle,101,209,25,10,,,,,,,,,,,,,,,,
Eagle,101,210,25,10,,,,,,,,,,,,,,,,
Eagle,101,211,25,10,,,,,,,,,,,,,,,,
Eagle,101,212,25,10,,,,,,,,,,,,,,,,
Eagle,101,213,25,10,,,,,,,,,,,,,,,,
Eagle,101,214,25,10,,,,,,,,,,,,,,,,
Eagle,101,215,25,10,,,,,,,,,,,,,,,,
Eagle,101,216,25,10,,,,,,,,,,,,,,,,
Eagle,101,217,25,10,,,,,,,,,,,,,,,,
Eagle,101,218,25,10,,,,,,,,,,,,,,,,
Eagle,101,219,25,10,,,,,,,,,,,,,,,,
Eagle,101,220,25,10,,,,,,,,,,,,,,,,
Eagle,101,221,25,10,,,,,,,,,,,,,,,,
Eagle,101,222,25,10,,,,,,,,,,,,,,,,
Eagle,101,223,25,11,,,,,,,,,,,,,,,,
Eagle,101,224,25,11,,,,,,,,,,,,,,,,
Eagle,101,225,25,11,,,,,,,,,,,,,,,,
Eagle,101,226,25,11,,,,,,,,,,,,,,,,
Eagle,101,227,25,11,,,,,,,,,,,,,,,,
Eagle,101,228,25,11,,,,,,,,,,,,,,,,
Eagle,101,229,25,11,,,,,,,,,,,,,,,,
Eagle,101,230,25,11,,,,,,,,,,,,,,,,
Eagle,101,231,25,11,,,,,,,,,,,,,,,,
Eagle,101,232,25,11,,,,,,,,,,,,,,,,
Eagle,101,233,25,11,,,,,,,,,,,,,,,,
Eagle,101,234,25,11,,,,,,,,,,,,,,,,
Eagle,101,235,25,11,,,,,,,,,,,,,,,,
Eagle,101,236,25,11,,,,,,,,,,,,,,,,
Eagle,101,237,25,11,,,,,,,,,,,,,,,,
Eagle,101,238,25,11,,,,,,,,,,,,,,,,
Eagle,101,239,25,11,,,,,,,,,,,,,,,,
Eagle,101,240,25,11,,,,,,,,,,,,,,,,
Eagle,101,241,25,11,,,,,,,,,,,,,,,,
Eagle,101,242,25,11,,,,,,,,,,,,,,,,
Eagle,101,243,25,11,,,,,,,,,,,,,,,,
Eagle,101,244,25,12,,,,,,,,,,,,,,,,
Eagle,101,245,25,12,,,,,,,,,,,,,,,,
Eagle,101,246,25,12,,,,,,,,,,,,,,,,
Eagle,101,247,25,12,,,,,,,,,,,,,,,,
Eagle,101,248,25,12,,,,,,,,,,,,,,,,
Eagle,101,249,25,12,,,,,,,,,,,,,,,,
Eagle,101,250,25,12,,,,,,,,,,,,,,,,
Eagle,101,251,25,12,,,,,,,,,,,,,,,,
Eagle,101,252,25,12,,,,,,,,,,,,,,,,
Eagle,101,253,25,12,,,,,,,,,,,,,,,,
Eagle,101,254,25,12,,,,,,,,,,,,,,,,
Eagle,101,255,25,12,,,,,,,,,,,,,,,,
Eagle,101,256,25,12,,,,,,,,,,,,,,,,
Eagle,101,257,25,12,,,,,,,,,,,,,,,,
Eagle,101,258,25,12,,,,,,,,,,,,,,,,
Eagle,101,259,25,12,,,,,,,,,,,,,,,,
Eagle,101,260,25,12,,,,,,,,,,,,,,,,
Eagle,101,261,25,12,,,,,,,,,,,,,,,,
Eagle,101,262,12,13,,,,,,,,,,,,,,,,
Eagle,101,263,25,13,,,,,,,,,,,,,,,,
Eagle,101,264,25,13,,,,,,,,,,,,,,,,
Eagle,101,265,25,13,,,,,,,,,,,,,,,,
Eagle,101,266,25,13,,,,,,,,,,,,,,,,
Eagle,101,267,25,13,,,,,,,,,,,,,,,,
Eagle,101,268,25,13,,,,,,,,,,,,,,,,
Eagle,101,269,25,13,,,,,,,,,,,,,,,,
Eagle,101,270,25,13,,,,,,,,,,,,,,,,
Eagle,101,271,25,13,,,,,,,,,,,,,,,,
Eagle,101,272,25,13,,,,,,,,,,,,,,,,
Eagle,101,273,25,13,,,,,,,,,,,,,,,,
Eagle,101,274,25,13,,,,,,,,,,,,,,,,
Eagle,101,275,25,13,,,,,,,,,,,,,,,,
Eagle,101,276,25,13,,,,,,,,,,,,,,,,
Eagle,101,277,25,13,,,,,,,,,,,,,,,,
Eagle,101,278,25,13,,,,,,,,,,,,,,,,
Eagle,101,279,25,13,,,,,,,,,,,,,,,,
Eagle,101,280,25,13,,,,,,,,,,,,,,,,
Eagle,101,281,25,13,,,,,,,,,,,,,,,,
Eagle,101,282,25,13,,,,,,,,,,,,,,,,
Eagle,101,283,25,13,,,,,,,,,,,,,,,,
Eagle,101,284,25,13,,,,,,,,,,,,,,,,
Eagle,101,285,25,13,,,,,,,,,,,,,,,,
Eagle,101,286,25,14,,,,,,,,,,,,,,,,
Eagle,101,287,25,14,,,,,,,,,,,,,,,,
Eagle,101,288,25,14,,,,,,,,,,,,,,,,
Eagle,101,289,25,14,,,,,,,,,,,,,,,,
Eagle,101,290,25,14,,,,,,,,,,,,,,,,
Eagle,101,291,25,14,,,,,,,,,,,,,,,,
Eagle,101,292,25,14,,,,,,,,,,,,,,,,
Eagle,101,293,25,14,,,,,,,,,,,,,,,,
Eagle,101,294,25,14,,,,,,,,,,,,,,,,
Eagle,101,295,25,14,,,,,,,,,,,,,,,,
Eagle,101,296,25,14,,,,,,,,,,,,,,,,
Eagle,101,297,25,14,,,,,,,,,,,,,,,,
Eagle,101,298,25,14,,,,,,,,,,,,,,,,
Eagle,101,299,25,14,,,,,,,,,,,,,,,,
Eagle,101,300,25,14,,,,,,,,,,,,,,,,
Eagle,101,301,25,14,,,,,,,,,,,,,,,,
Eagle,101,302,25,14,,,,,,,,,,,,,,,,
Eagle,101,303,17,14,,,,,,,,,,,,,,,,
Eagle,101,304,18,14,,,,,,,,,,,,,,,,
Eagle,101,305,25,15,,,,,,,,,,,,,,,,
Eagle,101,306,25,15,,,,,,,,,,,,,,,,
Eagle,101,307,25,15,,,,,,,,,,,,,,,,
Eagle,101,308,25,15,,,,,,,,,,,,,,,,
Eagle,101,309,25,15,,,,,,,,,,,,,,,,
Eagle,101,310,25,15,,,,,,,,,,,,,,,,
Eagle,101,311,25,15,,,,,,,,,,,,,,,,
Eagle,101,312,25,15,,,,,,,,,,,,,,,,
Eagle,101,313,25,15,,,,,,,,,,,,,,,,
Eagle,101,314,25,15,,,,,,,,,,,,,,,,
Eagle,101,315,25,15,,,,,,,,,,,,,,,,
Eagle,101,316,25,15,,,,,,,,,,,,,,,,
Eagle,101,317,25,15,,,,,,,,,,,,,,,,
Eagle,101,318,25,15,,,,,,,,,,,,,,,,
Eagle,101,319,25,15,,,,,,,,,,,,,,,,
Eagle,101,320,25,15,,,,,,,,,,,,,,,,
Eagle,101,321,25,15,,,,,,,,,,,,,,,,
Eagle,101,322,25,15,,,,,,,,,,,,,,,,
Eagle,101,323,25,15,,,,,,,,,,,,,,,,
Eagle,101,324,25,15,,,,,,,,,,,,,,,,
Eagle,101,325,25,15,,,,,,,,,,,,,,,,
Eagle,101,326,25,16,,,,,,,,,,,,,,,,
Eagle,101,327,25,16,,,,,,,,,,,,,,,,
Eagle,101,328,25,16,,,,,,,,,,,,,,,,
Eagle,101,329,25,16,,,,,,,,,,,,,,,,
Eagle,101,330,25,16,,,,,,,,,,,,,,,,
Eagle,101,331,25,16,,,,,,,,,,,,,,,,
Eagle,101,332,25,16,,,,,,,,,,,,,,,,
Eagle,101,333,25,16,,,,,,,,,,,,,,,,
Eagle,101,334,25,16,,,,,,,,,,,,,,,,
Eagle,101,335,25,16,,,,,,,,,,,,,,,,
Eagle,101,336,25,16,,,,,,,,,,,,,,,,
Eagle,101,337,25,16,,,,,,,,,,,,,,,,
Eagle,101,338,25,16,,,,,,,,,,,,,,,,
Eagle,101,339,25,16,,,,,,,,,,,,,,,,
Eagle,101,340,25,16,,,,,,,,,,,,,,,,
Eagle,101,341,25,16,,,,,,,,,,,,,,,,
Eagle,101,342,25,16,,,,,,,,,,,,,,,,
Eagle,101,343,25,16,,,,,,,,,,,,,,,,
Eagle,101,344,25,16,,,,,,,,,,,,,,,,
Eagle,101,345,25,16,,,,,,,,,,,,,,,,
Eagle,101,346,25,16,,,,,,,,,,,,,,,,
Eagle,101,347,25,16,,,,,,,,,,,,,,,,
Eagle,101,348,25,16,,,,,,,,,,,,,,,,
Eagle,101,349,25,16,,,,,,,,,,,,,,,,
Eagle,101,350,25,17,,,,,,,,,,,,,,,,
Eagle,101,351,25,17,,,,,,,,,,,,,,,,
Eagle,101,352,25,17,,,,,,,,,,,,,,,,
Eagle,101,353,25,17,,,,,,,,,,,,,,,,
Eagle,101,354,25,17,,,,,,,,,,,,,,,,
Eagle,101,355,25,17,,,,,,,,,,,,,,,,
Eagle,101,356,25,17,,,,,,,,,,,,,,,,
Eagle,101,357,25,17,,,,,,,,,,,,,,,,
Eagle,101,358,25,17,,,,,,,,,,,,,,,,
Eagle,101,359,25,17,,,,,,,,,,,,,,,,
Eagle,101,360,25,17,,,,,,,,,,,,,,,,
Eagle,101,361,25,17,,,,,,,,,,,,,,,,
Eagle,101,362,25,17,,,,,,,,,,,,,,,,
Eagle,101,363,20,17,,,,,,,,,,,,,,,,
Eagle,101,364,25,17,,,,,,,,,,,,,,,,
Eagle,101,365,25,17,,,,,,,,,,,,,,,,
Eagle,101,366,25,17,,,,,,,,,,,,,,,,
Eagle,101,367,25,17,,,,,,,,,,,,,,,,
Eagle,101,368,25,17,,,,,,,,,,,,,,,,
Eagle,101,369,25,17,,,,,,,,,,,,,,,,
Eagle,101,370,25,17,,,,,,,,,,,,,,,,
Eagle,101,371,25,17,,,,,,,,,,,,,,,,
Eagle,101,372,25,17,,,,,,,,,,,,,,,,
Eagle,101,373,25,18,,,,,,,,,,,,,,,,
Eagle,101,374,25,18,,,,,,,,,,,,,,,,
Eagle,101,375,25,18,,,,,,,,,,,,,,,,
Eagle,101,376,12,18,,,,,,,,,,,,,,,,
Eagle,101,377,20,18,,,,,,,,,,,,,,,,
Eagle,101,378,25,18,,,,,,,,,,,,,,,,
Eagle,101,379,25,18,,,,,,,,,,,,,,,,
Eagle,101,380,25,18,,,,,,,,,,,,,,,,
Eagle,101,381,25,18,,,,,,,,,,,,,,,,
Eagle,101,382,25,18,,,,,,,,,,,,,,,,
Eagle,101,383,25,18,,,,,,,,,,,,,,,,
Eagle,101,384,25,18,,,,,,,,,,,,,,,,
Eagle,101,385,25,18,,,,,,,,,,,,,,,,
Eagle,101,386,25,18,,,,,,,,,,,,,,,,
Eagle,101,387,25,18,,,,,,,,,,,,,,,,
Eagle,101,388,25,18,,,,,,,,,,,,,,,,
Eagle,101,389,25,18,,,,,,,,,,,,,,,,
Eagle,101,390,25,18,,,,,,,,,,,,,,,,
Eagle,101,391,25,18,,,,,,,,,,,,,,,,
Eagle,101,392,25,18,,,,,,,,,,,,,,,,
Eagle,101,393,25,18,,,,,,,,,,,,,,,,
Eagle,101,394,25,18,,,,,,,,,,,,,,,,
Eagle,101,395,25,18,,,,,,,,,,,,,,,,
Eagle,101,396,25,19,,,,,,,,,,,,,,,,
Eagle,101,397,25,19,,,,,,,,,,,,,,,,
Eagle,101,398,25,19,,,,,,,,,,,,,,,,
Eagle,101,399,25,19,,,,,,,,,,,,,,,,
Eagle,101,400,25,19,,,,,,,,,,,,,,,,
Eagle,101,401,25,19,,,,,,,,,,,,,,,,
Eagle,101,402,25,19,,,,,,,,,,,,,,,,
Eagle,101,403,25,19,,,,,,,,,,,,,,,,
Eagle,101,404,25,19,,,,,,,,,,,,,,,,
Eagle,101,405,25,19,,,,,,,,,,,,,,,,
Eagle,101,406,25,19,,,,,,,,,,,,,,,,
Eagle,101,407,25,19,,,,,,,,,,,,,,,,
Eagle,101,408,25,19,,,,,,,,,,,,,,,,
Eagle,101,409,25,19,,,,,,,,,,,,,,,,
Eagle,101,410,25,19,,,,,,,,,,,,,,,,
Eagle,101,411,25,19,,,,,,,,,,,,,,,,
Eagle,101,412,25,19,,,,,,,,,,,,,,,,
Eagle,101,413,25,19,,,,,,,,,,,,,,,,
Eagle,101,414,25,19,,,,,,,,,,,,,,,,
Eagle,101,415,25,19,,,,,,,,,,,,,,,,
Eagle,101,416,25,19,,,,,,,,,,,,,,,,
Eagle,101,417,25,19,,,,,,,,,,,,,,,,
Eagle,101,418,25,20,,,,,,,,,,,,,,,,
Eagle,101,419,25,20,,,,,,,,,,,,,,,,
Eagle,101,420,25,20,,,,,,,,,,,,,,,,
Eagle,101,421,25,20,,,,,,,,,,,,,,,,
Eagle,101,422,25,20,,,,,,,,,,,,,,,,
Eagle,101,423,25,20,,,,,,,,,,,,,,,,
Eagle,101,424,25,20,,,,,,,,,,,,,,,,
Eagle,101,425,25,20,,,,,,,,,,,,,,,,
Eagle,101,426,25,20,,,,,,,,,,,,,,,,
Eagle,101,427,25,20,,,,,,,,,,,,,,,,
Eagle,101,428,25,20,,,,,,,,,,,,,,,,
Eagle,101,429,25,20,,,,,,,,,,,,,,,,
Eagle,101,430,25,20,,,,,,,,,,,,,,,,
Eagle,101,431,25,20,,,,,,,,,,,,,,,,
Eagle,101,432,25,20,,,,,,,,,,,,,,,,
Eagle,101,433,25,20,,,,,,,,,,,,,,,,
Eagle,101,434,25,20,,,,,,,,,,,,,,,,
Eagle,101,435,25,20,,,,,,,,,,,,,,,,
Eagle,101,436,25,20,,,,,,,,,,,,,,,,
Eagle,101,437,25,20,,,,,,,,,,,,,,,,
Eagle,101,438,25,20,,,,,,,,,,,,,,,,
Eagle,101,439,25,20,,,,,,,,,,,,,,,,
Eagle,101,440,25,20,,,,,,,,,,,,,,,,
Eagle,101,441,25,20,,,,,,,,,,,,,,,,
Eagle,101,442,25,20,,,,,,,,,,,,,,,,
Eagle,101,443,25,20,,,,,,,,,,,,,,,,
Eagle,101,444,25,20,,,,,,,,,,,,,,,,
Eagle,101,445,25,20,,,,,,,,,,,,,,,,
Eagle,101,446,25,20,,,,,,,,,,,,,,,,
Eagle,101,447,14,20,,,,,,,,,,,,,,,,
Eagle,101,448,25,21,,,,,,,,,,,,,,,,
Eagle,101,449,25,21,,,,,,,,,,,,,,,,
Eagle,101,450,25,21,,,,,,,,,,,,,,,,
Eagle,101,451,26,21,,,,,,,,,,,,,,,,
Eagle,101,452,25,21,,,,,,,,,,,,,,,,
Eagle,101,453,25,21,,,,,,,,,,,,,,,,
Eagle,101,454,12,21,,,,,,,,,,,,,,,,
Eagle,101,455,24,21,,,,,,,,,,,,,,,,
Eagle,101,456,5,21,,,,,,,,,,,,,,,,
