name,filename,type,approx_count,size,status,timestamp,computed_hash,submitted_hash
Jackson,CVR_Export_20240305192033.csv,manifest,530,78087,FAILED,2024-03-13 11:05:30.45305,F8E77ABFD02C13AA1ACA36AD344BD84F72EEC21E0C240838B080903CA2FB4F92,F8E77ABFD02C13AA1ACA36AD344BD84F72EEC21E0C240838B080903CA2FB4F92
San Miguel,CVR_Export_20240314121715.csv,manifest,2033,288071,FAILED,2024-03-14 15:42:18.072882,901E365525B69770BC7D69EEC3910DDABBEA20B5E4A2CA2CC75B25981B075E21,901E365525B69770BC7D69EEC3910DDABBEA20B5E4A2CA2CC75B25981B075E21
Kiowa,Presidential Primary Ballot Manifest.csv,manifest,23,551,HASH_MISMATCH,2024-03-13 12:26:42.013655,DFB1ED44822913DC8465F899BB5E63FC0320D5DB01B02739D02ED71194DAFB07,""
Kiowa,Modified_CVR_Export_20240311131015.csv,manifest,541,37032,HASH_MISMATCH,2024-03-13 12:26:55.216771,70484753119C7E953D0031BCEA59038FD0FA299CAB0247DDE4EEA4EC29CD9B24,""
Kiowa,Presidential Primary Ballot Manifest.csv,manifest,23,551,HASH_MISMATCH,2024-03-13 12:27:41.002836,DFB1ED44822913DC8465F899BB5E63FC0320D5DB01B02739D02ED71194DAFB07,""
Kiowa,Modified_CVR_Export_20240311131015.csv,manifest,541,37032,HASH_MISMATCH,2024-03-13 12:28:12.817338,70484753119C7E953D0031BCEA59038FD0FA299CAB0247DDE4EEA4EC29CD9B24,""
Kiowa,Balllot Manifest.csv,manifest,23,551,HASH_MISMATCH,2024-03-13 12:37:24.408524,DFB1ED44822913DC8465F899BB5E63FC0320D5DB01B02739D02ED71194DAFB07,""
Kiowa,Modified_CVR_Export_20240311131015.csv,manifest,541,37032,HASH_MISMATCH,2024-03-13 12:37:57.464626,70484753119C7E953D0031BCEA59038FD0FA299CAB0247DDE4EEA4EC29CD9B24,""
Teller,2024 Pres Primary.csv,manifest,371,9193,HASH_MISMATCH,2024-03-13 14:03:26.260737,67E5B524A289E42DDA19E1A6BBCE6EA91F866CF1F4A446ADC4D1ECD4896C712C,2947169634F91B89D4746015BAA199706027884A44A15D767030E3CF94FBC1AC
Teller,CVR_Export_20240313122353.csv,manifest,9249,1391876,HASH_MISMATCH,2024-03-13 14:08:52.75729,0524387FB013965B3C7707AB687AB84BE87517EF43E55ED6ABEEA7D859EE5521,988073C0ACFBBF638848CBFE12DB5E69387DCA3CF037DCDDDC566323DC7A427C
Broomfield,Broomfield_Ballot Manifest_2024 Presidential Primary.xlsx,manifest,1735,80095,HASH_MISMATCH,2024-03-13 16:40:35.07619,87B2EC71FB3539523C5BD3AB3AB7940458BF57BA6535BDE3CE0A2800E4497CC4,77448442BA383693E65BD22F380ABD39C40159CA64BFD1CC8413926F6D080976
Huerfano,Huerfano.ods,manifest,53,6220,HASH_MISMATCH,2024-03-13 18:52:07.24988,B959D2C22CD68E3CE7BCA686AE2FB94EC9B592216356AD5C2E5732971611E6DB,""
Huerfano,Modified_CVR_Export_20240313183237.csv,manifest,2578,212133,HASH_MISMATCH,2024-03-13 18:52:09.544893,4DBB4D632CAA5C85718C9BE07B9C4510D72BCE1730161EDE85313C1A95B5299B,""
Huerfano,Huerfano.ods,manifest,53,6220,HASH_MISMATCH,2024-03-13 18:52:41.729921,B959D2C22CD68E3CE7BCA686AE2FB94EC9B592216356AD5C2E5732971611E6DB,""
La Plata,Modified_CVR_Export_20240314075940.csv,manifest,17905,1254787,HASH_MISMATCH,2024-03-14 09:01:13.232949,5C25E5E275DDDB2A06C555B052F2F2F8EB9E7C00A0FD65E9D010CD101053883A,38A694D58176C9B0A6854209A76C5057E07609EE210CFFE1006D1B85C1A32174
Moffat,Ballot Manifest.csv,manifest,144,4658,HASH_MISMATCH,2024-03-14 09:01:49.685565,B190D309F6CB1F6CB5BCA575B3C767C1BA7079E19E2CBF53E80B5E64ED70E86A,42B71269F1B5F760FEE42F6FDA296CC8B349121FE17BC84A9DC6345AE346E932
La Plata,Modified_CVR_Export_20240314075940.csv,manifest,17905,1254787,HASH_MISMATCH,2024-03-14 09:03:01.985212,5C25E5E275DDDB2A06C555B052F2F2F8EB9E7C00A0FD65E9D010CD101053883A,38A694D58176C9B0A6854209A76C5057E07609EE210CFFE1006D1B85C1A32174
Dolores,Presidential Primary 2024 Ballot Manifest.csv,manifest,34,1101,HASH_MISMATCH,2024-03-14 09:23:55.434786,82C1A1CCF4A41380B688818D896E342A1F433E2F6CB8F7C38165334BB246A9D0,CF8A791F4D6BC367E777DF9187409D9E440AA6AAA2579B6D1BBC8671A4C21324
Dolores,CVR_Export_20240314085326.zip,manifest,77,14260,HASH_MISMATCH,2024-03-14 09:24:53.230331,88CE864AD19801D988C32C47C2C2A02D339B427D658AB7249B522E1B97B57F31,B4CF5C18F2AD5EBB7E659828860664E642B637BB29C26C141B168D6C3EF5B454
Dolores,CVR_Export_20240314092319.csv,manifest,827,56217,HASH_MISMATCH,2024-03-14 09:30:19.605169,B23A340745F4DB7807DC7FE17A0C3A8E868C952C266BEE6EAF4AF7C6BE6F13BF,B4CF5C18F2AD5EBB7E659828860664E642B637BB29C26C141B168D6C3EF5B454
Fremont,Presidential Primary 2024 manifest.csv,manifest,579,14965,HASH_MISMATCH,2024-03-14 09:30:39.352478,6DB86962D6810DC88ACB4972C4C04E44E1004B39CAB372441A6BCC775D7F19E0,52EA089AA6E853301C28A8D14D41F62CE9F670C6
Fremont,Presidential Primary 2024 manifest.csv,manifest,579,14965,HASH_MISMATCH,2024-03-14 09:31:22.449913,6DB86962D6810DC88ACB4972C4C04E44E1004B39CAB372441A6BCC775D7F19E0,52EA089AA6E853301C28A8D14D41F62CE9F670C6
Yuma,Modified_CVR_Export.cvs.xlsx,manifest,4305,315788,HASH_MISMATCH,2024-03-14 10:04:24.310734,04DE384CA2408FF1F17B199195473B8689551701A25F43ECB50DF3AC7B557294,F51EFFB083D09A2EB3D2C1274D924887E5A0116DAD254EB4460039760AB8A9A9
Mineral,Mineral Ballot Manifest.csv,manifest,23,593,HASH_MISMATCH,2024-03-14 10:12:45.195984,A63A3979788576EE9D9BE2FFF0E72D19B5678F8BFC1D1DE7D19760184A462CE8,871B304A18E11EE67B140A6C2E3FFFF70DB06261
Phillips,CVR_Export_20240314100259.csv,manifest,1464,217963,HASH_MISMATCH,2024-03-14 10:19:14.359899,504976318745786D82EC5232AE1EC397704681B6AD353BD85143B0BBE8C5A179,08990DA88B2B9C50FD39320545EF8789C3678459F2514DA3438DF6AD7410CCDC
Chaffee,2024 Presidential Primary Ballot Manifest.csv,manifest,166,3431,HASH_MISMATCH,2024-03-14 12:07:22.874914,B16032F36680B51E4B084B3B1B775B10F7A1BCB4135F5E80177167688F3C8420,E74B126593830038F83351DF362F331DB460D4213BAD2B822FC072D17F07EA3B
Ouray,Modified_CVR_Export_20240314114059.csv,manifest,2343,158750,HASH_MISMATCH,2024-03-14 12:32:46.268018,18D6AB88ABCE6FED68259BF8A63423B91417D3E411D4BA247D41396AFD66F6CC,CFTYNE5745645646425642562456242456BRTHERTHN UET
Logan,2024 Pres Primary  Logan Manifest.csv,manifest,266,5321,HASH_MISMATCH,2024-03-14 13:27:11.808171,E987920A4B83305FCB589852125EABB3D7F8AF4D96046B04B6023405D892983E,""
Pueblo,BallotManifest_2024 Presidential Primary_Pueblo.csv,manifest,1000,36826,HASH_MISMATCH,2024-03-14 14:59:47.372995,A9134C36A17BA64F7FABACE939B8EAE9AD7EC94FC1FEAEB389F3BD60DE4BD99C,F69FDC2C8C9F089E412826A15231E845F6E802D0
Pueblo,BallotManifest_2024 Presidential Primary_Pueblo.csv,manifest,1000,36826,HASH_MISMATCH,2024-03-14 15:00:02.584519,A9134C36A17BA64F7FABACE939B8EAE9AD7EC94FC1FEAEB389F3BD60DE4BD99C,F69FDC2C8C9F089E412826A15231E845F6E802D0
Pueblo,BallotManifest_2024 Presidential Primary_Pueblo.csv,manifest,1000,36826,HASH_MISMATCH,2024-03-14 15:00:55.701637,A9134C36A17BA64F7FABACE939B8EAE9AD7EC94FC1FEAEB389F3BD60DE4BD99C,F69FDC2C8C9F089E412826A15231E845F6E802D0
Pueblo,CVR_Export_20240314144457_Modified.csv,manifest,40559,2854860,HASH_MISMATCH,2024-03-14 15:01:37.630579,ABCFA2E3A16F4E8E78EC018B254FD0F5C51B3846C71E5C7635F4FA7AD253CD83,E05A44DC420BC56783FDBF50904570A988C9EF48
Grand,Modified CVR_Export_20240315103139.csv,manifest,4849,322401,HASH_MISMATCH,2024-03-15 12:56:17.353701,E91CA61A0D660E223B3235CCC515252879AB5255787770AC602EE3566B09E08B,E4EA398A6E1B7959826409DEA6F43665E06C3AA25EEAE44A5066D1C92672DB94
Park,2024 LAT Park County Ballot Manifest.csv,manifest,8,236,HASH_MISMATCH,2024-03-15 15:04:31.890665,477F01DB0B6A67FD483CE4D54ADBCDFF295CFC9DD0C3D9EA3CE470A82608282F,8B164A756FE4BA0F58398FB21353DF266BE1598BC0732CC5C05D649083ED157C
Broomfield,Broomfield_Ballot Manifest_2024 Presidential Primary.xlsx,manifest,1735,80095,HASH_VERIFIED,2024-03-13 16:37:19.326505,87B2EC71FB3539523C5BD3AB3AB7940458BF57BA6535BDE3CE0A2800E4497CC4,87B2EC71FB3539523C5BD3AB3AB7940458BF57BA6535BDE3CE0A2800E4497CC4
Broomfield,Broomfield_Ballot Manifest_2024 Presidential Primary.xlsx,manifest,1735,80095,HASH_VERIFIED,2024-03-13 16:39:25.157774,87B2EC71FB3539523C5BD3AB3AB7940458BF57BA6535BDE3CE0A2800E4497CC4,87B2EC71FB3539523C5BD3AB3AB7940458BF57BA6535BDE3CE0A2800E4497CC4
Huerfano,Huerfano.ods,manifest,53,6220,HASH_VERIFIED,2024-03-13 18:53:02.15514,B959D2C22CD68E3CE7BCA686AE2FB94EC9B592216356AD5C2E5732971611E6DB,B959D2C22CD68E3CE7BCA686AE2FB94EC9B592216356AD5C2E5732971611E6DB
Huerfano,Huerfano.ods,manifest,53,6220,HASH_VERIFIED,2024-03-13 18:54:00.443585,B959D2C22CD68E3CE7BCA686AE2FB94EC9B592216356AD5C2E5732971611E6DB,B959D2C22CD68E3CE7BCA686AE2FB94EC9B592216356AD5C2E5732971611E6DB
Chaffee,2024 Presidential Primary Ballot Manifest.xlsx,manifest,60,12979,HASH_VERIFIED,2024-03-14 12:04:52.431442,E74B126593830038F83351DF362F331DB460D4213BAD2B822FC072D17F07EA3B,E74B126593830038F83351DF362F331DB460D4213BAD2B822FC072D17F07EA3B
Chaffee,2024 Presidential Primary Ballot Manifest.csv,manifest,166,3431,HASH_VERIFIED,2024-03-14 12:08:46.117573,B16032F36680B51E4B084B3B1B775B10F7A1BCB4135F5E80177167688F3C8420,B16032F36680B51E4B084B3B1B775B10F7A1BCB4135F5E80177167688F3C8420
Chaffee,2024 Presidential Primary Ballot Manifest.csv,manifest,166,3431,HASH_VERIFIED,2024-03-14 12:13:45.094195,B16032F36680B51E4B084B3B1B775B10F7A1BCB4135F5E80177167688F3C8420,B16032F36680B51E4B084B3B1B775B10F7A1BCB4135F5E80177167688F3C8420
Washington,Manifest.WashCo.csv,manifest,81,2194,HASH_VERIFIED,2024-03-14 14:54:20.817838,FC3F44E0DEFA020D71718A729845EF7A392FA879A70878466325E53EAC5242CA,FC3F44E0DEFA020D71718A729845EF7A392FA879A70878466325E53EAC5242CA
Washington,Manifest.WashCo.csv,manifest,81,2194,HASH_VERIFIED,2024-03-14 14:56:57.404579,FC3F44E0DEFA020D71718A729845EF7A392FA879A70878466325E53EAC5242CA,FC3F44E0DEFA020D71718A729845EF7A392FA879A70878466325E53EAC5242CA
Washington,Manifest.WashCo.csv,manifest,81,2194,HASH_VERIFIED,2024-03-14 14:58:11.69645,FC3F44E0DEFA020D71718A729845EF7A392FA879A70878466325E53EAC5242CA,FC3F44E0DEFA020D71718A729845EF7A392FA879A70878466325E53EAC5242CA
Washington,Manifest.WashCo.csv,manifest,81,2194,HASH_VERIFIED,2024-03-14 15:06:14.177256,FC3F44E0DEFA020D71718A729845EF7A392FA879A70878466325E53EAC5242CA,FC3F44E0DEFA020D71718A729845EF7A392FA879A70878466325E53EAC5242CA
Washington,Manifest.WashCo.csv,manifest,81,2194,HASH_VERIFIED,2024-03-14 15:06:27.21021,FC3F44E0DEFA020D71718A729845EF7A392FA879A70878466325E53EAC5242CA,FC3F44E0DEFA020D71718A729845EF7A392FA879A70878466325E53EAC5242CA
Pueblo,BallotManifest_2024 Presidential Primary_Pueblo.csv,manifest,1000,36826,HASH_VERIFIED,2024-03-14 15:11:18.839226,A9134C36A17BA64F7FABACE939B8EAE9AD7EC94FC1FEAEB389F3BD60DE4BD99C,A9134C36A17BA64F7FABACE939B8EAE9AD7EC94FC1FEAEB389F3BD60DE4BD99C
Washington,March 5th ballot Manifest.WashCo.csv,manifest,81,2194,HASH_VERIFIED,2024-03-14 15:11:23.256612,FC3F44E0DEFA020D71718A729845EF7A392FA879A70878466325E53EAC5242CA,FC3F44E0DEFA020D71718A729845EF7A392FA879A70878466325E53EAC5242CA
Washington,March 5th ballot Manifest.WashCo.csv,manifest,81,2194,HASH_VERIFIED,2024-03-14 15:17:16.705185,FC3F44E0DEFA020D71718A729845EF7A392FA879A70878466325E53EAC5242CA,FC3F44E0DEFA020D71718A729845EF7A392FA879A70878466325E53EAC5242CA
San Miguel,2024PresPriBallotManifest.csv,manifest,42,938,HASH_VERIFIED,2024-03-14 15:42:01.603023,C0ED8CB514E1A6249049281BD968B3B312FE0915DD9B14DAB775A278E0E5C0D8,C0ED8CB514E1A6249049281BD968B3B312FE0915DD9B14DAB775A278E0E5C0D8
San Miguel,BallotManifest.csv,manifest,42,938,HASH_VERIFIED,2024-03-14 15:57:44.383386,C0ED8CB514E1A6249049281BD968B3B312FE0915DD9B14DAB775A278E0E5C0D8,C0ED8CB514E1A6249049281BD968B3B312FE0915DD9B14DAB775A278E0E5C0D8
San Miguel,BallotManifest.csv,manifest,42,938,HASH_VERIFIED,2024-03-14 16:01:32.368655,C0ED8CB514E1A6249049281BD968B3B312FE0915DD9B14DAB775A278E0E5C0D8,C0ED8CB514E1A6249049281BD968B3B312FE0915DD9B14DAB775A278E0E5C0D8
San Miguel,San Miguel Ballot Manifest.csv,manifest,42,938,HASH_VERIFIED,2024-03-14 16:13:19.206899,C0ED8CB514E1A6249049281BD968B3B312FE0915DD9B14DAB775A278E0E5C0D8,C0ED8CB514E1A6249049281BD968B3B312FE0915DD9B14DAB775A278E0E5C0D8
San Miguel,San Miguel Ballot Manifest.csv,manifest,42,938,HASH_VERIFIED,2024-03-14 16:22:03.096295,C0ED8CB514E1A6249049281BD968B3B312FE0915DD9B14DAB775A278E0E5C0D8,C0ED8CB514E1A6249049281BD968B3B312FE0915DD9B14DAB775A278E0E5C0D8
San Miguel,San Miguel Ballot Manifest.csv,manifest,42,938,HASH_VERIFIED,2024-03-14 16:23:15.91845,C0ED8CB514E1A6249049281BD968B3B312FE0915DD9B14DAB775A278E0E5C0D8,C0ED8CB514E1A6249049281BD968B3B312FE0915DD9B14DAB775A278E0E5C0D8
San Miguel,San Miguel Ballot Manifest.csv,manifest,42,938,HASH_VERIFIED,2024-03-14 16:23:47.595811,C0ED8CB514E1A6249049281BD968B3B312FE0915DD9B14DAB775A278E0E5C0D8,C0ED8CB514E1A6249049281BD968B3B312FE0915DD9B14DAB775A278E0E5C0D8
Jackson,2024 Presi Primary Ballot Manifest template.csv,manifest,22,570,IMPORTED,2024-03-13 11:03:09.699763,273ECE7477B39E1D53CAFC512D7753B7DF3684F0250C27C3C6169A3FD300721E,273ECE7477B39E1D53CAFC512D7753B7DF3684F0250C27C3C6169A3FD300721E
Jackson,CVR_Export_20240305192033.csv,manifest,530,43146,IMPORTED,2024-03-13 11:39:58.621397,BD3D09CBBD71B8B1D306591C7B3DD109C4ACE3B498A6CC39AFC98089A62A7639,BD3D09CBBD71B8B1D306591C7B3DD109C4ACE3B498A6CC39AFC98089A62A7639
Gilpin,Modified CVR_Export_20240313104348.csv,CVRs,2031,137534,IMPORTED,2024-03-13 12:45:34.667266,AC85A1FA0FE2B41EF4181DFB5DE76450A595F7E93DAFBFD998CBC23E534C837D,AC85A1FA0FE2B41EF4181DFB5DE76450A595F7E93DAFBFD998CBC23E534C837D
Gilpin,Gilpin March 2024 Ballot ManifestTemplate.csv,manifest,82,1989,IMPORTED,2024-03-13 12:46:11.334659,232AC0E7D5B052BBC0EC62234E3FD9F54753AE3700195C87ED641FD2E59D207E,232AC0E7D5B052BBC0EC62234E3FD9F54753AE3700195C87ED641FD2E59D207E
Kiowa,Balllot Manifest.csv,manifest,23,551,IMPORTED,2024-03-13 13:01:36.338836,DFB1ED44822913DC8465F899BB5E63FC0320D5DB01B02739D02ED71194DAFB07,DFB1ED44822913DC8465F899BB5E63FC0320D5DB01B02739D02ED71194DAFB07
Kiowa,Modified_CVR_Export_20240311131015.csv,CVRs,541,37032,IMPORTED,2024-03-13 13:02:17.025104,70484753119C7E953D0031BCEA59038FD0FA299CAB0247DDE4EEA4EC29CD9B24,70484753119C7E953D0031BCEA59038FD0FA299CAB0247DDE4EEA4EC29CD9B24
Teller,2024 Pres Primary.csv,manifest,371,9196,IMPORTED,2024-03-13 14:08:24.493773,51DD010DEC8D3451D3CED7A30504E041FC8DF83D363635DF6CDAA58E9C8989C0,51DD010DEC8D3451D3CED7A30504E041FC8DF83D363635DF6CDAA58E9C8989C0
Teller,Modified_CVR_Export_20240313122353.csv,CVRs,9249,772232,IMPORTED,2024-03-13 14:09:15.332558,988073C0ACFBBF638848CBFE12DB5E69387DCA3CF037DCDDDC566323DC7A427C,988073C0ACFBBF638848CBFE12DB5E69387DCA3CF037DCDDDC566323DC7A427C
Clear Creek,ClearCreek_Ballot Manifest.csv,manifest,61,1484,IMPORTED,2024-03-13 14:40:33.432824,7BB8CB4E399B655174913AF4B4ADB666EDCEDD0339D80F1640CF4A9A72C0848D,7BB8CB4E399B655174913AF4B4ADB666EDCEDD0339D80F1640CF4A9A72C0848D
Clear Creek,ClearCreek_Ballot Manifest.csv,manifest,61,1484,IMPORTED,2024-03-13 14:41:31.260386,7BB8CB4E399B655174913AF4B4ADB666EDCEDD0339D80F1640CF4A9A72C0848D,7BB8CB4E399B655174913AF4B4ADB666EDCEDD0339D80F1640CF4A9A72C0848D
Clear Creek,Modified_CVR_Export_20240313135634.csv,CVRs,2946,200170,IMPORTED,2024-03-13 14:41:51.277491,06FAA492DA0F20D9625BB9B7E34FA43F3C3F9F103F52E7BD92127660FC2A2928,06FAA492DA0F20D9625BB9B7E34FA43F3C3F9F103F52E7BD92127660FC2A2928
Elbert,Ballot Manifest 2024 PresPrim.csv,manifest,228,5621,IMPORTED,2024-03-13 15:41:39.618387,4FCCAD8E1E4E4A3D1A4CB7A9F1D677EF1A57D3F48181A8FCEB9A5E571B62B57D,4FCCAD8E1E4E4A3D1A4CB7A9F1D677EF1A57D3F48181A8FCEB9A5E571B62B57D
Elbert,Modified_CVR_Export_20240313150652.csv,CVRs,11351,790921,IMPORTED,2024-03-13 15:42:05.964427,412CD01BEC674EE09C5706D188442F4328525100A1047BA7E827026B3692ACF5,412CD01BEC674EE09C5706D188442F4328525100A1047BA7E827026B3692ACF5
Rio Grande,Ballot Manifest.csv,manifest,134,3669,IMPORTED,2024-03-13 15:55:39.337678,23570DBE8861CA2C62316E4E98B8FE9B007E50F6E052614C81CE3957B4F07537,23570DBE8861CA2C62316E4E98B8FE9B007E50F6E052614C81CE3957B4F07537
Rio Grande,Modified_CVR_Export_20240313152555.csv,manifest,3307,226204,IMPORTED,2024-03-13 15:56:14.309615,26582EDFE3DFBF44CF35E38AD02D764D9084ABD91DB766806C918982C47F875A,26582EDFE3DFBF44CF35E38AD02D764D9084ABD91DB766806C918982C47F875A
Las Animas,Ballot Manifest final.csv,manifest,88,2045,IMPORTED,2024-03-13 16:50:32.249655,C639CC1F6755A6BA899A67B4995EA43F522FCB92533140D200DF8C7DE2A3413F,C639CC1F6755A6BA899A67B4995EA43F522FCB92533140D200DF8C7DE2A3413F
Las Animas,modified CVR_Export_20240313160310.csv,CVRs,4303,292672,IMPORTED,2024-03-13 16:51:08.766472,DA8262EC03DC6609B8ABCC6B19BDB96A051BADB55C8F3C5B778513B193CD2870,DA8262EC03DC6609B8ABCC6B19BDB96A051BADB55C8F3C5B778513B193CD2870
Douglas,Douglas Manifest.csv,manifest,1213,34137,IMPORTED,2024-03-13 17:04:35.210582,7EFC0E7FF22D79E0A6E3BC7DC9B19EB9077958324D145F24A500C1D85D6BB417,7EFC0E7FF22D79E0A6E3BC7DC9B19EB9077958324D145F24A500C1D85D6BB417
Douglas,2024DouglasCountyPresidentialPrimaryElection.co.csv,CVRs,115039,8274709,IMPORTED,2024-03-13 17:04:56.631865,0BD3A1A040585C22C6252D4B659F28D26DE2755D904763F70A1ADCE736D61D80,0BD3A1A040585C22C6252D4B659F28D26DE2755D904763F70A1ADCE736D61D80
Adams,Adams_2024PP_BallotManifest.csv,manifest,944,24540,IMPORTED,2024-03-13 18:15:32.044151,5039EA147DCC4F8F4D55C55E4F88CC56ABBF1B6D8706B7A6837423D18A94B98B,5039EA147DCC4F8F4D55C55E4F88CC56ABBF1B6D8706B7A6837423D18A94B98B
Adams,Adams RLA CVR_Export_20240313175347.csv,CVRs,89037,7450358,IMPORTED,2024-03-13 18:16:07.325621,07EE863CB788EE9DB26A11F42B2AA0C9C5DD99DA5E3111AFAA2197BC50D2CE18,07EE863CB788EE9DB26A11F42B2AA0C9C5DD99DA5E3111AFAA2197BC50D2CE18
Jefferson,CVR_Export_Jefferson-noCG.csv,CVRs,176184,15017814,IMPORTED,2024-03-13 18:18:34.364221,F6F743E28BB8A002BEB5F43B53C9C7AAEE8F8522B014522864055925DFE6E803,F6F743E28BB8A002BEB5F43B53C9C7AAEE8F8522B014522864055925DFE6E803
Jefferson,OfficialBallotManifest_Jefferson.csv,manifest,878,22256,IMPORTED,2024-03-13 18:19:43.034042,9330742A70BB41256992C3A3CC1CD203944FA5E5550D1AB3841A669F59F1CAE6,9330742A70BB41256992C3A3CC1CD203944FA5E5550D1AB3841A669F59F1CAE6
Rio Grande,Modified_CVR_Export_20240313152555.csv,CVRs,3307,220474,IMPORTED,2024-03-14 08:12:25.411869,89045EEAEF1AE71EB47B33D6220A1DEA9717A639F3C43E95A188D436C598FCA5,89045EEAEF1AE71EB47B33D6220A1DEA9717A639F3C43E95A188D436C598FCA5
Sedgwick,Sedgwick Ballot Manifest.csv,manifest,19,440,IMPORTED,2024-03-14 08:45:23.233186,A6E070E49EF2888B390CF15CCBE808F72858C337C5ABD35CE62BCEC39256F985,A6E070E49EF2888B390CF15CCBE808F72858C337C5ABD35CE62BCEC39256F985
Sedgwick,Modified_CVR_Export_20240314082907.csv,CVRs,829,56169,IMPORTED,2024-03-14 08:45:41.800133,451B1C03A59F1C5EEC1E02707AB927F4BBD66EC0DBEDC8F6CE72B9CCE6CAF755,451B1C03A59F1C5EEC1E02707AB927F4BBD66EC0DBEDC8F6CE72B9CCE6CAF755
La Plata,LaPlata_BallotManifest.csv,manifest,360,10362,IMPORTED,2024-03-14 09:00:36.699437,6D1321015A692A43D37717B74D87BFB68896CF4E0607BF253CE13F07966570BA,6D1321015A692A43D37717B74D87BFB68896CF4E0607BF253CE13F07966570BA
Moffat,Ballot Manifest.csv,manifest,144,4658,IMPORTED,2024-03-14 09:03:12.80635,B190D309F6CB1F6CB5BCA575B3C767C1BA7079E19E2CBF53E80B5E64ED70E86A,B190D309F6CB1F6CB5BCA575B3C767C1BA7079E19E2CBF53E80B5E64ED70E86A
Moffat,CVR_Export_20240313181400.csv,CVRs,3558,244391,IMPORTED,2024-03-14 09:04:33.372363,4372DB867B195D808EF22D937D4340BF9FBEE5EF5C6C1F6A36AF73E97EAE2903,4372DB867B195D808EF22D937D4340BF9FBEE5EF5C6C1F6A36AF73E97EAE2903
La Plata,Modified_CVR_Export_20240314075940.csv,CVRs,17905,1254787,IMPORTED,2024-03-14 09:12:04.474415,5C25E5E275DDDB2A06C555B052F2F2F8EB9E7C00A0FD65E9D010CD101053883A,5C25E5E275DDDB2A06C555B052F2F2F8EB9E7C00A0FD65E9D010CD101053883A
Dolores,Dolores Ballot Manifest.csv,manifest,34,1101,IMPORTED,2024-03-14 09:31:48.658768,82C1A1CCF4A41380B688818D896E342A1F433E2F6CB8F7C38165334BB246A9D0,82C1A1CCF4A41380B688818D896E342A1F433E2F6CB8F7C38165334BB246A9D0
Fremont,Presidential Primary 2024 manifest.csv,manifest,579,14965,IMPORTED,2024-03-14 09:31:58.196497,6DB86962D6810DC88ACB4972C4C04E44E1004B39CAB372441A6BCC775D7F19E0,6DB86962D6810DC88ACB4972C4C04E44E1004B39CAB372441A6BCC775D7F19E0
Dolores,Modified CVR_Export_20240314092319.csv,CVRs,827,56217,IMPORTED,2024-03-14 09:32:23.789302,B23A340745F4DB7807DC7FE17A0C3A8E868C952C266BEE6EAF4AF7C6BE6F13BF,B23A340745F4DB7807DC7FE17A0C3A8E868C952C266BEE6EAF4AF7C6BE6F13BF
Fremont,Modified_CVR_Export_20240314090249.csv,CVRs,14418,1110118,IMPORTED,2024-03-14 09:32:54.444271,351B5215C78E035E219850266C4265FB12849EDF0AE7CC0D59265118CC7916DB,351B5215C78E035E219850266C4265FB12849EDF0AE7CC0D59265118CC7916DB
Yuma,BallotManifestTemplate 3-5-24.csv,manifest,128,2351,IMPORTED,2024-03-14 09:57:52.548773,D0068F8FDD257C2CA35BA7B38E0588519041C96E543A7558FED6F83154BEA1E2,D0068F8FDD257C2CA35BA7B38E0588519041C96E543A7558FED6F83154BEA1E2
Yuma,Modified_CVR_Export.csv,CVRs,2849,194817,IMPORTED,2024-03-14 10:09:36.934432,FF47D9083AF86A61E6C607064869B28452A85DD55013764FFE1F0C3801385C73,FF47D9083AF86A61E6C607064869B28452A85DD55013764FFE1F0C3801385C73
Mineral,Mineral Ballot Manifest.csv,manifest,23,593,IMPORTED,2024-03-14 10:17:26.550262,A63A3979788576EE9D9BE2FFF0E72D19B5678F8BFC1D1DE7D19760184A462CE8,A63A3979788576EE9D9BE2FFF0E72D19B5678F8BFC1D1DE7D19760184A462CE8
Mineral,MineralModifiedCVR_Export_20240313153521.csv,CVRs,508,40849,IMPORTED,2024-03-14 10:17:55.916966,CF5908E1FCDA4A9AE4A0B0B97F2A1F79467FEF1EB5042045A366F127B3F50A57,CF5908E1FCDA4A9AE4A0B0B97F2A1F79467FEF1EB5042045A366F127B3F50A57
Phillips,BallotManifestTemplate (6).csv,manifest,61,1904,IMPORTED,2024-03-14 10:18:26.584988,1D5490FF35EAB47AF28B54C2CFAB684BA791711D2E673B469B73AF7EB43FC283,1D5490FF35EAB47AF28B54C2CFAB684BA791711D2E673B469B73AF7EB43FC283
Archuleta,2024 Presidential Primary Manifest.csv,manifest,237,5612,IMPORTED,2024-03-14 10:26:25.22066,7F5433A076208E786F19978ABE18D8DCB8733842198F39ED7953DC7DF226B31C,7F5433A076208E786F19978ABE18D8DCB8733842198F39ED7953DC7DF226B31C
Archuleta,Modified_CVR_Export_20240314093422.csv,CVRs,5301,365874,IMPORTED,2024-03-14 10:27:41.003161,E469D78DA3C6975DB9D6B115FE9C68ABE61ECF9AB831779E9BD0764AE34FF7B5,E469D78DA3C6975DB9D6B115FE9C68ABE61ECF9AB831779E9BD0764AE34FF7B5
Huerfano,Huerfano 2024 Presidential Primary Ballot Manifest.csv,manifest,135,3518,IMPORTED,2024-03-14 10:38:21.945235,AB157950F7E4E965210840D76552269E605739C9E39BB025EB9F2A63061E4990,AB157950F7E4E965210840D76552269E605739C9E39BB025EB9F2A63061E4990
Huerfano,Modified_CVR_Export_20240314084118.csv,CVRs,2578,212133,IMPORTED,2024-03-14 10:39:03.211396,BF3C587AD153A43E56DB96CC73591F87AD07BA18E5EAA84796922AF5B4520CAC,BF3C587AD153A43E56DB96CC73591F87AD07BA18E5EAA84796922AF5B4520CAC
Phillips,modified CVR_Export_20240314100259.csv,CVRs,1464,117095,IMPORTED,2024-03-14 10:42:45.496556,23E10A4CF0F770ABB0266DA2302B0D7B84BDA7E2FA83E1CFF306B1C2FC990AB4,23E10A4CF0F770ABB0266DA2302B0D7B84BDA7E2FA83E1CFF306B1C2FC990AB4
Morgan,Ballot Manifest.csv,manifest,332,8224,IMPORTED,2024-03-14 10:47:00.579121,83695284A82DB3E3027BF45009D3AFC1D622A394F16C1218274FA3371F0FAC4D,83695284A82DB3E3027BF45009D3AFC1D622A394F16C1218274FA3371F0FAC4D
Morgan,CVR_Export_20240314100035.csv,CVRs,6809,472032,IMPORTED,2024-03-14 10:47:34.537848,25420A6CF448F8EDBA64894014EAFEB3823900A007436F7D5408CC54684C93D5,25420A6CF448F8EDBA64894014EAFEB3823900A007436F7D5408CC54684C93D5
Routt,Ballot Manifest.csv,manifest,307,6051,IMPORTED,2024-03-14 10:48:07.594951,6F34A57447D3CE24D6E68672B8C046FF9985C3FD1553F84093B05D47783AB4CC,6F34A57447D3CE24D6E68672B8C046FF9985C3FD1553F84093B05D47783AB4CC
Routt,Modified_CVR_Export_20240314101956.csv,CVRs,7082,478070,IMPORTED,2024-03-14 10:48:27.237433,299B6D742C0E2F70174F4888ED05982175FF4207CB7E5DC4983ADC37BD1D89D1,299B6D742C0E2F70174F4888ED05982175FF4207CB7E5DC4983ADC37BD1D89D1
Phillips,correctedBallotManifestTemplate (6).csv,manifest,61,1904,IMPORTED,2024-03-14 10:51:43.609675,236C2593D3021B9FB50CA6A97DDEDBA4F0ADA94545151832B74177DC57E45592,236C2593D3021B9FB50CA6A97DDEDBA4F0ADA94545151832B74177DC57E45592
Hinsdale,BALLOT MANIFEST 2024 Pres Primary.csv,manifest,16,446,IMPORTED,2024-03-14 11:00:50.080247,3B70118604EB952316A1C9B4AC7737B4B78141AE4A4B371115EB3F32F7396C36,3B70118604EB952316A1C9B4AC7737B4B78141AE4A4B371115EB3F32F7396C36
Hinsdale,Modified CVR_Export_20240314104232.csv,CVRs,345,27918,IMPORTED,2024-03-14 11:01:16.493439,45A7837F992E52D9520F4C2315DE2487A746FF13359333A7676B8CF6350BC1A1,45A7837F992E52D9520F4C2315DE2487A746FF13359333A7676B8CF6350BC1A1
Conejos,Conejos Ballot Manifest_2024_Presidential_Primary.csv,manifest,115,3023,IMPORTED,2024-03-14 11:40:48.698451,DF8D94CE7D5BBE3794C6BF3CF3D257E49B3AD0F56BD4AD3C6445FCBA9C2369B9,DF8D94CE7D5BBE3794C6BF3CF3D257E49B3AD0F56BD4AD3C6445FCBA9C2369B9
Conejos,Modified_CVR_Export_20240314110612.csv,CVRs,2259,153205,IMPORTED,2024-03-14 11:40:51.70345,78DEA93A67BA24FAC81BFBDAE6A0BCCFCF9B82F26EA9721AB5D5B9F97EC1CCA1,78DEA93A67BA24FAC81BFBDAE6A0BCCFCF9B82F26EA9721AB5D5B9F97EC1CCA1
Mesa,Ballot Manifest (Presidential Primary 03-05-2024).csv,manifest,638,14237,IMPORTED,2024-03-14 11:48:38.587413,AB96D775A3A47F821A1409E2648C9B6BB32309813A7BC800A4F5BF109FEE6900,AB96D775A3A47F821A1409E2648C9B6BB32309813A7BC800A4F5BF109FEE6900
Lincoln,2024 Lincoln County Presidential Primary Ballot Manifest.csv,manifest,66,2317,IMPORTED,2024-03-14 11:48:55.076442,6BEA22E8217ABF5742529B57F3B8FE380316128B92FD0CA731A0BFA1DFBCFDB6,6BEA22E8217ABF5742529B57F3B8FE380316128B92FD0CA731A0BFA1DFBCFDB6
Lincoln,2024 Lincoln County Presidential Primary Ballot Manifest.csv,manifest,66,2317,IMPORTED,2024-03-14 11:49:14.003873,6BEA22E8217ABF5742529B57F3B8FE380316128B92FD0CA731A0BFA1DFBCFDB6,6BEA22E8217ABF5742529B57F3B8FE380316128B92FD0CA731A0BFA1DFBCFDB6
Mesa,Modified CVR_Export_20240314105218.csv,CVRs,49588,3520812,IMPORTED,2024-03-14 11:49:14.931558,E7B1ADFAEE594B04AE1ACDDC42AE040A3F44E367605ABB362F37DF2DFBF58C21,E7B1ADFAEE594B04AE1ACDDC42AE040A3F44E367605ABB362F37DF2DFBF58C21
Lincoln,Modified_CVR_Export_20240314100755.csv,CVRs,1550,105301,IMPORTED,2024-03-14 11:50:00.751501,63B572BCB294AAD65355372CBD26488AD0121808F9FA7DC907B7A5FDD55204B1,63B572BCB294AAD65355372CBD26488AD0121808F9FA7DC907B7A5FDD55204B1
Garfield,2024 PresidentialPrimary Ballot Manifest.csv,manifest,287,7812,IMPORTED,2024-03-14 11:50:57.531838,F757B42A799F5A485DB0C62CE42D8A3016C107F4B29B87EBAE101CB0EA4D19AA,F757B42A799F5A485DB0C62CE42D8A3016C107F4B29B87EBAE101CB0EA4D19AA
Garfield,election2024PresidentialPrimaryno wtrite in.co.csv,CVRs,14281,1065689,IMPORTED,2024-03-14 11:51:08.353229,6C05F4AC098C3B4ABCFE0677E3645C900250CFAA01AA28E3DE733EEC005DEDB2,6C05F4AC098C3B4ABCFE0677E3645C900250CFAA01AA28E3DE733EEC005DEDB2
Kit Carson,KitCarsonCounty_BallotManifest_2024PresidentialPrimaryElection.csv,manifest,110,2760,IMPORTED,2024-03-14 11:51:57.487431,A6C64D3D7A244789B86D2B756EB9B3A4BF2F6F0B9CAA7D521236FBD073B1857B,A6C64D3D7A244789B86D2B756EB9B3A4BF2F6F0B9CAA7D521236FBD073B1857B
Kit Carson,Modified_CVR_Export_20240314111008.csv,CVRs,2277,155043,IMPORTED,2024-03-14 11:52:18.368872,669E93767EF812072E687AC624503215E832EEB05969F55CEE5B95792E8E30A5,669E93767EF812072E687AC624503215E832EEB05969F55CEE5B95792E8E30A5
Summit,2024 Pres Primary Summit Ballot Manifest.csv,manifest,288,5848,IMPORTED,2024-03-14 12:09:18.803714,4BE2D564B50F59AA9B0645FF65533BBBACE7A116710FB6B7A74DF58AD5D33D01,4BE2D564B50F59AA9B0645FF65533BBBACE7A116710FB6B7A74DF58AD5D33D01
Summit,Modified_CVR_Export_20240314104136.csv,CVRs,7017,478607,IMPORTED,2024-03-14 12:10:31.811231,7726F5938C450034CA12BDCF94356E00B38B51A4FCD44A425EC5D865BAEB6E02,7726F5938C450034CA12BDCF94356E00B38B51A4FCD44A425EC5D865BAEB6E02
Montezuma,Ballot Manifest 2024 Montezuma Presidential Priamry.csv,manifest,174,4729,IMPORTED,2024-03-14 12:14:22.798521,778C72C5253CE64BDDDC4E48F622E73D9ADEB7F48B14EBE428510E3E8D1ECA9B,778C72C5253CE64BDDDC4E48F622E73D9ADEB7F48B14EBE428510E3E8D1ECA9B
Montezuma,Modified_CVR_Export_20240314102330.csv,CVRs,8644,597686,IMPORTED,2024-03-14 12:15:12.854869,F60AC245784B073C15B55B7D30245EB50DEAA78ECB69B3474C6A35821A1196F0,F60AC245784B073C15B55B7D30245EB50DEAA78ECB69B3474C6A35821A1196F0
Mesa,Ballot Manifest (Presidential Primary 03-05-2024).csv,manifest,638,13478,IMPORTED,2024-03-14 12:18:48.308736,EDDCE66956353F57F8EEB88A91116D4E83735E3BAD63749E6D0D6126881A93CF,EDDCE66956353F57F8EEB88A91116D4E83735E3BAD63749E6D0D6126881A93CF
Bent,Bent Ballot Manifest.csv,manifest,52,1167,IMPORTED,2024-03-14 12:25:02.412669,14277BFCC044DE46CB4DD760241B6A51DFFBC2D7FF4FB59F5A783440EC222D21,14277BFCC044DE46CB4DD760241B6A51DFFBC2D7FF4FB59F5A783440EC222D21
Bent,Modified_CVR_Export_20240314104417.csv,CVRs,1280,86774,IMPORTED,2024-03-14 12:25:58.983382,A0E901F4722409953C5F566AD144DA06C40770632F7AC0D673337656F959EAED,A0E901F4722409953C5F566AD144DA06C40770632F7AC0D673337656F959EAED
Ouray,Ouray_Ballot Manifest template.csv,manifest,95,2301,IMPORTED,2024-03-14 12:32:26.488365,AB73ACF010650C31D43B6A848FBD5BB2C34EE946A7FD5E7651001D9FF8BBFF0E,AB73ACF010650C31D43B6A848FBD5BB2C34EE946A7FD5E7651001D9FF8BBFF0E
Ouray,Modified_CVR_Export_20240314114059.csv,CVRs,2343,158750,IMPORTED,2024-03-14 12:33:44.60513,18D6AB88ABCE6FED68259BF8A63423B91417D3E411D4BA247D41396AFD66F6CC,18D6AB88ABCE6FED68259BF8A63423B91417D3E411D4BA247D41396AFD66F6CC
Chaffee,2024 Pres Primary Chaffee Manifest.csv,manifest,157,3376,IMPORTED,2024-03-14 12:43:51.289519,C7705AC3DB74A7D7AD8B12F6E19B3E1353935C8B33598752B3C4899052322264,C7705AC3DB74A7D7AD8B12F6E19B3E1353935C8B33598752B3C4899052322264
Chaffee,modified_CVR_Export_20240314112834.csv,CVRs,7930,546166,IMPORTED,2024-03-14 12:44:18.507622,F90809E153F59F8939429DB95E833FF98EBB574129739D7A8BB19ACC714B2C1E,F90809E153F59F8939429DB95E833FF98EBB574129739D7A8BB19ACC714B2C1E
Chaffee,2024 Pres Primary Chaffee Manifest.csv,manifest,157,3376,IMPORTED,2024-03-14 13:01:55.07394,CE5A6E54F4E0296CEAE172FEEA0F7DD66C3785E8262DE664A751C578544E81F1,CE5A6E54F4E0296CEAE172FEEA0F7DD66C3785E8262DE664A751C578544E81F1
Logan,2024 Pres Primary  Logan Manifest.csv,manifest,266,5321,IMPORTED,2024-03-14 13:27:27.164867,E987920A4B83305FCB589852125EABB3D7F8AF4D96046B04B6023405D892983E,E987920A4B83305FCB589852125EABB3D7F8AF4D96046B04B6023405D892983E
Logan,Modified CVR_Export_20240314104227.csv,CVRs,6060,419909,IMPORTED,2024-03-14 13:28:04.127748,AED6C12AFEE8B291C3AB4604088B31574542A8C2E8C7986742E86FE5EB92835F,AED6C12AFEE8B291C3AB4604088B31574542A8C2E8C7986742E86FE5EB92835F
Prowers,Ballot Manifest 2024 Prowers County Presidential Primary Election PublicLAT.csv,manifest,123,3117,IMPORTED,2024-03-14 13:33:39.438184,ACF954B29FBF3A77088794090FFE27FC8F47B61F3D740603B51F17B189921B24,ACF954B29FBF3A77088794090FFE27FC8F47B61F3D740603B51F17B189921B24
Eagle,Final Ballot Manifest 2024 Eagle County Presidential Primary.csv,manifest,457,16631,IMPORTED,2024-03-14 13:33:42.722703,2C52718D6E1F9793C76C44CDBAB7B2099DDFA20FB772B8E4CF7CD148FAE42261,2C52718D6E1F9793C76C44CDBAB7B2099DDFA20FB772B8E4CF7CD148FAE42261
Prowers,ModifiedCVR_Export_20240314101046.csv,CVRs,2984,203898,IMPORTED,2024-03-14 13:33:43.585565,13148D0BE3C06FA585EDFAAA0A179B8529D1E5C036516397AC7B82E95A049217,13148D0BE3C06FA585EDFAAA0A179B8529D1E5C036516397AC7B82E95A049217
Eagle,CVR_Export_20240314130905 modified.csv,CVRs,11241,972389,IMPORTED,2024-03-14 13:34:05.828218,0584660F3EFA78055CCF293E5E874AFA432AFDC689BD39BB802F96D5C5F41F2C,0584660F3EFA78055CCF293E5E874AFA432AFDC689BD39BB802F96D5C5F41F2C
Montrose,BallotManifest 2024 Pres Primary Montrose.csv,manifest,293,6729,IMPORTED,2024-03-14 14:16:12.664715,913360FAC588BA5F96D538831AA5EEDD01418AE4C4E6455BB2B21A61CADED8B7,913360FAC588BA5F96D538831AA5EEDD01418AE4C4E6455BB2B21A61CADED8B7
Baca,2024 Pres Prim Baca Ballot Manifest.csv,manifest,53,1191,IMPORTED,2024-03-14 14:16:50.232865,8747567FE4D8FE776299745FD74D3F6BCA0D5583328CD451E114CB309E4F2DF0,8747567FE4D8FE776299745FD74D3F6BCA0D5583328CD451E114CB309E4F2DF0
Baca,Modified_CVR_Export_20240314135031.csv,CVRs,1301,97433,IMPORTED,2024-03-14 14:17:53.009691,628B1037D97280EC6DD908701AE8BF121C20133DC88FB6E55A0FDA83A6723989,628B1037D97280EC6DD908701AE8BF121C20133DC88FB6E55A0FDA83A6723989
Montrose,Modified_CVR_Export_20240314130116.csv,CVRs,14607,1022702,IMPORTED,2024-03-14 14:18:18.387472,BD647392BDAC7B6B23A9E35B33D3328D713CF84BF2B9DF20EA101AA3CD969DC6,BD647392BDAC7B6B23A9E35B33D3328D713CF84BF2B9DF20EA101AA3CD969DC6
Lake,Ballot Manifest 2024 Pres Primary.csv,manifest,61,1425,IMPORTED,2024-03-14 14:29:58.118351,AAA0C3F887CAEF4ADC7B046C64D87AECC6CC233D1A9351EEA4AC983E01845A98,AAA0C3F887CAEF4ADC7B046C64D87AECC6CC233D1A9351EEA4AC983E01845A98
Pitkin,Pitkin Ballot Manifest for 2024 Presidential Primary.csv,manifest,183,4482,IMPORTED,2024-03-14 14:30:11.755684,E8FACF94C2900AD5BD484C98AC7EBCE4BCE3912F655714E7AE10201BDC399366,E8FACF94C2900AD5BD484C98AC7EBCE4BCE3912F655714E7AE10201BDC399366
Pitkin,Modified_CVR_Export_20240314114834.csv,CVRs,4299,324303,IMPORTED,2024-03-14 14:30:13.377281,7A0BD543EF773EC2E7BEAFDCFE2D1D16A0C316213DC17E6C5A829811148DD2D8,7A0BD543EF773EC2E7BEAFDCFE2D1D16A0C316213DC17E6C5A829811148DD2D8
Lake,CVR_Export_20240314135046_mod.csv,CVRs,1474,99577,IMPORTED,2024-03-14 14:30:30.408672,44186BE6B6EBAFE790DB80DC30B615C7D50F90370FD3CBCF26E2D6FE18882DAF,44186BE6B6EBAFE790DB80DC30B615C7D50F90370FD3CBCF26E2D6FE18882DAF
Cheyenne,ballot manifest.csv,manifest,29,828,IMPORTED,2024-03-14 14:36:59.028055,1E67428EAE90D7C525A9D2F1A7EE5DC6549D7BDCC4B1A9ED14C33590F0527338,1E67428EAE90D7C525A9D2F1A7EE5DC6549D7BDCC4B1A9ED14C33590F0527338
Cheyenne,Modified_CVR_Export_20240314140114.csv,CVRs,690,47042,IMPORTED,2024-03-14 14:36:59.950613,3D9585C900A605335DF66A2ACE2E44311EDC193D9829C4A4B589DF8AA3EF76AB,3D9585C900A605335DF66A2ACE2E44311EDC193D9829C4A4B589DF8AA3EF76AB
Baca,2024 Pres Prim Baca Ballot Manifest.csv,manifest,53,1191,IMPORTED,2024-03-14 14:53:51.342988,F724A650EBFF13B4779F5F78A711D4D919E6DFEA7A56E41BC3A2B47041B5353B,F724A650EBFF13B4779F5F78A711D4D919E6DFEA7A56E41BC3A2B47041B5353B
Washington,CVR_Export_MODIFIED.csv,CVRs,1894,128862,IMPORTED,2024-03-14 15:07:09.801538,47E8B149CF3C6FE8BEDC1238744145189BA6721496B2D4C4D1AD0E3949DB6449,47E8B149CF3C6FE8BEDC1238744145189BA6721496B2D4C4D1AD0E3949DB6449
Crowley,Ballot Manifest template final.csv,manifest,46,989,IMPORTED,2024-03-14 15:08:23.066317,056348EE1DE8B9323B5748ED304441B19DFA10352C32A12A98FA4A757FA5AEA9,056348EE1DE8B9323B5748ED304441B19DFA10352C32A12A98FA4A757FA5AEA9
Crowley,CVR_Export_20240314144600 modified.csv,CVRs,1086,73614,IMPORTED,2024-03-14 15:08:51.662338,A3293F20314499D4BA60D987217F571725A23BDC462B675EDCC26BAA80E290B1,A3293F20314499D4BA60D987217F571725A23BDC462B675EDCC26BAA80E290B1
Rio Blanco,CVR_Export_20240314110852.csv,CVRs,2185,135818,IMPORTED,2024-03-14 15:09:37.24695,A8B0C9634491A8CD70AB4B51B6E0879854051E85DBE515C42890E13201B70465,A8B0C9634491A8CD70AB4B51B6E0879854051E85DBE515C42890E13201B70465
Baca,2024 Pres Prim Baca Ballot Manifest.csv,manifest,53,1191,IMPORTED,2024-03-14 15:10:48.570293,E26D9F339998DD3776CDA67412ACBD43EFD1BC1FFD8E0A57FCDE9825E5D01600,E26D9F339998DD3776CDA67412ACBD43EFD1BC1FFD8E0A57FCDE9825E5D01600
Rio Blanco,Ballot Manifest 2024 Presidential Primary complete.csv,manifest,100,3248,IMPORTED,2024-03-14 15:11:10.160452,9CE9563E2003352EC396D07F8B25B6D7F6A05D0AE46DBD6DE4254DEED17A41FD,9CE9563E2003352EC396D07F8B25B6D7F6A05D0AE46DBD6DE4254DEED17A41FD
Pueblo,CVR_Export_20240314144457_Modified.csv,CVRs,40559,2854860,IMPORTED,2024-03-14 15:12:02.60983,ABCFA2E3A16F4E8E78EC018B254FD0F5C51B3846C71E5C7635F4FA7AD253CD83,ABCFA2E3A16F4E8E78EC018B254FD0F5C51B3846C71E5C7635F4FA7AD253CD83
Pueblo,BallotManifest_2024 Presidential Primary_Pueblo.csv,manifest,904,19192,IMPORTED,2024-03-14 15:22:11.104409,640DD9B00E682BD8B1C068ED9D649FA75514CBB608442078C2CA5EE8C7BE0FA0,640DD9B00E682BD8B1C068ED9D649FA75514CBB608442078C2CA5EE8C7BE0FA0
Weld,Weld Ballot Manifest.csv,manifest,784,15999,IMPORTED,2024-03-14 15:30:29.102788,29DD72590734B62E8ABB603A48A9DE3629A4570ACCF6E170E20ADFDECF91B683,29DD72590734B62E8ABB603A48A9DE3629A4570ACCF6E170E20ADFDECF91B683
Weld,Modified_CVR_Export_20240314132806.csv,CVRs,75240,7093445,IMPORTED,2024-03-14 15:30:50.626174,03ECB41BBED842FFDD2B36BB4DCE53C08AD5EDF2BA9A4527EAC3E84D7167C562,03ECB41BBED842FFDD2B36BB4DCE53C08AD5EDF2BA9A4527EAC3E84D7167C562
Delta,2024 Presi Ballot Manifest Delta.csv,manifest,248,4876,IMPORTED,2024-03-14 15:43:39.220171,266EE9DAD20087BCBCC06073E1373DD704ABA43DAA46DBAA8F712056E20332DE,266EE9DAD20087BCBCC06073E1373DD704ABA43DAA46DBAA8F712056E20332DE
Gunnison,CVR_Export_20240314151834_modified.csv,CVRs,4852,330313,IMPORTED,2024-03-14 15:43:45.643655,BF6AEFBB7C028D46C7063471F151FA4B88A8AB0FEEDC8B05CB667F466D6C5ED5,BF6AEFBB7C028D46C7063471F151FA4B88A8AB0FEEDC8B05CB667F466D6C5ED5
Delta,CVR_Export_20240314152445.csv,CVRs,11384,792694,IMPORTED,2024-03-14 15:44:18.62566,36E15413EE93866BC96BEC993B09CFDC573383E4C0262429BDFB86E360BD267A,36E15413EE93866BC96BEC993B09CFDC573383E4C0262429BDFB86E360BD267A
San Miguel,CVR_Export_20240314121715.csv,manifest,2033,151899,IMPORTED,2024-03-14 15:52:54.293741,66174C064D29B91FFFFA3A9C39922317B4C8DAC3723DC9628E09C3F600DFE689,66174C064D29B91FFFFA3A9C39922317B4C8DAC3723DC9628E09C3F600DFE689
Washington,March 5th ballot Manifest.WashCo.csv,manifest,79,2178,IMPORTED,2024-03-14 16:13:01.044317,B8F578428C9280C0CE226073939367052A6EC613F7CFF6C540FDE6E9D9802F5C,B8F578428C9280C0CE226073939367052A6EC613F7CFF6C540FDE6E9D9802F5C
San Miguel,CVR_Export_20240314121715.csv,CVRs,2033,151899,IMPORTED,2024-03-14 16:17:01.431069,66174C064D29B91FFFFA3A9C39922317B4C8DAC3723DC9628E09C3F600DFE689,66174C064D29B91FFFFA3A9C39922317B4C8DAC3723DC9628E09C3F600DFE689
Saguache,BallotManifestTemplate 2024 Pres Prim Election.csv,manifest,72,1891,IMPORTED,2024-03-14 16:25:01.248368,31226022E07135D9A0DD15F79836C879B0390288F8B67979820C103DE41A3F96,31226022E07135D9A0DD15F79836C879B0390288F8B67979820C103DE41A3F96
Saguache,CVR_ExportModified_20240314161456.csv,CVRs,1763,119256,IMPORTED,2024-03-14 16:25:05.315586,19EDEE0B868321BA35D01BA33DCA0EA836A160C1E0A636166C4269704ECEC5C4,19EDEE0B868321BA35D01BA33DCA0EA836A160C1E0A636166C4269704ECEC5C4
San Miguel,San Miguel Ballot Manifest.csv,manifest,42,988,IMPORTED,2024-03-14 16:26:32.629276,494B3AFE0DF7935BF1195324A48F75EF56D431675C823D8F2F400EE86F60DD42,494B3AFE0DF7935BF1195324A48F75EF56D431675C823D8F2F400EE86F60DD42
Otero,2024 PresPrimaryBallotManifest.csv,manifest,223,4350,IMPORTED,2024-03-14 16:54:49.35333,47B4BF5158C0A133D515D2DA4CEFD7667441A8D7DFC42C80C1ED94ED4963F938,47B4BF5158C0A133D515D2DA4CEFD7667441A8D7DFC42C80C1ED94ED4963F938
Otero,Modified_CVR_Export_20240314121616.csv,CVRs,4886,358706,IMPORTED,2024-03-14 16:55:45.053941,A0184F13766C045B6B46B708ABD8E0465D7AF221AC0EF41D5FCF00FEDF09C728,A0184F13766C045B6B46B708ABD8E0465D7AF221AC0EF41D5FCF00FEDF09C728
Arapahoe,2024 Presidential Primary.csv,manifest,1477,46528,IMPORTED,2024-03-15 08:39:38.023549,F2798923200FF5BC60DE8BD1D48A1FEB17158DBE99ACBFCA1BE6ACA9CAF7AE1A,F2798923200FF5BC60DE8BD1D48A1FEB17158DBE99ACBFCA1BE6ACA9CAF7AE1A
Arapahoe,MOdified_CVR_Export_20240313142234_139528.csv,CVRs,139532,11811354,IMPORTED,2024-03-15 08:40:04.410039,778C00C71EA083E0B12024DE39E706AF94F2E94924BDD123030DF4D4F3396632,778C00C71EA083E0B12024DE39E706AF94F2E94924BDD123030DF4D4F3396632
Gunnison,Ballot Manifest.csv,manifest,103,2292,IMPORTED,2024-03-15 09:56:28.332611,5B86523C40B134F60CC43D082A98524C5518BD77F05D6DCCCB2F70D41B013DFF,5B86523C40B134F60CC43D082A98524C5518BD77F05D6DCCCB2F70D41B013DFF
Denver,Ballot Manifest Denver 20240315.csv,manifest,1390,36599,IMPORTED,2024-03-15 10:52:31.926988,63A8998A370B6DFE21742804E364C552C80EDAFE7245D4D1AEAA90B2BE4AF128,63A8998A370B6DFE21742804E364C552C80EDAFE7245D4D1AEAA90B2BE4AF128
Denver,Modified_CVR_Export_20240315103411.csv,CVRs,138955,11952075,IMPORTED,2024-03-15 10:52:45.387212,F3FBAF6682A6ED908C8A0EFDD97E6DC73DB0027FD0984F1F1AF5E010BB6A3A36,F3FBAF6682A6ED908C8A0EFDD97E6DC73DB0027FD0984F1F1AF5E010BB6A3A36
Alamosa,Alamosa Ballot Manifest.csv,manifest,153,3891,IMPORTED,2024-03-15 11:02:16.667417,00DF48447F140023BC7CB3E4E2BE6728F9FB0CEA8CA4207F0E297A2C0A8B25AD,00DF48447F140023BC7CB3E4E2BE6728F9FB0CEA8CA4207F0E297A2C0A8B25AD
Alamosa,Modified_CVR_Export_20240315095547.csv,CVRs,3625,248238,IMPORTED,2024-03-15 11:02:44.702831,C9832E228E3C80A438B09677AD215CD2BA50EBD79D0FD811689D50E8F3447AC4,C9832E228E3C80A438B09677AD215CD2BA50EBD79D0FD811689D50E8F3447AC4
Costilla,2024PPE Ballot Manifest.csv,manifest,23,529,IMPORTED,2024-03-15 11:17:41.559944,BBF40E454E1C679106680CCF6CF8A77C24BD2B12A6E17C03C6CCD5E0CC612082,BBF40E454E1C679106680CCF6CF8A77C24BD2B12A6E17C03C6CCD5E0CC612082
Costilla,Modified_CVR_Export_20240314155928.csv,CVRs,1051,70727,IMPORTED,2024-03-15 11:18:23.400118,1105B01B114204412717ED34F8D6E334FABA47134BFE80D40FACCDC887CEFB10,1105B01B114204412717ED34F8D6E334FABA47134BFE80D40FACCDC887CEFB10
El Paso,EPC 2024 PP Ballot Manifest.csv,manifest,2054,63517,IMPORTED,2024-03-15 12:07:06.248627,ECB024A7C107E1A1867D9600201CB67E5CA76041AF24FCA284DB47E2A32477A6,ECB024A7C107E1A1867D9600201CB67E5CA76041AF24FCA284DB47E2A32477A6
El Paso,CVR_Export_modified.csv,CVRs,180983,15470339,IMPORTED,2024-03-15 12:07:37.356295,981B3DF9166153166DE06887CA93732FE00C0CBD9D44BBC5B6284A2754A2BC02,981B3DF9166153166DE06887CA93732FE00C0CBD9D44BBC5B6284A2754A2BC02
Larimer,Ballot Manifest 2024PPE.csv,manifest,1214,30862,IMPORTED,2024-03-15 12:18:35.856668,26C12F94D4F61477667AE86FF48559185B07FEF575A67791CF3F7E089CF2ABF9,26C12F94D4F61477667AE86FF48559185B07FEF575A67791CF3F7E089CF2ABF9
Larimer,Modified_CVR_Export_20240315114426.csv,CVRs,104359,8692804,IMPORTED,2024-03-15 12:19:08.449961,7A03FEA30DAA48CDDE5B67CBF8DC0484FECB652598C32196060991D157FDE6B5,7A03FEA30DAA48CDDE5B67CBF8DC0484FECB652598C32196060991D157FDE6B5
Grand,Ballot Manifest Pres Prim 2024.csv,manifest,50,1217,IMPORTED,2024-03-15 12:46:17.405081,F75CBE36664AC5FBA3610F4832C9710BC2849E15B6EEAA4A0B5F66EEA270938F,F75CBE36664AC5FBA3610F4832C9710BC2849E15B6EEAA4A0B5F66EEA270938F
Custer,BallotManifest_Custer.csv,manifest,101,2446,IMPORTED,2024-03-15 12:48:21.720254,378E10B9119A57F6ACB991FB99236FBC70A21B3D4A3532FA8302E91D5AEF1EA5,378E10B9119A57F6ACB991FB99236FBC70A21B3D4A3532FA8302E91D5AEF1EA5
Grand,Modified CVR_Export_20240315103139.csv,CVRs,4849,322401,IMPORTED,2024-03-15 12:58:16.054339,E91CA61A0D660E223B3235CCC515252879AB5255787770AC602EE3566B09E08B,E91CA61A0D660E223B3235CCC515252879AB5255787770AC602EE3566B09E08B
Broomfield,Broomfield_Ballot Manifest_2024 Presidential Primary.csv,manifest,452,13189,IMPORTED,2024-03-15 13:09:00.320564,992800550AE5354B19701AA0F418057DE86F71A80881469CD21527E670980E9B,992800550AE5354B19701AA0F418057DE86F71A80881469CD21527E670980E9B
Broomfield,Modified_CVR_Export_20240315124928.csv,CVRs,22150,1554936,IMPORTED,2024-03-15 13:19:30.989813,3805A0CF0FB4017E26E050F290CEC91E04B2AEC056B195B422D34FEC3E64C19C,3805A0CF0FB4017E26E050F290CEC91E04B2AEC056B195B422D34FEC3E64C19C
Custer,Modified_CVR_Export_20240315121157.csv,CVRs,2494,169527,IMPORTED,2024-03-15 14:02:24.893996,680816C96B14CB1FE75F3938C2D4E57FD6D89838174DD99CD1D0AA7260B6D2AC,680816C96B14CB1FE75F3938C2D4E57FD6D89838174DD99CD1D0AA7260B6D2AC
Boulder,2024 Boulder County Presidential Primary Ballot Manifest.csv,manifest,638,15888,IMPORTED,2024-03-15 14:34:32.095513,DF6C71287D8CBBA2ADF141685E7AF77FBAD0664D16E36B8712A9E8475A8CC28B,DF6C71287D8CBBA2ADF141685E7AF77FBAD0664D16E36B8712A9E8475A8CC28B
Boulder,CVR_Export_20240315130211.csv,CVRs,94042,6014642,IMPORTED,2024-03-15 14:34:56.588909,AB1EDF870917A622F674D3014E5EE04A050F49F616F2802252C6541866431700,AB1EDF870917A622F674D3014E5EE04A050F49F616F2802252C6541866431700
Park,2024 Park County Ballot Manifest.csv,manifest,258,5852,IMPORTED,2024-03-15 15:05:25.203509,8B164A756FE4BA0F58398FB21353DF266BE1598BC0732CC5C05D649083ED157C,8B164A756FE4BA0F58398FB21353DF266BE1598BC0732CC5C05D649083ED157C
Park,Modified_CVR_Export_20240315142204.csv,CVRs,6241,475289,IMPORTED,2024-03-15 15:05:57.311284,092AC450B543EA273B0F269F221E44747E427EAFA308623263D9101C4FE85121,092AC450B543EA273B0F269F221E44747E427EAFA308623263D9101C4FE85121
Jackson,CVR_Export_20240305191521.csv,CVRs,530,42616,IMPORTED,2024-03-15 15:27:25.500967,7F0D7C33CA7B93E4F38B28FD12BEB95F7319BA619CDEAA4DAD4333803B2224F9,7F0D7C33CA7B93E4F38B28FD12BEB95F7319BA619CDEAA4DAD4333803B2224F9
Boulder,2024 Boulder County Presidential Primary Ballot Manifest.csv,manifest,638,15295,IMPORTED,2024-03-15 16:24:09.531741,93307476A53C440D723F078FB36D6DC553E406207C66288C84782EBD75871273,93307476A53C440D723F078FB36D6DC553E406207C66288C84782EBD75871273
