min_margin,contest_name,contest_cvr_ids
0,District Attorney - 6th Judicial District,[]
0,City of Evans Ward 3 Council Member,[]
0,Alamosa County Commissioner - District 3,[]
0,Town of Monument Councilmember Residential District 1 - 4 Year Term,[]
0,District Attorney - 12th Judicial District,[]
0,District Attorney - 2nd Judicial District ,[]
0,Weld County Commissioner - District 3,[]
0,Kiowa Mayor,[]
0,Summit County Clerk and Recorder,[]
0,State Representative - District 32,[]
0,District Attorney - 3rd Judicial District,[]
0,Sedgwick County Commissioner - District 2,[]
0,Cheyenne County Coroner,[]
0,State Representative - District 42,[]
0,State Representative - District 48,[]
0,Archuleta County Coroner,[]
0,Town of Monument Councilmember Residential District 2 - 4 Year Term,[]
0,City of Evans Ward 1 Council Member,[]
0,City of Cherry Hills Village Councilmember District 3,[]
0,City of Cherry Hills Village Councilmember District 1,[]
0,City of Cherry Hills Village Councilmember District 5,[]
0,Las Animas County Commissioner District 1,[]
0,District Attorney - 5th Judicial District,[]
0,Teller County Commissioner District 3,[]
0,Teller County Commissioner District 1,[]
0,District Attorney - 13th Judicial District,[]
0,Eagle County Commissioner - District 2,[]
0,Summit County Commissioner - District 3,[]
0,Town of Gilcrest Mayor,[]
0,Yuma County Commissioner - District 3,[]
0,State Representative - District 55,[]
0,State Representative - District 54,[]
0,Yuma County Commissioner - District 2,[]
0,Town of Wiggins Mayor,[]
0,Phillips County Commissioner - District 3,[]
0,Fremont County Surveyor,[]
0,Phillips County Commissioner - District 2,[]
0,Bent County Commissioner-District 3,[]
0,District Attorney - 11th Judicial District,[]
0,Baca County Commissioner - District 1,[]
0,State Representative - District 61,[]
0,Sedgwick County Sheriff,[]
0,Baca County Commissioner - District 3,[]
0,State Representative - District 63,[]
0,Washington County Commissioner - District 3,[]
0,Weld County Commissioner - District 1,[]
0,District Attorney - 17th Judicial District,[]
0,District Attorney - 21st Judicial District,[]
0,Archuleta County Commissioner - District 2,[]
0,Cheyenne County Commissioner - District 3,[]
0,Jackson County Commissioner Dist 3,[]
0,Cheyenne County Commissioner - District 1,[]
0,Jackson County Commissioner Dist 2,[]
0,Lake County Assessor,[]
0,Hinsdale County Commissioner District 3,[]
0,Town of Rockvale - Board of Trustees,[]
0,Prowers County Commissioner - District 1,[]
0,Prowers County Commissioner - District 3,[]
0,District Attorney - 15th Judicial District,[]
0,Kit Carson County Commissioner - District 1,[]
0,Kit Carson County Commissioner - District 3,[]
0,City of Dacono Council Members,[]
0,Otero County Commissioner District 3,[]
0,Otero County Commissioner District 1,[]
0,Town of Hayden Mayor,[]
0,San Miguel County Commissioner - District 1,[]
0,Montrose County Commissioner - District 1,[]
0,Moffat County Commissioner District 2,[]
0,Teller County Treasurer,[]
0,Ouray County Commissioner - District 3,[]
0,District Attorney - 1st Judicial District,[]
0,District Attorney - 19th Judicial District,[]
0,Mesa County Commissioner - District 3,[]
0,Town of Gilcrest Trustee,[]
0,Pitkin County Commissioner - District 4,[]
0,Pitkin County Commissioner - District 3,[]
0,District Attorney - 20th Judicial District,[]
0,La Plata County Commissioner District 2,[]
0,Town of Log Lane Village Trustee,[]
0,Regional Transportation District Director - District G,[]
0,Fremont County Board of County Commissioners - District 1,[]
0,Regional Transportation District Director - District I,[]
0,Regional Transportation District Director - District H,[]
0,State Senator - District 29,[]
0,Logan County Commissioner - District 1,[]
0,Logan County Commissioner - District 2,[]
0,Montezuma County Commissioner District 2,[]
0,Montezuma County Commissioner District 3,[]
0,Phillips County Sheriff,[]
0,Baca County Coroner,[]
0,Hinsdale County Coroner,[]
0,Delta County Commissioner - District 2,[]
0,District Attorney - 7th Judicial District,[]
0,Rio Grande County Commissioner District 3,[]
0,District Attorney - 9th Judicial District,[]
0,Elbert County Commissioner - District 1,[]
0,Elbert County Commissioner - District 3,[]
0,Clear Creek County Sheriff,[]
0,Boulder County Coroner,[]
0,Kiowa County Commissioner - District 1,[]
0,City of Cherry Hills Village Mayor,[]
0,Kiowa County Commissioner - District 3,[]
0,San Miguel County Clerk and Recorder,[]
0,Rio Blanco County Commissioner District 3,[]
0,Rio Blanco County Commissioner District 2,[]
0,City of Evans Ward 2 Council Member,[]
0,Town of Kersey Mayor,[]
0,Mineral County Commissioner - District 2,[]
0,District Attorney - 16th Judicial District,[]
0,District Attorney - 14th Judicial District,[]
0,Crowley County Commissioner - District 2,[]
0,Weld County Commissioner - At-Large,[]
11155,State Senator - District 6,[]
6042,District Court Judge - 11th Judicial District - Turner,[]
1236,Custer County Board of County Commissioners - District 3,[]
851,Custer County Board of County Commissioners - District 2,"[1320488,1321762,1320943,1322112,1323080,1321307,1321854,1322642,1321658,1321854,1321137,1321784,1321343,1323886,1322507,1321513,1321630,1322067,1321634,1322736,1322223,1323661,1320159,1321860,1323471,1321146,1323501,1323536,1320966,1320046,1320603,1322355,1323006,1322490,1322422]"
60409,Representative to the 119th United States Congress - District 7,[]
2091,Pitkin County Ballot Issue 1A: Affordable and Workforce Housing Mill Levy,"[4347517,4345692,4348301,4345032,4344719,4355523,4353127,4349005,4345319,4347898,4353556,4347886,4354847,4355215,4351922,4348196,4353242,4348085,4350878,4345394,4351565,4351739,4352723,4352815,4352790,4351322,4348425,4351689,4348538,4345116,4354970,4347677,4349158,4348935,4347721,4353433,4351098,4347148,4347405,4347592,4346939]"
107,Town of Snowmass Village - Mayor,[]
42047,Amendment 80 (CONSTITUTIONAL),[]
907565,Colorado Court of Appeals Judge - Dunn,[]
640976,Colorado Supreme Court Justice - Boatright,[]
164544,Proposition 129 (STATUTORY),[]
289847,Proposition 127 (STATUTORY),[]
1103998,Amendment I (CONSTITUTIONAL),[]
712233,Colorado Court of Appeals Judge - Schutz,[]
847284,Colorado Supreme Court Justice - Berkenkotter,[]
167935,Proposition 130 (STATUTORY),[]
5070,State Representative - District 58,[]
210403,Proposition 131 (STATUTORY),[]
728725,Proposition 128 (STATUTORY),[]
14583,District Court Judge - 7th Judicial District - Yoder,[]
1398674,Amendment G (CONSTITUTIONAL),[]
882306,Amendment J (CONSTITUTIONAL),[]
53350,State Board of Education Member - Congressional District 3,[]
1618132,Proposition JJ (STATUTORY),[]
741720,Amendment 79 (CONSTITUTIONAL),[]
411,Ouray County Commissioner - District 1,"[4325192,4325203,4326498,4325687,4326962,4326245,4325093,4325056,4325079,4324660,4323378,4325780,4323246,4324784,4327035,4326846,4327229,4324390,4324111,4324046,4324648,4325524,4325633,4326844,4327011,4323920,4324534,4327125,4326499,4326563,4326930,4325492,4324005,4325655,4325160,4324535,4326781,4324820,4327102,4324018,4325472,4325179,4325063,4326836,4323613,4325498,4327131,4323678,4326431,4325613,4323759,4324214,4326329,4324090,4323332,4324225,4323754,4324327,4323241,4324194,4326683,4323946,4326314,4323232,4324601,4327123,4326672,4325757,4325734,4326999,4326716,4323490,4323467,4323445,4325653]"
268650,Proposition KK (STATUTORY),[]
826629,Colorado Court of Appeals Judge - Kuhn,[]
350348,Presidential Electors,"[143006,188592,391982,443474,432131,619811,144040,743429,145688,592501,343460,879082,381745,1195876,1086493,271066,1096086,1307354,975763,1048360,1167732,1315208,960507,1287734,1239073,973807,872368,1153463,828508,1344200,1344064,2997671,3823678,1630209,3511522,1660595,2583483,2146607,1664281,2990693,1408685,3331133,2625854,2679629,3341931,3198857,2265473,1408880,2592244,1700597,2541052,2694998,3551242,2392878,2043120,2333995,1691599,2385373,2493163,2849863,2148680,3257167,2770606,3288821,2554185,2759990,2345641,2943716,2554203,2832364,3021273,2944163,3063312,2867935,3712233,2934453,2906351,3312433,4243427,4019647,4226696,3629428,4220172,3741270,4118750,3754271,3973874,4219480,4308996,4315900,4440766,4466341,4620491,4698039,4678642,4801267,4673352,4713008,4826952,805106]"
1356513,Amendment H (CONSTITUTIONAL),[]
836501,Colorado Court of Appeals Judge - Roman,[]
115121,Regent of the University of Colorado - At Large,"[143006,188592,391982,443474,432131,619811,144040,743429,366550,145688,592501,78659,343460,376233,370798,541822,680192,714461,372030,275052,120193,769971,269418,543942,67860,440161,135663,45539,522527,247980,260932,122056,750618,426142,609262,81801,379206,99076,879082,381745,1195876,1086493,265435,1115473,271066,1049636,576487,535235,1211745,360905,982302,1044687,1084659,235214,235037,1096086,1307354,975763,1048360,1167732,1315208,960507,1287734,1239073,973807,872368,1298803,1153463,1105828,1287687,1202347,828508,895825,713520,930846,963979,1307728,1135227,1221544,1283263,1277395,917399,1276591,1083203,1101492,1344200,1344064,1329491,2997671,3823678,1630209,3511522,1660595,2583483,2146607,1664281,2990693,1408685,3331133,2625854,2679629,3341931,3198857,2265473,1815113,1408880,2592244,1900223,3000129,2188375,1700597,2541052,2559421,2694998,3551242,3549959,1738953,2843649,2429887,1375137,1547250,2117174,2233107,1522610,2557857,2933073,3241410,3721134,2694743,1769787,2438049,2114467,2724129,1476446,2744501,1898171,2520288,1600214,1876136,1785492,2305164,2556346,2289855,2504100,2364480,3537387,1630716,3365969,2421650,1419757,1537736,3329882,2939735,1669722,1726049,1529204,2826631,2392878,2043120,2333995,2247083,2390036,1748684,1801655,1912330,2045539,2141719,1606923,1631570,1599698,1691599,1667779,2385373,2493163,2849863,2148680,3257167,2770606,3288821,2554185,2478085,2759990,2457023,2822634,2947053,2345641,2494776,3241651,2943716,2554203,2641386,3188432,3073267,2628617,2485470,2087601,2500411,2269092,2742146,2409172,3150543,2414026,2395877,2097076,1805939,2225407,2568598,2832364,3021273,2944163,3063312,3150315,3985740,3833073,3601012,2768288,2867935,3712233,3991133,2746560,2781237,3259099,4121739,3561554,2884490,2824273,3216556,3585248,3068847,4167685,2840735,2934453,2906351,3312433,4243427,4019647,4226696,3629428,4220172,3741270,4118750,3754271,3843132,3458110,4103067,3850058,4283096,3416407,3690183,4120344,4146351,3906895,3862230,3998024,3983316,4059855,4253629,4147684,3865199,4251602,4234674,3973874,3825950,3975186,3758001,4134329,4219480,4308996,4315900,4335817,4440766,4466341,4495312,4464575,4447815,4465561,4459345,4586809,4844174,4841474,4620491,4614149,4615660,4698039,4678642,4801267,4673352,4671263,4671800,4690053,4713008,4785307,4678486,4702021,4735295,4785759,4666658,4719235,4826952,805106,807465,728896]"
13567,District Court Judge - 7th Judicial District - Schultz,[]
297433,Amendment K (CONSTITUTIONAL),[]
503905,Colorado Court of Appeals Judge - Jones,[]
53314,Regent of the University of Colorado - Congressional District 3,[]
708027,Colorado Supreme Court Justice - Marquez,[]
19983,Representative to the 119th United States Congress - District 3,[]
1713,Ouray County Court - Thomasson,[]
11111,Montrose School District RE-1J Ballot Issue 5A,[]
20692,State Representative - District 60,[]
372,Town of Snowmass Village Ballot Question 2D: Approve Workforce Housing Project Spending Limit,[]
1814,City of Aspen Ballot Issue 2B: Extension of Existing 0.45% Sales Tax Affordable Housing and Day Care,[]
5701,Pitkin County Court - Andrews,[]
6731,Pitkin County Ballot Issue 1B: County Solid Waste Center Bonds,[]
116,Town of Snowmass Village - Town Council,[]
5108,State Representative - District 57,[]
3509,Pitkin County Ballot Question 1C: BOCC Referred Home Rule Charter Amendment,[]
1281,City of Aspen Ballot Issue 2A: Extension of Real Estate Transfer Tax,[]
2866,City of Aspen Ballot Issue 2C: Imposition of a Use Tax on Motor Vehicles,[]
3926,Pitkin County Commissioner - District 5,[]
16119,District Court Judge - 9th Judicial District - Norrdin,[]
2074,Pitkin County Ballot Question 200: Citizen Initiated Home Rule Charter Amendment,[]
3952,State Senator - District 5,[]
116,City Council Member,[]
1522,Phillips County Court Judge - Killin,[]
6207,District Court Judge - 13th Judicial District - McGuire,[]
91667,State Board of Education Member - Congressional District 4,[]
261,City of Holyoke Mayor,"[4342910,4343048,4343682,4342598,4342982,4341736,4343863,4342694,4343064,4342343,4342666,4343881,4343499,4343495,4343610,4343947,4343661,4341633,4342531,4341641,4341700,4343593,4343691,4343843,4341931,4342344,4342757,4343354,4341971,4342386,4342658,4343589,4343505,4342515,4342946,4342701,4343702,4341771,4343891,4343574,4342859,4343443,4341820,4342498,4342228,4343408,4342323,4343509,4342778,4343409,4343053,4343340,4343291,4343356,4342696,4342945,4342530,4342632,4342522,4341849,4342795,4342919,4342169,4341976,4342519,4342114,4342260,4342257]"
70,Holyoke School District RE-1J Ballot Issue 5K - Bonds,[]
4003,District Court Judge - 13th Judicial District - James,[]
51961,Representative to the 119th United States Congress - District 4,[]
4106,District Court Judge - 13th Judicial District - Haenlein,[]
104,BRUSH RURAL FIRE PROTECTION DISTRICT BALLOT ISSUE 7A,[]
700,Washington County Commissioner - District 2,"[4626432,4628186,4628973,4627603,4628315,4626602,4627951,4628420,4626815,4626694,4626822,4627936,4627177,4626738,4627396,4627439,4626891,4628671,4628436,4627582,4627778,4627410,4626788,4628816,4628083,4627180,4626513,4626626,4629025,4629161,4627883]"
186,San Miguel Authority for Regional Transportation (SMART) Ballot Issue 3A,[]
996,San Miguel County Ballot Question 1A,"[4584694,4586670,4587005,4587422,4584360,4585352,4583994,4585593,4585999,4586111,4587158,4587950,4587550,4583153,4587616,4585060,4586988,4586052,4584491,4587061,4583332,4586066,4584508,4587162,4584463,4587204,4587194,4587261,4586077,4585934,4583588,4585086,4584281,4585354,4583962,4583105,4584051,4584162]"
1353,San Miguel County Ballot Question 1B,[]
2546,San Miguel County Commissioner - District 3,[]
586,Norwood Fire Protection District Ballot Issue 7A,[]
89,Norwood School District R-2J Issue 5B,[]
15319,State Representative - District 47,[]
2364,Prowers County Ballot Issue 1A,"[4358588,4356227,4358670,4359738,4361063,4356932,4360767,4359242,4358557,4356308,4358530,4359655,4359691,4356329,4357218,4356294,4359400,4360565]"
2388,District Court Judge - 15th Judicial District - Davidson,[]
116,Sedgwick County Commissioner - District 3,"[4588931,4589253,4589142,4588670,4589388,4588441,4588552,4589070,4588796,4588434,4588484,4589357,4589165,4588253,4588362,4588740,4589389,4589071,4588395,4589331,4589475,4589337,4588379,4588474,4588403,4588943,4589363,4588405,4589102,4588385,4588816,4589441,4588524,4589260,4588784,4588823,4589197,4588325,4589053,4588235,4588124,4589262,4589339,4589234,4588483,4589435,4589255,4589339,4588377,4588416,4588294,4588418,4589056,4588493,4589426,4588192,4588696,4589251,4588689,4588271,4589220,4589149,4588413,4588130,4588993,4589419,4589207,4589224,4589114,4589467,4589399,4588577,4588643,4589234,4588993,4589008,4589041,4589041,4589161,4588647,4588141,4588789,4588652,4588978,4588971,4588742,4588653,4588629]"
423,Sedgwick County Court - Landry,[]
486,Crawford Water Conservancy District Ballot Issue 7B,[]
3659,Otero County Ballot Question 1A,"[4316215,4322865,4318931,4322717,4315712,4322795,4314601,4319738,4321137,4314056,4318417,4315169,4317892,4319665,4319360,4320475,4314482,4319262,4317096,4318496]"
350,Town of Fowler Ballot Issue 2A,[]
4453,District Court Judge - 16th Judicial District - Vigil,[]
5678,State Representative - District 13,[]
1878,Park County Commissioner District 2,[]
1816,Park County Commissioner District 1,"[4338229,4328329,4329751,4337082,4330642,4329281,4337653,4337729,4339110,4329578,4340071,4328295,4336144,4340095,4336439,4329377,4337599,4336141,4333971,4329296,4340453,4339389,4334625,4338632,4340976,4339657,4329138,4340791,4337316,4334437,4341135,4340902,4340159,4332113,4333332,4339726,4341287,4330745,4332361,4340516,4335076,4334749,4337789,4336489,4336837,4337175,4332549,4331101,4330424,4336448,4332315,4328525,4333039,4330429,4330927]"
255,Hartsel Fire Protection District Ballot Issue 6A - Mill Levy Increase,[]
2423,Ute Pass Regional Health Service District Ballot Issue 7A1,[]
2941,State Representative - District 62,[]
334,Mineral County Commissioner - District 3,"[3898117,3896315,3898112,3898162,3896371,3896719,3898215,3897083,3898429,3897986,3898122,3898287,3896568,3898153,3897588,3896739,3897976,3897541]"
8014,District Court Judge - 12th Judicial District - Cortez,[]
75493,District Court Judge - 4th Judicial District - May,[]
3269,State Representative - District 18,[]
70605,District Court Judge - 4th Judicial District - Moller,[]
778,City of Woodland Park Ballot Question 2A,[]
1096,State Senator - District 12,[]
69412,District Court Judge - 4th Judicial District - Bentley,[]
63851,District Court Judge - 4th Judicial District - Evig,[]
95958,District Court Judge - 4th Judicial District - Shakes,[]
67101,District Court Judge - 4th Judicial District - Billings-Vela,[]
83949,District Attorney - 4th Judicial District,[]
57392,District Court Judge - 4th Judicial District - Findorff,[]
2509,Teller County Ballot Question 1B,[]
1721,Teller County Ballot Question 1A,"[4620007,4610860,4624325,4612893,4624624,4615971,4619017,4623110,4618485,4620853,4624701,4625363,4619613,4614249,4611051,4625053,4621584,4617289,4622884,4619633,4623825,4610873,4615231,4609168,4620592,4617100,4617328,4619258,4625207,4623259,4625647,4624156,4625528,4624874,4618468,4617037,4612956,4624477,4622330,4611480,4621528,4619729,4622212,4618952,4614553,4623180,4612622,4615353,4620421,4625222,4616501,4610561,4614366,4621510,4616199,4621468,4610276,4622161,4612196,4618656,4619506,4617777,4618342,4620108,4618637,4617810,4614099,4616615,4616557,4609329,4611647,4615325,4613515,4611913]"
84870,District Court Judge - 4th Judicial District - Brady,[]
5305,District Attorney - 22nd Judicial District,[]
195,Dove Creek Ambulance District Ballot Issue 6A,"[1428208,1425941,1426542,1425768,1428061,1427042,1427341,1428313,1427878,1427619,1428789,1427585,1425769,1427012,1428302,1428674,1427600,1428876,1427040,1427878,1428773,1428269,1426089,1428863,1426666,1427212,1427565,1426061,1427842,1428660,1427875,1426102,1425922,1426450,1428875,1426388,1426535,1427158,1428614,1428076,1427028,1427867,1426114,1425894,1426854,1426542,1426887,1427220,1427007,1426559,1426551,1425746,1426107,1426711,1426439,1426538]"
5839,District Court Judge - 22nd Judicial District - Plewe,[]
299,Dolores County Commissioner District 2,[]
516,Dolores County Commissioner District 3,[]
168,Rico Fire Protection District Ballot Question 6B,[]
181,Town of Paonia Ballot Issue 2A,[]
1820,Delta County Court - Zeerip,"[1337589,1324633,1330719,1336243,1328171,1335921,1342910,1329427,1335492,1338640,1324970,1335063,1324658,1327643,1329496,1342201,1333882,1340206,1335053,1342442,1327708,1341353,1329621,1325897,1327544,1343776,1328160,1332053,1340806,1339507,1326125,1331904,1339865,1339958,1343704,1328344,1341102,1325990,1342442,1336924,1329541,1328716,1340049,1328606,1327179,1336356,1335074,1342092,1327795,1325644,1337782,1335604,1332329,1339253,1331540,1339801,1338943,1340359,1337079,1340097,1336534,1337868,1334921,1338649,1330811,1335142,1329293,1339117,1333481,1333850,1337995,1337071,1324781,1335790,1335152,1330908,1332735,1330382,1330412,1330316,1329434]"
5479,Delta County Commissioner - District 3,[]
474,Amendment 80 (CONSTITUTIONAL) - Rio Blanco,"[4422342,4414834,4414891,4413462,4419845,4416614,4419171,4419840,4420240,4418981,4421871,4416056,4422287,4417089,4417528,4415810,4413407,4422150,4422512,4413619,4416034,4414763,4418274,4415681,4417933,4416877,4418745,4417878,4414993,4420392,4413997,4417650,4418093,4416723,4419226,4422181,4421760,4416482,4414653,4417684,4416854,4421749,4414193,4419783,4414645,4420368,4422740,4422782,4414448,4420529,4420773,4422314,4422181,4422484,4421518,4419561,4421925,4414020,4419386]"
150,Rangely School District RE-4 Ballot Issue 4A,[]
6382,State Representative - District 26,[]
19279,Broomfield County Court - DeWick,[]
9257,State Representative - District 33,[]
17739,Broomfield Ballot Question 2B,[]
8239,Broomfield Ballot Question 2A,[]
10691,Broomfield Ballot Question 2D,[]
464,Broomfield Ballot Question 2C,[]
17256,Broomfield Ballot Question 2F,[]
648779,Regional Transportation District Ballot Issue 7A,[]
9993,Broomfield Ballot Question 2E,[]
6780,Broomfield Ballot Question 2G,"[765172,847804,869211,847648,874352,822455,863519,819346,868712,838654,715509,756755,833630,810634,715853,748171,856760,775569,839234,700256,699491,872125,830771,700721,718688,828814,822671,840431,833321,867867,758540,851979,840483,841036,822457,705703,851947,852677,739769,837895,815011,803476,830518,691040,762717,698406,691505,787851,773650,757760,773481,815168,811751]"
490,Weld County School District RE-8 Ballot Issue 5G Override,[]
10481,Adams 12 Five Star Schools Ballot Issue 5E,[]
12622,Adams 12 Five Star Schools Ballot Issue 5D,[]
70851,District Court Judge - 17th Judicial District - Vasquez,[]
52696,St. Vrain Valley School District RE-1J Ballot Issue 5C,[]
607,Weld County School District RE-8 Ballot Issue 5H Bonds,[]
37549,17th Judicial District Ballot Question 7B,[]
67695,District Court Judge - 17th Judicial District - Holbrook,[]
57569,District Court Judge - 17th Judicial District - Martin,[]
331,Alamosa School District RE-11J Ballot Issue 5A,[]
424,City of Alamosa Ballot Issue 2B,[]
376,City of Alamosa Ballot Issue 2A,[]
1757,Alamosa County Commissioner - District 1,"[94462,114481,108146,111247,115955,105897,98991,118025,105956,113398,98636,96559,102848,97654,97177,111093,100387,94888,92444,93046,115177,93227,106383,117433,103805,117401,105808,115767,116145,109104,104635,115266,94995,116245,95529,114932,96139,117383,108081,109234,105971,97563,114883,96543,96143,95984,116732,108451,103911,114705,102483,116035,106856,103021,105318,102839,107980,113341,107771,108993,103486,102037,101532,103858,103790]"
3230,Rio Grande County Commissioner District 1,[]
1382,Rio Grande County Court - Stenger,"[4489071,4487380,4475791,4479222,4482861,4481128,4487569,4490984,4491678,4477418,4487159,4490371,4486667,4488669,4481895,4489305,4484068,4485073,4479896,4480516,4490754,4486542,4487165,4491444,4484498,4486722,4489126,4490352,4476908,4486950,4484251,4485589,4482636,4476385,4476348]"
1073,City of Craig Ballot Question 2A,"[4056540,4056174,4060945,4071712,4056837,4066602,4058870,4066109,4057017,4066880,4071267,4057360,4070614,4059192,4066912,4072753,4057751,4066460,4054207,4061998,4068737,4071637,4062413,4069866,4056537,4055197,4058250,4070218,4071790,4058126,4062426,4057582,4069634,4072411,4071241,4070504,4072640,4068381,4071652,4070502,4054611,4064999,4054609,4060835,4061108,4066117,4061465]"
3349,Moffat County Commissioner District 1,[]
2860,Affordable Housing 0.5% Sales Tax Increase,[]
5433,Chaffee County Court - Bull,[]
40,Funding Poncha Springs Law Enforcement And Parks And Recreation,[]
2294,Retain Revenue For Affordable Housing,[]
182,Town of Gilcrest Ballot Question 2P,[]
1220,Chaffee County Commissioner - District 2,"[971459,968463,993517,1001338,977109,998092,1001361,975495,1004319,1000711,1006536,979542,993154,977460,970496,999977,1007745,996421,1008754,984052,1004021,1006683,978589,1001789,978780,978997,1002662,1007955,978557,995903,984203,977289,979113,1006702,970524,969195,1008129,971417,999612,1010021,980244,973263,967405,1006918,984468,988647,1005909,968803,1007109,972993,979833,991446,973446,975748,987892,992618,989728,1007380,1006858,1005503,998633,975911,1001375,997238,1003429,998858,999644,972019,972431,1005054,1005630,991096,980922,1005149,992771,998019,998276,993899,998265,1000016,998238,995948,993110,992307,981729,983727,992107,1009240,983139]"
1868,Chaffee County Commissioner - District 1,[]
41,Town of Mead Trustee,[]
1584,City of Dacono Ballot Question 2J,[]
622,City of Dacono Ballot Question 2G,[]
146,City of Dacono Ballot Question 2I,[]
504,City of Dacono Ballot Question 2H,[]
21,Town of Kersey Trustee,[]
4026,Carbon Valley Parks and Recreation District Ballot Issue 6C,[]
209,Town of Erie - Council Member District 2,[]
1014,Town of Erie - Council Member District 3,[]
123,State Representative - District 19,[]
405,City of Fort Lupton Ballot Question 2E,[]
2069,City of Fort Lupton Ballot Question 2C,[]
9927,Weld County Council - District 1,[]
31765,State Senator - District 17,[]
7985,State Senator - District 13,[]
563,State Representative - District 50,[]
14181,City of Greeley Ballot Issue 2M,[]
13499,Thompson School District R2-J Ballot Issue 5B,[]
11074,City of Greeley Ballot Issue 2L,[]
12328,Thompson School District R2-J Ballot Issue 5A,[]
577,Town of Erie Mayor,[]
720,Weld County School District No. RE-7 Ballot Issue 4B Bonds,[]
37387,District Court Judge - 19th Judicial District - Taylor,[]
258,Town of LaSalle Mayor,[]
15782,State Representative - District 65,[]
14653,State Representative - District 64,[]
579,Town of LaSalle Ballot Question 2K,[]
297038,State Board of Education Member - Congressional District 2,[]
3,Weld County School District RE-10J Ballot Issue 5D Bonds,[]
16038,State Board of Education Member - Congressional District 8,[]
26166,City of Longmont Ballot Issue 3A,[]
731,Town of Mead Ballot Question 2R,[]
2482,Town of Severance Ballot Issue 2A,[]
4,Town of Hudson Town Council,[]
1578,City of Evans Mayor,[]
6312,City of Greeley Ballot Question 2O,[]
8869,City of Greeley Ballot Question 2N,[]
748,Weld County School District RE-3J Ballot Issue 5F Override,[]
59,Weld County School District No. RE-9 Ballot Issue 4C Bonds,[]
34439,District Court Judge - 19th Judicial District - Esser,[]
65,Town of LaSalle Trustee,[]
1552,Town of Erie Ballot Issue 3C,[]
73876,State Senator - District 23,[]
67,Regional Transportation District Ballot Question 7B,[]
222,Town of Hudson Ballot Issue 2F,[]
731,Weld County School District No. RE-7 Ballot Issue 4A Mill Levy Override,[]
39,Town of Keenesburg Board of Trustees,[]
48151,St. Vrain and Left Hand Water Conservancy District Ballot Issue 7C,[]
164187,Representative to the 119th United States Congress - District 2,[]
2448,Representative to the 119th United States Congress - District 8,[]
189,Town of Mead Ballot Issue 2Q,[]
654,City of Fort Lupton Ballot Issue 2D,[]
839,City of Fort Lupton Ballot Issue 2B,[]
15611,District Court Judge - 19th Judicial District - Crowther,"[4746966,4720277,4631526,4794048,4806115,4643703,4777353,4779549,4736824,4733794,4673309,4635325,4765045,4771747,4792707,4650879,4806258,4791734,4811023,4748275,4745378,4702569,4816301,4659390,4681329,4747019,4808222,4679890,4764911,4708763,4668825,4712857,4783764,4677651,4691111,4665787,4818619,4804404,4733851,4796651,4721569,4676877,4711646,4683415,4719821,4740099,4739289,4816968,4767301,4691149,4655270,4707863,4787595,4699308,4707448,4697156,4636390,4813349,4757662,4782763,4686132,4670255,4657358,4787105,4677699,4717517,4691404,4696374,4715897,4794657,4766973,4679818,4738773,4685023,4763177,4718264,4771178,4691361,4737770,4735985,4715220,4814325,4734243,4813485,4768395,4814671,4751220]"
1200,City of Dacono Mayor,[]
586,Ault Fire Protection District Ballot Issue 6A,[]
528,Ault Fire Protection District Ballot Issue 6B,[]
967,Crowley County Commissioner - District 3,"[1318843,1319136,1319190,1319187,1319382,1319225,1319602,1318092,1319464,1319132,1318866,1318966,1318091,1318054,1318314]"
1560,Pueblo County Commissioner - District 1,[]
3294,Pueblo County Commissioner - District 2,"[4435895,4474536,4509211,4378010,4520495,4428246,4473479,4378966,4386826,4377344,4463336,4411550,4371757,4524942,4520938,4559178,4450274,4488159,4418008,4421443,4510697,4447326,4458214,4503379,4374293,4525337,4365137,4474708,4430654,4370313,4537768,4422023,4505437,4379959,4405104,4385795,4391175,4443799,4448245,4524341,4542124,4367626,4427706,4376864,4428242,4494768,4446581,4561356,4471702,4513461,4367908,4476299,4365649,4412319,4523934,4486207,4425295,4525942,4496692,4496028,4394368,4431028,4430702,4377979,4437348,4472300,4433570,4546652,4377355,4393694,4450853,4490047,4389458,4423887,4433492,4462959,4387814,4394388,4392312,4415449,4412504,4472108,4430939,4399822,4473808,4553599,4529017,4457449,4503647,4397131,4510040,4423961,4518765,4538589,4490995,4526359,4447966,4441407,4456220,4506410,4386886,4403659,4506855,4503057,4404516,4498174,4441996,4466466,4381277,4496764,4513134,4507599,4458096,4462648,4423571,4496685,4524352,4530740,4493057,4373069,4455062,4429733,4398653,4551607,4520463,4512072,4409011,4397293,4432365,4365777,4446703,4370973,4547499,4421674,4492785,4524652,4373037,4514800,4445933,4505223,4434145,4508906,4396389,4446534,4401958,4502061,4474276,4385149,4368784,4540591,4547287,4556922,4372234,4478073,4446694,4426204,4538790,4364626,4487869,4370716,4407347,4501844,4379163,4363664,4375559,4404329,4383911,4418766,4434235,4555494,4372426,4489633,4559804,4394554,4371330,4448125,4366348,4527247,4363533,4539229,4474030,4434977,4431989,4435856,4432930,4542657,4506062,4505416,4381763,4364261,4464303,4373213,4396924,4408778,4365359,4434868,4365752,4472804,4459375,4557072,4462318,4531244,4429152,4513522,4417551,4412677,4368077,4436905,4500541,4461108,4404554,4375273,4553135,4474111,4366866,4535257,4432437,4556680,4405420,4365470,4373277,4431968,4420842,4493057,4459338,4366042,4504123,4378339,4494921,4553526,4505126,4519341,4428204,4402509,4458199,4430979,4526001,4429212,4519973,4363908,4531256,4498533,4523999,4463086,4470551,4484165,4487230,4413072,4461808,4532111,4528509,4548994,4490609,4367962,4365766,4413472,4505335,4481784,4478638,4437639,4488089,4493167,4449589,4387157,4405172,4510844,4441825,4383759,4458443,4562555,4530220,4385345,4536000,4479177,4376370,4428482,4442005,4512925,4374145,4546453,4515153,4452722,4496129,4496784,4381084,4496087,4412816,4497213,4508452,4389984,4537503,4433095,4449839,4426895,4517171,4523130,4378415,4529295,4483067,4483511,4516491,4528880,4403337,4452050,4422623,4554893,4386513,4391966,4405674,4473134,4432645,4534368,4404369,4372104,4400603,4469774,4402815,4381898,4485074,4406225,4527711,4445841,4435812,4462189,4549607,4392660,4523259,4535648,4407785,4414039,4439298,4408700,4436134,4390784,4365292,4468293,4550079,4414033,4381345,4503238,4411094,4464967,4377060,4394338,4525941,4413246,4549150,4443123,4492289,4389630,4445675,4464839,4390020,4430752,4396183,4556347,4398269,4466142,4512253,4419640,4499844,4509009,4439291,4376695,4366911,4438812,4421249,4467644,4367344,4468860,4449443,4444197,4492612,4456263,4460363,4422070,4411932,4396244,4394398]"
2077,State Representative - District 46,[]
17651,District Court Judge - 10th Judicial District - O'Shea,[]
1789,Pueblo County Rural 70 School District Ballot Issue 4A,[]
12033,Pueblo County Court - Vellar,[]
5836,City of Pueblo Ballot Question 2D - Charter Amendment - Municipal Election Provisions,[]
10184,District Attorney - 10th Judicial District,[]
2015,City of Pueblo Ballot Question 2C - Charter Amendment - Greater Election Coordination,[]
15503,Pueblo County Court - Silva,[]
182,City of Pueblo Ballot Question 2B - Charter Amendment - Modernize Terms & Technology,[]
1199,City of Pueblo Ballot Question 2A - Charter Amendment - Municipal Court Maximum Fines,[]
387,Town of Palisade Ballot Issue 2A,[]
27997,Mesa County Court Judge - Grattan III,[]
14650,Mesa County Valley School District 51 Ballot Issue 4B,[]
17946,Mesa County Valley School District 51 Ballot Issue 4A,[]
60,Town of De Beque Ballot Question 2B,[]
28421,Mesa County Commissioner - District 1,[]
11483,Mesa County Ballot Issue 1B,[]
11483,Mesa County Ballot Issue 1A,"[3993828,3912713,3921398,3958261,3876269,3893019,3975563,3888551,3958945,3768717,3997185,3991574,3872363,3791796,3942172,3861368,3748779,4006380,3904081,3822848,3941612,3887068,3838909,3933573,3899602,3936002,3912215,3976851,4012665,3814868,3746575,3806609,3845480,4012282,3833482,3977815,3965337,4021400,3935287,3987134,3819296,3818429,3870643,3868254,3960849,3799516,3963313,3958538,3965822,3963915,3902834,3906606,3814759,3922279,4029414,3913941,3792469,3859073,3796424,4014456]"
82792,Boulder County Court - Martin,[]
181,Lafayette Downtown Development Authority Ballot Question 6A,[]
33,Homestead Public Improvement District of Boulder County Ballot Issue 6D,[]
77589,District Court Judge - 20th Judicial District - Lindsey,[]
15,Town of Superior - Trustee,[]
15851,State Representative - District 49,[]
19,Town of Erie - Council Member District 1,[]
17630,State Representative - District 11,[]
27538,State Representative - District 10,"[1142868,821978,794401,610687,924652,1273367,892776,640213,736578,875333,666184,1157486,891983,1074199,1147072,1063670,791159,1037209,960426,892853,760203,852269,1222157,1039032,926677,1236974,1262706,678989,965035,1052031,853367,944336,1166129,723567,681607,852410,1160290,1025164,1279433,1252082,1180220,1188538,969277,1183637,1207590,653415,1090859,1059219,933037,1217961,838265,1144797,613003,1216228,697078,1278205,929936,722006,1313569,850910,877763,1012630,1156347,904936,914440,938733,1096881,800020,1235218,779960,680627,1116251,1167604,911247,995831,1315861,1139409,657912,1153866,944246,652403,1172156,1137659,1138760,1221714,839876,1059170,1167207,1153955,1230144,1316133,890016,784132,948285,868890,781640,1284122,631940,1287025,1316174,1206471,780522,930279,1291275,1226958,1144358]"
27530,State Representative - District 12,[]
165,Lafayette Downtown Development Authority Ballot Issue 6B,[]
65330,State Senator - District 18,[]
91515,Boulder County Commissioner - District 2,[]
142746,Boulder County Commissioner - District 1,[]
19,City of Louisville City Council Ward 1,[]
135,Eldorado Springs Public Improvement District Ballot Question 6C,[]
71385,District Court Judge - 20th Judicial District - Mulvahill,[]
3743,City of Lafayette Ballot Question 2A,[]
80680,District Court Judge - 20th Judicial District - Gunning,[]
883,Town of Lyons Ballot Question 2B,[]
571,Town of Superior Ballot Issue 3B,[]
79250,District Court Judge - 20th Judicial District - Collins,[]
64,City of Boulder Ballot Question 2E,[]
8900,City of Boulder Ballot Question 2C,[]
6385,City of Boulder Ballot Question 2D,[]
6419,County Court Judge - Routt,[]
221,Town of Oak Creek Ballot Question 2A,[]
102,West Routt Fire District Ballot Issue 6A,[]
1400,Routt County Commissioner - District 1,"[4560618,4570454,4571323,4547046,4563026,4530796,4568669,4530814,4544627,4571273,4572929,4555714,4543116,4562809,4577372,4570063,4534467,4578702,4544413,4551600,4567526,4540800,4578732,4570988,4564617,4549756,4568687,4548726,4560883,4573852,4561943,4574618,4568208,4562152,4536423,4573660,4563527,4565457,4572380,4562258,4576431,4569029,4573073,4545176,4565787,4578378,4563643,4571350,4571312,4573900,4539328,4568991,4539383,4574087,4535543,4569729,4571775,4571778,4568539,4572037,4576614,4577167,4539340,4555747,4537902,4536603,4576589,4576724,4536387,4577641,4531851,4573048,4575560,4536925,4531330,4569344,4531259,4574427,4560188,4577789,4552685,4569374,4577740,4538701,4547062,4577083,4577365,4535153,4543831,4534565,4572748,4567184,4536067,4533961,4537835,4553793,4547523,4545295,4568798,4575706,4560540,4542050,4562895,4558090,4567223,4572979,4573435,4530965,4563483,4564707,4551419,4577997,4570956,4574290,4549257,4569436,4571794,4577552,4568945,4567629,4534512,4561992,4563364,4575695,4563979,4565975,4533720,4534690,4573268,4571162,4571899,4570526,4570944,4566025,4569745,4534699,4550158,4571481,4545460,4561893,4540982,4548076,4565559,4566333,4556796,4554658,4561237,4544106,4563008,4549050,4556707,4557182,4533849,4543422,4558315,4556426,4556016,4551655,4541552,4532177,4550921,4546327,4550661,4540235,4547053,4550949,4541539,4542348,4546536,4545174,4544175,4540525,4541286,4541870,4539562]"
3655,Routt County Commissioner - District 2,[]
98,Town of Hayden Councilmember,[]
1149,State Representative - District 59,[]
1878,Archuleta County Commissioner - District 1,"[253668,229013,232069,245263,237172,240689,252238,234861,249241,229148,224858,252961,241971,237434,245667,233522,232372,253472,234849,231097,243498,240668,253037,248143,241130,241042,248145,233239,241681,248859,247153,238728,241761,246515,233557,234514,234266,233067]"
13682,District Court Judge - 6th Judicial District - Shropshire,[]
18001,District Court Judge - 5th Judicial District - Olguin-Fresquez,[]
260,Town of Minturn Ballot Issue 2B: Excise Tax Increase on Short Term Rental Lodging,[]
4635,Eagle County Commissioner - District 1,"[1626342,1618132,1562090,1564573,1582852,1553784,1611694,1579221,1583072,1602705,1573908,1631590,1585349,1574591,1609792,1615019,1617739,1621295,1619617,1554575,1573954,1632143,1576357,1566996,1629414,1616277,1580343,1618121,1604006,1619973,1593467,1572365,1596210,1609314,1617255,1571405,1577524,1598345,1577078,1549610,1558461,1558604,1574338,1633411,1569425,1549102,1633536]"
340,Town of Avon - Council Member,[]
138,Town of Avon Ballot Issue 2C: Use Tax on New Construction to Fund Community Housing,[]
366,Town of Gypsum Ballot Issue 2A,[]
3052,Eagle River Fire Protection District Ballot Issue 6A,[]
19,Town of Morrison Trustee,[]
108347,Jefferson County Court-Carpenter,[]
30452,Foothills Park & Recreation District Ballot Issue 6D,[]
106431,Jefferson County Court-Peper,[]
381,City of Littleton Ballot Issue 3B,[]
10486,State Representative - District 30,[]
8836,State Representative - District 35,[]
4953,State Representative - District 38,[]
3632,Fairmount Fire Protection District Ballot Question 6C,[]
41410,Jefferson County Commissioner - District 2,"[2760285,4114133,4038952,3865630,3683046,4048581,3180242,2958988,3738995,4030454,3945152,3954212,2937837,2950374,3691242,3725698,2895319,2924512,3488706,3324095,2750070,3618510,3165452,3048613,3924486,4110360,4067863,2747917,2814469,3327218,3420245,3761805,2749727,3988379,3192401,3583838,3617980,3906246,3703618,2883809,2834561,3578974,2987696,3926853,3160592,3283638,3455020,3425487,2769308,3722218,3861230,4043383,3943690,3132523,3946900,4058989,3447780,2830168,2835291,4033661,3455442,2821851,2740875,3552984,3975085,4167655]"
43566,Jefferson County Commissioner - District 1,[]
3557,Arvada Fire Protection District Ballot Question 6A,[]
2536,State Representative - District 25,[]
7088,State Representative - District 24,[]
13780,State Representative - District 23,[]
10751,State Representative - District 29,[]
2892,State Representative - District 28,[]
7216,State Representative - District 27,[]
2658,Fairmount Fire Protection District Ballot Issue 6B,[]
2211,Ken-Caryl Metropolitan District Ballot Issue 6F,[]
14302,State Senator - District 19,[]
4433,State Senator - District 16,[]
102877,Jefferson County Court-Goman,[]
6198,City of Wheat Ridge Ballot Question 2C,[]
9870,City of Wheat Ridge Ballot Question 2B,[]
19678,City of Lakewood Ballot Issue 2A,[]
45,Town of Mountain View Ballot Question 2D,[]
109,Town of Mountain View Ballot Question 2E,[]
3581,City of Westminster Ballot Issue 3C,[]
108107,Jefferson County Court- Burback,[]
4909,City of Westminster Ballot Question 3D,[]
5920,Regional Transportation District Director - District D,[]
20537,State Senator - District 26,[]
70306,Regional Transportation District Director - District M,[]
102453,District Court Judge - 1st Judicial District - Hunt,[]
238,Mountain Shadows Metropolitan District Ballot Issue 6E,[]
99,Town of Morrison Ballot Question 2F,[]
190008,Representative to the 119th United States Congress - District 1,[]
70501,Representative to the 119th United States Congress - District 6,[]
110228,Jefferson County Court-Wheeler,[]
92064,District Court Judge - 1st Judicial District - Carrithers,[]
53261,Jefferson County Ballot Issue 1A,[]
4,State Representative - District 1,[]
942,Dolores School District RE-4A Ballot Issue 4-A,[]
654,Cortez Fire Protection District Ballot Issue 6-A,[]
2053,Montezuma County Ballot Issue 1-A,"[4135866,4153617,4165593,4139249,4144422,4155101,4158058,4138703,4159772,4169404,4130355,4137145,4129652,4145541,4125452,4128843,4125209,4135363,4159492,4169424,4152063,4167485,4167910,4148622,4164321,4166301,4152297,4126063,4134566,4128346,4129506,4163857,4158305,4128856,4167148,4131598,4155217,4129845,4168159,4154811,4160417,4155778,4162915,4143666,4136660,4153866,4148772,4157368,4155602,4136238,4151154,4142928,4134133,4139368,4143474,4131906]"
671,Montezuma Cortez RE-1 Ballot Issue 4-B,[]
128,Walsh Hospital District Ballot Issue 6A,[]
175,Town of Springfield Ballot Issue 2A,"[317375,316891,315263,319459,314785,315270,317692,320037,317879,316726,320628,315277,319212,317839,317972,321247,319526,318764,321287,319173,319521,317339,321064,317696,315262,315013,319254,316316,317400,320556,321146,317184,317879,321076,320895,318735,317343,315280,316478,321310,315022,317056,319529,319524,315813,317188,318634,315274,320725,318885,317106,321210,320085,314941,314956,319458,315001,321448,315235,315246,320830,319729,315039,314813,316889,316208,317193,317412,316854,320731,320786,320864,318721,315843,317157,317841,315845,318770,317727,316888,314884,316271,316914,317744,315707,317209,316211,317022,316232,317032,316437,315810]"
30,Baca County Court Judge - Lishchuk,[]
127462,District Court Judge - 18th Judicial District - Figa,[]
44093,Douglas County School District RE-1 Ballot Issue 5A,[]
148783,District Court Judge - 18th Judicial District - Lung,[]
123,Town of Kiowa Issue 2A,[]
155154,District Court Judge - 18th Judicial District - Whitaker,[]
9438,Elbert County Question 1A,"[1638208,1676341,1643122,1647034,1639362,1706408,1643576,1653846,1679521,1651767,1705881,1698439,1702201,1667917,1701767,1671650,1682885]"
59237,District Attorney - 23rd Judicial District,[]
28536,State Representative - District 56,[]
123984,District Court Judge - 18th Judicial District - Leutwyler,[]
61762,District Court Judge - 18th Judicial District - Whitfield,[]
88,Town of Elizabeth Question 2B,[]
47,Elizabeth Mayor,[]
168696,District Court Judge - 18th Judicial District - McLean,[]
61,Calhan School District RJ1 Question 5B,[]
86,Kiowa School District C-2 Issue 4A,[]
46710,District Attorney - 18th Judicial District,"[569509,325534,716379,421029,1141024,741616,807743,1158355,926312,522890,680740,1145857,357516,786644,481096,557570,924985,413028,296836,621423,266755,1114552,663930,669902,968667,206226,1103654,1086313,592822,923150,400335,489925,653238,673408,683024,1000179,1034772,476268,347173,723736,322550,506812,1059418,327726,1087576,386322,1052376,524298,1203087,283113,1128966,585062,1653517,1658327,1663611,1699652]"
10,Elizabeth Trustee Ward 3,[]
47,Elizabeth Trustee Ward 1,[]
143718,District Court Judge - 18th Judicial District - Toussaint,[]
537,Bent County Commissioner-District 1,"[385242,391088,385806,386921,390067,388557,385583,390241,390020,389855,390057,386307,385152,390037,389775,389002,390699,386968,390219,391231,386932,390076,388147,385160,386567,386906,385157,387134,385755,387742,385569,386358]"
748,Bent County Court - Clark,[]
5083,Montrose County Court - Harvell,[]
6351,Montrose County Court - Beckenhauer,[]
6122,Montrose County Commissioner - District 3,"[4192847,4206044,4220304,4238159,4185618,4238560,4180719,4218150,4227724,4189652,4182087,4207973,4233832,4190298,4184570,4214752,4222244,4240743,4190305,4217350,4219227,4240780,4221839,4192082,4227920,4193433,4226923,4211763,4193583,4194585,4211124,4193029]"
119,Town of Olathe Ballot Issue 2B: Public Safety Tax,[]
242,City of Montrose Ballot Issue 2A,[]
2692,City of Fort Morgan Ballot Question 2A,"[4296416,4300796,4307180,4313363,4298973,4305109,4310282,4299141,4293545,4301668,4311963,4293474,4312822,4301305,4302843,4297663,4311748,4307824,4307109,4312892,4312719,4308668,4312927,4309231,4305108,4312339,4312339,4292042,4307247,4309127,4312355,4293331,4307136,4293539,4307832,4302043,4306391,4306541,4303678]"
1,Town of Wiggins Trustee,[]
7382,Morgan County Commissioner District 3,[]
6219,Morgan County Commissioner District 1,[]
47,Town of Log Lane Village Mayor,[]
23,Larimer County Tanager Public Improvement District No. 72 Ballot Issue 6D,[]
17499,Poudre School District R-1 Ballot Issue 4A,[]
80655,Larimer County Court Judge - Lehman,[]
19,Larimer County Grayhawk Knolls Public Improvement District No. 43 Ballot Issue 6C,[]
32770,Larimer County Clerk and Recorder,"[3526138,4238993,3551236,4291291,3312661,3595723,4295353,4050599,3910941,3291221,4120321,3518637,3431024,3262969,4013368,4215928,3376573,3500125,3876588,4171070,3636352,4195801,3793135,3961715,4068851,3680845,3511004,4232203,3987244,3310552,3814841,4111405,3395092,3794808,3420855,3901447,3453705,3527144,4097336,3381961,4214110,3372200,3909055,4246705,4219186,3331571,3927385,4091068,3420734,3431093,4190922,3297700,4265939,4226466,3457713,4202768,3471152,3449887,4275160,3576628,4299348,3923644,4293576,4175232,3685393,4022261,3719525,3532577,4260333,3634846,4229985,3577807,3846242,3965719,4227766,3268777,3631483,3308184,4004981,4138612,3669744,4289103,3915528,4258791,3427581,3423425,3893348,3458506,4267353,3679238,3557442,4029213,4260657,4056986,3970626,4043565,4064064,3975822,3657917,4068533,3259087,3966274,4268211]"
7686,Larimer County Ballot Issue 1A,[]
23897,Larimer County Commissioner - District 2,[]
20387,Larimer County Commissioner - District 3,[]
34653,State Senator - District 14,[]
2832,State Representative - District 51,[]
20393,State Representative - District 53,[]
13078,State Representative - District 52,[]
50158,City of Fort Collins Ballot Issue 2A,[]
18020,City of Loveland Ballot Issue 2E,[]
14758,City of Loveland Ballot Issue 2F,[]
11730,City of Loveland Ballot Issue 2G,[]
30,Larimer County Vine Drive Public Improvement District No. 29 Ballot Issue 6B,[]
814,Crystal Lakes Fire Protection District Ballot Issue 6F,[]
61879,District Court Judge - 8th Judicial District - Findley,[]
95,Larimer County Poudre Overlook Public Improvement District No. 30 Ballot Issue 6A,[]
61502,District Court Judge - 8th Judicial District - Cure,[]
2305,District Attorney - 8th Judicial District,[]
18,Larimer County Fox Ridge Estates Public Improvement District No. 79 Ballot Issue 6E,[]
1162,Town of Wellington Ballot Question 2K,[]
9123,City of Loveland Ballot Question 2J,[]
9006,City of Loveland Ballot Question 2I,[]
10253,City of Loveland Ballot Question 2H,[]
23893,City of Fort Collins Ballot Question 2D,[]
23713,City of Fort Collins Ballot Question 2C,[]
26909,City of Fort Collins Ballot Question 2B,[]
47914,Larimer County Court Judge - Ecton,[]
89,CANON CITY AREA METROPOLITAN RECREATION AND PARK DISTRICT ISSUE #6B POOL DEBT FINANCING,[]
142,Town of Rockvale - Mayor,[]
9809,Fremont County Board of County Commissioners - District 3,"[1822769,1880842,1890804,1830014,1840344,1865519,1865726,1810010,1806876,1884358,1875267,1830901,1879736,1888480,1808121,1896914,1855720,1822894,1829974,1840036,1898993]"
611,CITY OF CANON CITY ISSUE #2A SALES AND USE TAX INCREASE FOR COMMUNITY POOL,[]
542,CANON CITY AREA METROPOLITAN RECREATION AND PARK DISTRICT ISSUE #6A OPERATING MILL LEVY,[]
60202,Adams County Court Judge - Kirby,[]
3612,State Representative - District 31,[]
12918,State Representative - District 36,[]
2463,State Representative - District 34,[]
734,North Range Metropolitan District No 2 Ballot Question 6K,[]
666,North Range Metropolitan District No 2 Ballot Question 6L,[]
667,North Range Metropolitan District No 2 Ballot Question 6I,[]
672,North Range Metropolitan District No 2 Ballot Question 6J,[]
54476,Adams County Court Judge - Jean,[]
49346,Adams County Court Judge - Ivey,[]
98,Second Creek Farm Metropolitan District No 2 Ballot Question 6H,[]
32,Second Creek Farm Metropolitan District No 2 Ballot Question 6G,[]
35,Second Creek Farm Metropolitan District No 2 Ballot Question 6D,[]
100,Second Creek Farm Metropolitan District No 2 Ballot Question 6C,[]
5,Second Creek Farm Metropolitan District No 2 Ballot Question 6F,[]
3,Second Creek Farm Metropolitan District No 2 Ballot Question 6E,[]
91,BNC Metropolitan District No 2 Ballot Question 6M,[]
246,Byers School District No. 32J Ballot Issue 5C,[]
55743,Adams County Court Judge - Nowak,[]
109,Adams County School District 14 Ballot Issue 4B,[]
241,Adams County School District 14 Ballot Issue 4A,[]
8023,Hyland Hills Park and Recreation District Ballot Issue No. 6B,[]
31386,City of Thornton Question 2A,[]
22669,Adams-Arapahoe School District 28J Ballot Issue 5A,[]
39107,Adams-Arapahoe School District 28J Ballot Issue 5B,[]
85596,Adams County Ballot Issue 1A,[]
129,BNC Metropolitan District No 2 Ballot Issue 6N,[]
13085,Adams County Commissioner - District 1,[]
44326,Adams County Commissioner - District 2,[]
17761,Adams County Commissioner - District 5,"[712065,11142,210964,164223,528313,442726,708958,27013,432795,205423,126816,611341,732044,146264,127266,539915,447378,317249,628196,8575,350464,406058,162132,320462,556978,171191,88681,106491,198197,274061,595765,205441,15041,42525,183954,417774,674631,577989,357969,17812,221244,383659,415793,47731,610861,157523,147404,16752,284558,43373,137386,443766,40506,312606,664554,186176,53971,655291,123785,451522,764319,644024,191037,534262,126456,54277,36219,346169,448128,390726,432274,390595,78973,644515,6265,217720,408120,543363,151418,414982,126391,250284,375974,17022,494898,431330,495548,6051,21990,11449,464133,87596,40006,76575,466662,445314,447091,681761,538839,507426,45107,375684,118423,87352,340761,49442,595397,20406,135053,57633,484011,16996,704356,395121,452172,63930,193075,427040,59448,149250,629239,83061,570167,574421,555332,86661,140709,33440,469193,609618,360119,156952,654814,50509,472909,759450,682019,139743,480545,595493,415462,183552,533445,309030,183738,114455,236789,33620,498487,54186,236993,340417,556766,208949,172640,526317,596147,424041,35085,305644,734194,500824,725549,154272,267507,598893,758064,368559,442320,493440,82106,100143,154722,475197,136653,58345,490125,462626,540700,554101,765877,733168,58096,111371,474161,567212,140385,593011,262505,263761,549461,240137,178977,667784]"
14918,State Senator - District 28,[]
11562,Westminster Public Schools Ballot Issue 4C,[]
1457,State Senator - District 21,[]
47948,Adams County Court Judge - Flaum,[]
60800,Adams County Court Judge - Dinnel,[]
13758,South Adams County Water and Sanitation District Ballot Issue No. 6A,[]
20891,City of Aurora Question 3A,[]
404,Garfield County Court - Roff,[]
87,Parachute Ballot Issue 2B Increase sales and use tax streets,[]
772,County Commissioner - District 3,[]
1943,County Commissioner - District 2,"[2094728,2141670,2146021,2069958,2102707,2131550,2045283,2079332,2130682,2082420,2103863,2112302,2056500,2119287,2123700,2136245,2109556,2135532,2116160,2088077,2147177,2069105,2091418,2072243,2044119,2064504,2118205,2143423,2122860,2119461,2133104,2099091,2131959,2058702,2121744,2092566,2111728,2115601,2079079,2122712,2087236,2103103,2132188,2051991,2041746,2119629,2106022,2148870,2139707,2094230,2125240,2143416,2083653,2106414,2132506,2045280,2092478,2139498,2045946,2130796,2115172,2147935,2118188,2082616,2090225,2137284,2096603,2074223,2131981,2109826,2094155,2132006,2107468,2049333,2088302,2122378,2114754,2132915,2117152,2077329,2132539,2130118,2132665,2115027,2050240,2051420,2081424,2105114,2070204,2088082,2091983,2109830,2124296,2098345,2076142,2114550,2103119,2103997,2116199,2053494,2083643,2093302,2070324,2045424,2062220,2086050,2089359,2072896,2062688,2055465,2077109,2037797,2059311,2061261,2053042,2049368,2044217]"
91,Glenwood Springs Ballot Issue 2A  Tax increase for Streets,[]
430,County Court Judge - Cheyenne,"[1031292,1031472,1030070,1030209,1030526,1030302,1032177,1029868,1030413,1032553,1030124,1030886,1032709,1032574,1031834,1030728,1030561,1031140,1030768,1030555]"
217,Gilpin County Commissioner - District 1,"[2222812,2221669,2217663,2230966,2223352,2232060,2223589,2221381,2227436,2226778,2220610,2222121,2224111,2218928,2221532,2224993,2230427,2222398,2220983,2219126,2228534,2223463,2229096,2224160,2222619,2221114,2218261,2227044,2223348,2219325,2222911,2220152,2220855,2222031,2223091,2228276,2228488,2225031,2224521,2226557,2228022,2221372,2220845,2218867,2224698,2229052,2220775,2218234,2228541,2225055,2225035,2225231,2223171,2224759,2219373,2230113,2227218,2229618,2228572,2225360,2226949,2230962,2229353,2217666,2224144,2224160,2218274,2231877,2219634,2220546,2224932,2221948,2229402,2220859,2230448,2221661,2224228,2228500,2224058,2222888,2225245,2218277,2218277,2222093,2222679,2231893,2219822,2231010,2226587,2221911,2219600,2224170,2217712,2217673,2226591,2217633,2231609,2227074,2222338,2223668,2220370,2227665,2220672,2227096,2222101,2217985,2232067,2226940,2228149,2220683,2220858,2227241,2219407,2218261,2226548,2229704,2231525,2220410,2218891,2220111,2219238,2219399,2227690,2220146,2219667,2230426,2219528,2230230,2227671,2218881,2218086,2229155,2226638,2218275,2229153,2227047,2227264,2228511,2227402,2229373,2227778,2217989]"
107,Gilpin County Commissioner - District 3,[]
24,Increase in City Lodging Tax,[]
32,Approval of Multiple Year Financial Obligation with Gilpin County,[]
72,City of Central Alderman/City Council,[]
52,Town of Hot Sulphur Springs Trustee,[]
198,Town of Fraser Ballot Question 2A,[]
4,Town of Granby Board of Trustees,[]
348,Town of Granby Mayor,[]
11,Town of Hot Sulphur Springs Ballot Issue 2C - Town Lodging Tax,[]
254,Town of Hot Sulphur Springs Ballot Issue 2B - Use Tax on Construction Materials,[]
201,Granby Ranch Metropolitan District Ballot Issue 6A - Repeal Unused Debt Authorization,[]
1346,Grand County Commissioner - District 2,"[2294005,2317759,2324975,2303423,2307353,2315639,2309785,2317037,2322679,2310722,2319900,2310421,2324291,2292985,2313921,2314732,2321793,2298834,2321546,2301964,2326053,2294273,2304115,2302536,2309101,2315375,2298424,2325630,2299599,2320905,2322665,2319263,2313182,2293979,2306589,2320972,2307964,2313517,2303018,2322396,2302474,2293174,2319932,2315671,2308558,2305062,2309311,2311462,2310034,2328424,2310457,2299848,2302004,2302876,2328886,2298308,2295565]"
1455,Grand County Commissioner - District 1,[]
1804,Grand County Ballot Issue 1A - Lodging Tax Increase,[]
247,City of Idaho Springs Ballot Question 2A,[]
3430,CLEAR CREEK COUNTY BALLOT ISSUE 1A,[]
1906,CLEAR CREEK COUNTY LIBRARY DISTRICT BALLOT ISSUE 6A,[]
663,Clear Creek County Commissioner - District 2,[]
11429,State Representative - District 3,[]
641,Clear Creek County Commissioner - District 3,"[1107182,1112834,1109573,1098385,1099915,1108682,1103940,1107455,1107638,1110045,1108694,1106990,1110441,1108882,1097485,1098459,1097851,1102603,1113322,1107796,1107204,1097815,1113698,1097283,1103591,1107184,1097899,1108615,1107448,1106969,1113639,1100717,1101297,1099955,1101605,1107794,1102023,1108616,1109006,1101807,1111465,1105389,1102839,1102417,1112845,1102735,1102269,1105375,1106107,1105343,1106625,1102604,1107007,1099623,1099727,1102234,1097857,1110709,1103035,1113620,1097186,1100197,1111154,1097304,1113338,1100879,1099420,1099314,1112642,1111545,1113589,1098379]"
2146,Clear Creek County Court - Jones,[]
35059,Douglas County Commissioner - District 3,[]
29760,Douglas County Commissioner - District 2,"[1571483,2024358,2036489,1739197,2243452,2254170,1809263,2232721,2284343,2044049,1774499,2126096,2115787,1509829,1961693,1537638,1717810,1958833,2324148,2340811,2044432,1949182,2111123,1854762,2289716,2334140,2322357,1855262,1920051,2373312,1564888,2081364,1912562,2355045,2085447,1871757,1739256,2209036,2110243,2127810,1499501,1696330,2091079,1761720,2187687,1802493,1676072,2000543,1995799,1950226,1903628,1856292,1644300,1566839,1852328,1588167,1500349,1637950,1497086,1699971,1658703,1497895]"
11059,State Representative - District 39,[]
9124,State Representative - District 44,[]
1373,State Representative - District 43,[]
14169,State Representative - District 45,[]
961,Councilmember,[]
66889,Douglas County Court - Waidler,[]
5089,Town of Castle Rock Ballot Issue 2A,[]
463,Town of Parker Mayor,[]
2381,Town Councilmember District 2,[]
2765,Town Councilmember District 1,[]
3363,Town Councilmember District 6,[]
641,Town Councilmember District 4,[]
10,Spring Canyon Ballot Issue 6B,[]
5,Bannock Ballot Issue 6A,[]
24920,State Senator - District 2,[]
2613,City of Cherry Hills Village Balot Question 2B,[]
30594,State Representative - District 37,[]
7048,State Representative - District 40,[]
9383,State Representative - District 41,[]
272,City of Englewood Ballot Issue 2C,[]
10579,City of Englewood Ballot Question 301,[]
127667,Arapahoe County Ballot Issue 1A,[]
95117,Arapahoe County Court - Hernandez,[]
14268,Arapahoe County Commissioner - District 5,[]
1756,Arapahoe County Commissioner - District 3,[]
11461,Arapahoe County Commissioner - District 1,[]
21424,Cherry Creek School District No. 5 Ballot Issue 4A,[]
17400,Cherry Creek School District No. 5 Ballot Issue 4B,[]
97788,Arapahoe County Court - Williford,[]
21,Polo Reserve Metropolitan District Ballot Issue 6A,[]
318,City of Cherry Hills Village Ballot Question 2A,[]
3870,Regional Transportation District Director - District F,[]
31253,Regional Transportation District Director - District E,[]
16512,Regional Transportation District Director - District A,[]
2344,City of Cherry Hills Village Ballot Question 300,[]
5812,City of Englewood Ballot Question  302,[]
4953,State Representative - District 9,[]
479,Costilla County Commissioner District 1,[]
340,Costilla County Commissioner District 3,"[1270562,1273116,1269034,1272206,1272627,1271874,1269835,1268980,1272624,1273107,1271847,1270339,1271475,1269027,1272903,1271517,1269992,1270559,1272698,1273073,1271900,1272718,1270342,1270922,1271692,1268443,1270015,1268805,1272185,1269003,1272206,1272710,1272349,1268664,1268836,1270229,1270693,1272966,1271915,1270391,1268570,1272030,1271477,1271188,1270926,1269783,1271139,1269335]"
2722,Gunnison County Commissioner - District 1,[]
2592,Gunnison County Commissioner - District 2,[]
34,Mt Crested Butte Town Council,[]
259,Town of Mt Crested Butte Ballot Issue 2A,[]
1683,Gunnison County Library District Ballot Issue 6A,"[2433855,2442292,2428172,2450454,2447250,2435428,2436240,2438782,2441988,2457304,2432064,2452505,2444541,2441022,2443091,2429470,2439622,2436174,2443138,2445633,2441244,2437866,2453732,2437866,2435338,2458760,2430928,2441647,2457737,2448700,2438696,2428814,2441977,2449974,2446610,2442206,2448764,2443079,2442627,2449833,2457302,2458710,2453286,2457465,2453466,2452500,2448253,2455207,2452155,2448817]"
4617,County Court Judge - Gunnison,[]
160,Hinsdale County Sheriff,[]
104,Hinsdale County Commissioner District 1,"[2503552,2503780,2503435,2501736,2503730,2503778,2502204,2502657,2502213,2501707,2502065,2503792,2503426,2502010,2503336,2503791,2503152,2502215,2503778,2503747,2501701,2502988,2503786,2502476,2502670,2501732,2501776,2503741,2502677,2503431,2502039,2503777,2503429,2502656,2503432,2502691,2502503,2502487,2503190,2502680,2503008,2503342,2501628,2502690,2502441]"
628,Huerfano County Commissioner - District 1,"[2569148,2575267,2571814,2570359,2574874,2569794,2571663,2567166,2568745,2566113,2572999,2569808,2570327,2569168,2566913,2572895,2568277,2576681,2573500,2575040,2577150,2569175,2574114,2572453,2574890,2573196,2575401,2573680,2572484,2566381,2575114,2574801,2568907,2576963,2573658,2574385,2575443,2576655,2568618,2568021,2573967,2571677,2575412,2570619,2567650,2575252,2572123,2566400,2566405,2573153,2571500,2566406,2566381,2571186]"
40,Huerfano County Commissioner - District 2,[]
518,City of Walsenburg Ballot Question 300 - Walsenburg Trash Initiative,[]
106,NORTH PARK SCHOOL DISTRICT R-1 BALLOT ISSUE 4A,"[2636209,2634733,2636042,2636116,2635407,2634565,2634958,2634525,2634985,2634777,2634537,2634325,2636419,2634276,2634742,2636391,2634581,2636314,2634759,2636437,2634603,2634921,2634731,2635792,2635167,2636101,2634798,2634786,2634772,2635167,2635633,2635066,2635753,2636132,2634730,2634316,2635543,2635756,2636043,2634610,2635830,2636085,2634811,2636108,2634280,2635898,2636413,2635060,2636314,2635782,2636209,2635788,2634322,2636096,2634306,2635157,2635074,2635164,2635104,2634809]"
420,Kiowa County Public Library District Ballot Question 6B,[]
98,Kiowa County Ballot Issue 1B - Lodging Tax,[]
136,Kiowa County Hospital District Ballot Question 6A,"[2737176,2738559,2738620,2735303,2735502,2738021,2737969,2738594,2737622,2737159,2737394,2738182,2735359,2738520,2736404,2738270,2737607,2738609,2736498,2736116,2738509,2736386,2738294,2736242,2735680,2737410,2738214,2735395,2737996,2737741,2738499,2738527,2738009,2735373,2738525,2735591,2736524,2735290,2735177,2738011,2738182,2734869,2737954,2737458,2738164,2736452,2737632,2736370,2734995,2737626,2734926,2736508,2737423,2736947,2736506,2737104,2736444,2736072]"
100,Kiowa County Ballot Issue 1A,[]
79,Flagler Rural Fire Protection District Ballot Issue 6C,[]
256,Proposition 130 (STATUTORY) - Kit Carson,"[2815133,2818050,2818321,2812547,2811053,2816331,2813501,2820257,2817456,2821079,2815043,2812733,2820612,2813455,2811338,2813955,2814387,2814757,2815828,2811916,2815163,2809461,2809474,2820137,2816406,2817416,2820447,2809295,2819679,2818598,2821531,2811428,2813927,2809942,2809350,2812547,2817610,2815145,2814779,2816361,2812708,2821591,2810023,2816285,2811031,2813970,2809805,2809433,2812685,2815132,2818701,2822161,2815062,2814383,2817853,2815942,2815188,2818075,2815291,2813285,2816163,2819512,2818173,2815050,2810589,2818347,2818160,2812541,2812220,2816272,2812639,2819360,2811308,2809100,2818383,2813380,2819885,2814737,2814299,2812552,2819030,2821724,2813919,2820308,2817486,2811177,2821728,2810157,2813481,2813386,2819750,2812564,2817625,2821567,2811402,2809990,2816904,2821292,2817096,2810791,2822160,2810620,2809935,2809813,2817098,2818087,2809018,2809742,2816799,2816792]"
5622,Durango School District 9-R Ballot Issue 4A,[]
8804,La Plata County Ballot Issue 1A,[]
21846,La Plata County Treasurer,[]
4183,La Plata County Commissioner District 3,"[2975556,2950126,3020046,3000592,2936868,2938637,2966876,3019996,3030954,2938642,2954163,2928690,2979760,2943747,3021581,2940808,2904205,2982161,2920288,3025591,2940543,3011342,2948286,2963987,2946136,3001956,3002625,2958436,3012863,2960174,3001169,2920314,3010532,3028861,2953923,2928483,2910158,2926261,3023642,2930891,2948788,2942236,2971231,2983965,2926125,2939142,2976259,2989747,2988330,2982100,2895602,3002906,2939194,2967429,2929521,2999481,3021205,3017720,2957779,3012879,2967375,2901834,2934453,2943635]"
280,Lake County Commissioner District 3,[]
293,Lake County Commissioner District 2,[]
816,Lake County Commissioner District 1,[]
237,City of Leadville Ballot Question 2A,[]
83,City of Leadville Ballot Issue 2B,[]
695,Leadville Lake County Regional Housing Authority Ballot Issue 6A,[]
251,Lake County School District R-1 Ballot Issue 4A,"[3113014,3109114,3110065,3106683,3110236,3108837,3109169,3110976,3104693,3103297,3106628,3108242,3116893,3109527,3106680,3109676,3108497,3102913,3113050,3107244,3112638,3108879,3102964,3108763,3108254,3108879,3105968,3110238,3110522,3110475,3110047,3104927,3108853,3103562,3106443,3108083,3105913,3109935,3108270,3113457,3115795,3103323,3116419,3104151,3117047,3108262,3110505,3111516,3108753,3110999,3110070,3109986,3109201,3110977,3110719,3105844,3114149,3103309,3110039,3106047,3116552,3115818,3113816,3110670,3110090,3111102,3110489,3105014,3111188,3104372,3102701,3110972,3104965,3110586,3105834,3116271,3110996,3102778,3113073,3109946,3106705,3109541,3104077,3115682,3105836,3105276,3107892,3104660,3105619,3111796,3107448,3109531,3108019,3108913,3114331,3105242,3112157,3106264,3107469,3111499,3113246,3106020,3115959,3111647,3104740,3106244,3103774,3105515,3117100,3111861,3103519,3114376,3116301,3116458,3115315,3112225,3111517]"
42,Town of Palmer Lake - Mayor,[]
2735,City of Colorado Springs Ballot Question 2D,[]
51888,El Paso County Court - Katzman,[]
68816,El Paso County Court - Fennick,[]
1633,Flying Horse Metropolitan District No. 2 Ballot Question 6C,[]
3542,Harrison School District No. 2 Ballot Issue 4A,[]
221,Flying Horse Metropolitan District No. 3 Ballot Question 6D,[]
7305,State Representative - District 15,[]
12129,State Representative - District 14,[]
3038,State Representative - District 17,[]
7,State Representative - District 16,[]
8225,State Representative - District 22,[]
4987,State Representative - District 21,[]
24367,State Representative - District 20,[]
24150,El Paso County Commissioner - District 2,[]
133,Town of Palmer Lake - Trustee,[]
894,Calhan School District No. RJ1 Ballot Question 5B,[]
15533,State Senator - District 10,[]
531,Cimarron Hills Fire Protection District Ballot Issue 6A,[]
561,Stratmoor Hills Fire Protection District Ballot Issue 6B,[]
11171,El Paso County School District No. 20 (Academy) Ballot Issue 4B,[]
84435,El Paso County Court - McKedy,[]
22371,City of Colorado Springs Ballot Question 300,"[2406219,2209447,3122832,2075630,3072721,2617763,2909085,1954203,3019522,1840462,3138969,2077653,2526171,2636654,2661316,2673922,2716434,3037407,2165721,1845133,3109451,1803532,2611783,3150469,3009936,2373999,3195765,2269487,2507120,2564348,3189713,2005307,2188524,2741635,2623494,1789845,2139286,2007116,2312917,2225654,2457420,2026641,2300901,3207729,2592312,1769076,2681848,2253717,2289775,2755156,2130473,2245670,2026129,2700217,2790139,3130435,2761016,2378617,2917954,2740690,2651059,2243460,2054726,2733549,2193134,2287263,2709854,2768682,2082298,2292076,2339516,2529299,1854081,2670975,3286093,2317938,1990270,2850081,2911507,2842209,2048750,2912934,3226406,1852755,2056323,2882370,1951002,2836985,3069691,2049669,3153547,2899248,2998229,2863908,2680907,2729879,2285539,2293322,2714455,2513603,1985198,2068145,3104879,3290795,2987808,2454039,2389422,3017981,2707801,1818157,2574210,2378437,3019690,3128045,1923074,2412173,1891707,1930519,2849408,2753919,2594032,3200124,2394762,3087205,2045796,2861113,2827661,2581873]"
95264,El Paso County Court - Gerhart,[]
111448,City of Colorado Springs Ballot Issue 2C,[]
88436,El Paso County Court - Ankeny,[]
9878,El Paso County Commissioner - District 4,[]
7262,El Paso County Commissioner - District 3,[]
372,Town of Monument Ballot Issue 2A,[]
61239,Regent of the University of Colorado - Congressional District 5,[]
49966,Representative to the 119th United States Congress - District 5,[]
302,Town of Monument Councilmember At-Large - 4 Year Term,[]
3057,Town of Monument Ballot Question 2B,[]
645,CITY OF TRINIDAD BALLOT ISSUE 2A,[]
1486,Las Animas County Commissioner District 2,"[3402757,3409714,3389832,3388228,3393786,3385191,3406425,3392278,3384579,3392717,3406452,3387067,3391609,3410102,3386327,3406861,3399160,3383727,3385037,3397940,3396214,3386700,3399541,3390195,3395718,3381406,3397131,3384578,3403111,3383996,3404515,3389713,3406813,3404233,3384786,3382288,3399688,3409667,3404512,3401246]"
1010,Lincoln County Commissioner - District 2,[]
798,Lincoln County Commissioner - District 3,"[3510336,3516978,3512329,3512340,3512374,3508805,3509627,3507241,3512110,3515662,3516186,3512701,3514963,3510353,3518325,3512884,3515746,3514197,3507940,3512635,3512731,3507597,3510382,3506569,3518157]"
146,City of Sterling Referred Ballot Issue 2T,[]
1200,Logan County Court Judge - Brammer,"[3609041,3640909,3649082,3649316,3624301,3640259,3644294,3613430,3633903,3641730,3645759,3629750,3633035,3645112,3617585,3612829,3649018,3636182,3614743,3634818,3635649,3624536,3610775,3646659,3647625,3641534,3643247,3633561,3641338,3649029,3617229,3646107,3614455,3629506,3629349,3649635,3621872,3614235,3649457,3612315,3635226,3633527,3617876,3625615,3632794,3636413,3638087,3632179,3609159,3628909,3634273,3633487,3627041,3639190,3609410,3625301,3632558,3627963,3609437,3619101,3627647,3620551,3624383,3621427]"
5,Town of Crook Referred Ballot Issue 2V,[]
42,Town of Merino Referred Ballot Issue 2U,[]
59,Frenchman School District No. RE-3 Referred Ballot Issue 4D,[]
141320,District Court Judge - 2nd Judicial District Trujillo,[]
169746,Denver Public Schools Ballot Issue 4A,[]
3706,Denver Ballot Issue 2R,[]
38403,Denver Ballot Issue 2Q,"[3827725,2501020,1927403,3438136,1494951,3114313,2407435,3066499,2035249,2966849,3339695,3693844,2970655,2595354,2597421,1742778,2296601,1569006,1881822,2138873,2854532,3272645,3124577,1927664,2933608,3048391,1474184,2600301,1755780,2271366,3414742,3179722,1359597,1628360,2089384,1427497,1364741,1357773,3399127,1751566,2158188,2649804,1767559,1424834,2565795,2201446,1405379,3104614,1711253,2017796,2665884,2693840,1970389,2506776,1445942,2863540,2508719,1513120,2336966,3313542,3626505,2055526,3050376,2852697,1384853,3693547,3074470,2503585,3670806,2772349,3111259,2860544,3702511,3185083,2998239,3680275,3107346,3802209,2061112,3503892,3197101,2498287,3394017,2353166,2644794,3556004,1495136,2284638,3173049,2626496,2321116,1610395,2852469,2591114,2607812,1901303,2508626,2069088,2652001,2421807,2581742,3801882,1685959,1718629,2141316,2661650,2191404,2547791,1929371,2559523,3820387,2554905,1480883,1459470,1816941,3420635,2826324,1662340,2463873,3421189,2109973,3267855,3480665,1377630,2094953,2351739,1443271,2971161,2129884,1473830,2662442,1776373,2579032,2018542,1469986,2570771,1509197,2957778,2448896,2699475,1659313,1734239,1910819,3464497,3318056,1990322,2735625,2476767,2602270,1958423,2385797,3505221,1443904,1379432,2568168,2661651,1563914,2165480,3218940,3788575,1749588,1800084,2259166,2501331,2500009,1806732,2988867,1545092,1383603,3286231,3735728,1422892,1674665,1764451,2120401,1763373,1453287,2602804,2846753,1691106,2713839,2849283,2802500,2425250,3349224,1507714,3355010,2732101,1634137,2550230,2566036,3196782,2407693,2183821,1737050,2736991,1401410,3320374,2849320,3316613,2970889,2097603,2701431,1678814,3426935,1580125,3575131,1376060,1382440,1759516,1464955]"
136684,County Court Judge - Denver Simonet,[]
23692,State Representative - District 4 ,[]
138208,District Court Judge - 2nd Judicial District Scoville,[]
23853,State Representative - District 5 ,[]
132277,County Court Judge - Denver Blackett,[]
43677,State Senator - District 33 ,[]
25328,State Representative - District 2 ,[]
61254,State Senator - District 31 ,[]
33982,State Representative - District 8 ,[]
14468,State Representative - District 9 ,[]
127035,District Court Judge - 2nd Judicial District Grant,[]
121922,County Court Judge - Denver Rudolph,[]
31272,State Representative - District 6 ,[]
147075,District Court Judge - 2nd Judicial District Schutte,[]
14872,State Representative - District 7 ,[]
823,Denver Downtown Development Authority Ballot Issue 6A,[]
134672,County Court Judge - Denver Rodarte,[]
137323,County Court Judge - Denver Spahn,[]
97088,Denver Referred Question 2S,[]
4579,Denver Referred Question 2T,[]
92059,Denver Referred Question 2U,[]
94286,Denver Referred Question 2V,[]
68667,Denver Referred Question 2W,[]
138046,County Court Judge - Denver Cherry,[]
137956,District Court Judge - 2nd Judicial District Myers,[]
128740,County Court Judge - Denver Schwartz,[]
136028,County Court Judge - Denver Faragher,[]
10075,State Representative - District 1  ,[]
134099,County Court Judge - Denver Goble,[]
131216,County Court Judge - Denver Pallares,[]
139893,District Court Judge - 2nd Judicial District Bailey,[]
138785,District Court Judge - 2nd Judicial District Espinosa,[]
91313,Denver Initiated Ordinance 309,[]
50541,Denver Initiated Ordinance 308,[]
142873,District Court Judge - 2nd Judicial District Moses,[]
284,Town of Keystone Ballot Issue 2A,[]
419,Town of Keystone Ballot Issue 2B,[]
3220,Summit County Commissioner - District 2,[]
4820,Summit County Commissioner - District 1,[]
2276,Summit School District RE-1 Ballot Issue 4A,"[4840710,4836914,4832002,4846812,4840044,4840989,4836164,4848103,4832644,4836271,4832472,4832101,4840606,4831405,4831747,4836245,4834722,4847755,4842618,4845398,4830482,4846309,4842475,4838654,4847055,4845826,4846588,4832698,4838697,4842995,4844791,4845039,4848002,4839464,4848204,4832585,4830708,4838568,4839272,4847759,4843382,4844168,4833160,4830473,4842415,4844505,4838485,4835196,4839181,4843265,4834008,4835570,4838052,4836613,4838223,4839107,4830976,4836310,4834435]"
164,Saguache County Commissioner District 2,[]
208,Saguache County Commissioner District 1,"[4851743,4850862,4852012,4849828,4848999,4850794,4851842,4849016,4851896,4849072,4850612,4850543,4850702,4850597,4851874,4850861,4849765,4848581,4850369,4851016,4849552,4851767,4851371,4849738,4850729,4851730,4849232,4850934,4849942,4849277,4850529,4851946,4849538,4850785,4848685,4848733,4849192,4850512,4850781,4852003,4849926,4849514,4850219,4849234,4850256,4851396,4850272,4848950,4851042,4850423,4848728,4850152,4850454,4849214,4850283,4850051,4849196,4850862,4848730,4850840,4849596,4849213,4850253,4850967,4850831,4851019,4850909,4850410,4850123,4848689,4851392,4848718,4850512,4849494,4848686,4850250,4849143,4849436,4849687,4848674,4848581,4851363,4850688,4849667,4850401,4851242,4851307,4850319,4849044,4849905,4849861,4849633,4848977,4851063,4849070,4849688,4851687,4849691,4851154,4849630,4849359,4849761,4849736,4851617,4851433,4849061,4849573,4848630,4848857,4851614,4849341,4851469,4849024,4851167,4851789,4851655,4851281,4851071,4851205,4851610,4851075,4848797]"
1111,Saguache County Court - Schuenemann,[]
51,City of Yuma Ballot Issue 2A - Levying a Lodging Tax in the City of Yuma,[]
2131,Yuma County Court - Jones,"[4829135,4826972,4828278,4829498,4827027,4828994,4829246,4825912,4829487,4826416,4828586,4826508,4829141,4830044,4830036,4829054,4827372,4827684]"
418,Conejos County Commissioner District 3,"[4853733,4856001,4856133,4855685,4854766,4854582,4856294,4855479,4854412,4855560,4856025,4855607,4854602,4853329,4855592,4854894,4856267,4853401,4854600,4852577,4853192,4854811,4855389,4852546,4852527,4852483,4855707,4854104,4854903,4854630,4855159,4853683,4852944,4853041,4853312,4853982,4856300,4852416,4855064,4852776,4854963,4853758,4854893,4855541,4855674,4855192,4853589,4856111,4854570,4852370,4855617,4853918,4852354,4852846,4854333,4854839,4853396,4853978,4854743,4854983,4852761,4854762,4854980,4854329,4854704,4852851,4852956,4852887,4853339,4853184,4853764,4853481,4852850,4853194,4853340]"
663,Conejos County Commissioner District 1,[]
1821,Conejos County Court - Kelly,[]
