County,Tabulator ID,Batch,# of Ballots,Location
Arapahoe,101,1,90,ICC 101-1
Arapahoe,101,2,1,ICC 101-1
Arapahoe,101,3,5,ICC 101-1
Arapahoe,101,4,100,ICC 101-1
Arapahoe,101,5,81,ICC 101-1
Arapahoe,101,6,87,ICC 101-1
Arapahoe,101,7,75,ICC 101-1
Arapahoe,101,8,38,ICC 101-1
Arapahoe,101,9,74,ICC 101-1
Arapahoe,101,10,91,ICC 101-1
Arapahoe,101,11,93,ICC 101-1
Arapahoe,101,12,95,ICC 101-1
Arapahoe,101,13,90,ICC 101-1
Arapahoe,101,14,75,ICC 101-1
Arapahoe,101,15,95,ICC 101-1
Arapahoe,101,16,78,ICC 101-2
Arapahoe,101,17,125,ICC 101-2
Arapahoe,101,18,89,ICC 101-2
Arapahoe,101,19,90,ICC 101-2
Arapahoe,101,20,41,ICC 101-2
Arapahoe,101,21,83,ICC 101-2
Arapahoe,101,22,83,ICC 101-2
Arapahoe,101,23,88,ICC 101-2
Arapahoe,101,24,2,ICC 101-2
Arapahoe,101,25,83,ICC 101-2
Arapahoe,101,26,93,ICC 101-2
Arapahoe,101,27,85,ICC 101-2
Arapahoe,101,28,85,ICC 101-2
Arapahoe,101,29,26,ICC 101-2
Arapahoe,101,30,100,ICC 101-2
Arapahoe,101,31,85,ICC 101-3
Arapahoe,101,32,7,ICC 101-3
Arapahoe,101,33,37,ICC 101-3
Arapahoe,101,34,98,ICC 101-3
Arapahoe,101,35,100,ICC 101-3
Arapahoe,101,36,100,ICC 101-3
Arapahoe,101,37,100,ICC 101-3
Arapahoe,101,38,100,ICC 101-3
Arapahoe,101,39,98,ICC 101-3
Arapahoe,101,40,100,ICC 101-3
Arapahoe,101,41,100,ICC 101-3
Arapahoe,101,42,100,ICC 101-3
Arapahoe,101,43,95,ICC 101-3
Arapahoe,101,44,98,ICC 101-3
Arapahoe,101,45,96,ICC 101-3
Arapahoe,101,46,100,ICC 101-4
Arapahoe,101,47,100,ICC 101-4
Arapahoe,101,48,100,ICC 101-4
Arapahoe,101,49,99,ICC 101-4
Arapahoe,101,50,91,ICC 101-4
Arapahoe,101,51,96,ICC 101-4
Arapahoe,101,52,100,ICC 101-4
Arapahoe,101,53,97,ICC 101-4
Arapahoe,101,54,99,ICC 101-4
Arapahoe,101,55,100,ICC 101-4
Arapahoe,101,56,99,ICC 101-4
Arapahoe,101,57,65,ICC 101-4
Arapahoe,101,58,99,ICC 101-4
Arapahoe,101,59,93,ICC 101-4
Arapahoe,101,60,100,ICC 101-4
Arapahoe,101,61,99,ICC 101-5
Arapahoe,101,62,97,ICC 101-5
Arapahoe,101,63,99,ICC 101-5
Arapahoe,101,64,100,ICC 101-5
Arapahoe,101,65,100,ICC 101-5
Arapahoe,101,66,100,ICC 101-5
Arapahoe,101,67,97,ICC 101-5
Arapahoe,101,68,96,ICC 101-5
Arapahoe,101,69,98,ICC 101-5
Arapahoe,101,70,90,ICC 101-5
Arapahoe,101,71,97,ICC 101-5
Arapahoe,101,72,1,ICC 101-5
Arapahoe,101,73,93,ICC 101-5
Arapahoe,101,74,95,ICC 101-5
Arapahoe,101,75,94,ICC 101-5
Arapahoe,101,76,92,ICC 101-6
Arapahoe,101,77,97,ICC 101-6
Arapahoe,101,78,88,ICC 101-6
Arapahoe,101,79,100,ICC 101-6
Arapahoe,101,80,99,ICC 101-6
Arapahoe,101,81,100,ICC 101-6
Arapahoe,101,82,96,ICC 101-6
Arapahoe,101,83,99,ICC 101-6
Arapahoe,101,84,99,ICC 101-6
Arapahoe,101,85,100,ICC 101-6
Arapahoe,101,86,86,ICC 101-6
Arapahoe,101,87,100,ICC 101-6
Arapahoe,101,88,95,ICC 101-6
Arapahoe,101,89,99,ICC 101-6
Arapahoe,101,90,100,ICC 101-6
Arapahoe,101,91,96,ICC 101-7
Arapahoe,101,92,99,ICC 101-7
Arapahoe,101,93,95,ICC 101-7
Arapahoe,101,94,42,ICC 101-7
Arapahoe,101,95,98,ICC 101-7
Arapahoe,101,96,97,ICC 101-7
Arapahoe,101,97,98,ICC 101-7
Arapahoe,101,98,70,ICC 101-7
Arapahoe,101,99,100,ICC 101-7
Arapahoe,101,100,100,ICC 101-7
Arapahoe,101,101,100,ICC 101-7
Arapahoe,101,102,100,ICC 101-7
Arapahoe,101,103,100,ICC 101-7
Arapahoe,101,104,96,ICC 101-7
Arapahoe,101,105,97,ICC 101-7
Arapahoe,101,106,100,ICC 101-8
Arapahoe,101,107,100,ICC 101-8
Arapahoe,101,108,95,ICC 101-8
Arapahoe,101,109,100,ICC 101-8
Arapahoe,101,110,100,ICC 101-8
Arapahoe,101,111,94,ICC 101-8
Arapahoe,101,112,94,ICC 101-8
Arapahoe,101,113,100,ICC 101-8
Arapahoe,101,114,100,ICC 101-8
Arapahoe,101,115,100,ICC 101-8
Arapahoe,101,116,97,ICC 101-8
Arapahoe,101,117,100,ICC 101-8
Arapahoe,101,118,95,ICC 101-8
Arapahoe,101,119,95,ICC 101-8
Arapahoe,101,120,100,ICC 101-8
Arapahoe,101,121,98,ICC 101-9
Arapahoe,101,122,100,ICC 101-9
Arapahoe,101,123,100,ICC 101-9
Arapahoe,101,124,96,ICC 101-9
Arapahoe,101,125,99,ICC 101-9
Arapahoe,101,126,98,ICC 101-9
Arapahoe,101,127,99,ICC 101-9
Arapahoe,101,128,100,ICC 101-9
Arapahoe,101,129,100,ICC 101-9
Arapahoe,101,130,93,ICC 101-9
Arapahoe,101,131,100,ICC 101-9
Arapahoe,101,132,1,ICC 101-9
Arapahoe,101,133,98,ICC 101-9
Arapahoe,101,134,91,ICC 101-9
Arapahoe,101,135,94,ICC 101-9
Arapahoe,101,136,99,ICC 101-10
Arapahoe,101,137,88,ICC 101-10
Arapahoe,101,138,100,ICC 101-10
Arapahoe,101,139,100,ICC 101-10
Arapahoe,101,140,97,ICC 101-10
Arapahoe,101,141,95,ICC 101-10
Arapahoe,101,142,70,ICC 101-10
Arapahoe,101,143,72,ICC 101-10
Arapahoe,101,144,99,ICC 101-10
Arapahoe,101,145,99,ICC 101-10
Arapahoe,101,146,100,ICC 101-10
Arapahoe,101,147,100,ICC 101-10
Arapahoe,101,148,100,ICC 101-10
Arapahoe,101,149,100,ICC 101-10
Arapahoe,101,150,46,ICC 101-10
Arapahoe,101,151,99,ICC 101-11
Arapahoe,101,152,100,ICC 101-11
Arapahoe,101,153,99,ICC 101-11
Arapahoe,101,154,100,ICC 101-11
Arapahoe,101,155,100,ICC 101-11
Arapahoe,101,156,99,ICC 101-11
Arapahoe,101,157,99,ICC 101-11
Arapahoe,101,158,100,ICC 101-11
Arapahoe,101,159,99,ICC 101-11
Arapahoe,101,160,100,ICC 101-11
Arapahoe,101,161,99,ICC 101-11
Arapahoe,101,162,100,ICC 101-11
Arapahoe,101,163,100,ICC 101-11
Arapahoe,101,164,98,ICC 101-11
Arapahoe,101,165,97,ICC 101-11
Arapahoe,101,166,99,ICC 101-12
Arapahoe,101,167,100,ICC 101-12
Arapahoe,101,168,100,ICC 101-12
Arapahoe,101,169,100,ICC 101-12
Arapahoe,101,170,98,ICC 101-12
Arapahoe,101,171,99,ICC 101-12
Arapahoe,101,172,100,ICC 101-12
Arapahoe,101,173,99,ICC 101-12
Arapahoe,101,174,98,ICC 101-12
Arapahoe,101,175,100,ICC 101-12
Arapahoe,101,176,98,ICC 101-12
Arapahoe,101,177,99,ICC 101-12
Arapahoe,101,178,98,ICC 101-12
Arapahoe,101,179,100,ICC 101-12
Arapahoe,101,180,95,ICC 101-12
Arapahoe,101,181,100,ICC 101-13
Arapahoe,101,182,97,ICC 101-13
Arapahoe,101,183,98,ICC 101-13
Arapahoe,101,184,100,ICC 101-13
Arapahoe,101,185,97,ICC 101-13
Arapahoe,101,186,91,ICC 101-13
Arapahoe,101,187,100,ICC 101-13
Arapahoe,101,188,11,ICC 101-13
Arapahoe,101,189,97,ICC 101-13
Arapahoe,101,190,100,ICC 101-13
Arapahoe,101,191,97,ICC 101-13
Arapahoe,101,192,95,ICC 101-13
Arapahoe,101,193,100,ICC 101-13
Arapahoe,101,194,100,ICC 101-13
Arapahoe,101,195,95,ICC 101-13
Arapahoe,101,196,95,ICC 101-14
Arapahoe,101,197,97,ICC 101-14
Arapahoe,101,198,95,ICC 101-14
Arapahoe,101,199,96,ICC 101-14
Arapahoe,101,200,95,ICC 101-14
Arapahoe,101,201,96,ICC 101-14
Arapahoe,101,202,94,ICC 101-14
Arapahoe,101,203,95,ICC 101-14
Arapahoe,101,204,95,ICC 101-14
Arapahoe,101,205,96,ICC 101-14
Arapahoe,101,206,100,ICC 101-14
Arapahoe,101,207,92,ICC 101-14
Arapahoe,101,208,98,ICC 101-14
Arapahoe,101,209,100,ICC 101-14
Arapahoe,101,210,99,ICC 101-14
Arapahoe,102,1,61,ICC 102-1
Arapahoe,102,2,69,ICC 102-1
Arapahoe,102,3,80,ICC 102-1
Arapahoe,102,4,64,ICC 102-1
Arapahoe,102,5,40,ICC 102-1
Arapahoe,102,6,76,ICC 102-1
Arapahoe,102,7,91,ICC 102-1
Arapahoe,102,8,61,ICC 102-1
Arapahoe,102,9,85,ICC 102-1
Arapahoe,102,10,94,ICC 102-1
Arapahoe,102,11,82,ICC 102-1
Arapahoe,102,12,70,ICC 102-1
Arapahoe,102,13,98,ICC 102-1
Arapahoe,102,14,83,ICC 102-1
Arapahoe,102,15,69,ICC 102-1
Arapahoe,102,16,98,ICC 102-2
Arapahoe,102,17,74,ICC 102-2
Arapahoe,102,18,87,ICC 102-2
Arapahoe,102,19,81,ICC 102-2
Arapahoe,102,20,49,ICC 102-2
Arapahoe,102,21,83,ICC 102-2
Arapahoe,102,22,81,ICC 102-2
Arapahoe,102,23,95,ICC 102-2
Arapahoe,102,24,96,ICC 102-2
Arapahoe,102,25,82,ICC 102-2
Arapahoe,102,26,93,ICC 102-2
Arapahoe,102,27,39,ICC 102-2
Arapahoe,102,28,93,ICC 102-2
Arapahoe,102,29,82,ICC 102-2
Arapahoe,102,30,39,ICC 102-2
Arapahoe,102,31,86,ICC 102-3
Arapahoe,102,32,95,ICC 102-3
Arapahoe,102,33,98,ICC 102-3
Arapahoe,102,34,98,ICC 102-3
Arapahoe,102,35,100,ICC 102-3
Arapahoe,102,36,94,ICC 102-3
Arapahoe,102,37,85,ICC 102-3
Arapahoe,102,38,99,ICC 102-3
Arapahoe,102,39,93,ICC 102-3
Arapahoe,102,40,99,ICC 102-3
Arapahoe,102,41,56,ICC 102-3
Arapahoe,102,42,45,ICC 102-3
Arapahoe,102,43,96,ICC 102-3
Arapahoe,102,44,92,ICC 102-3
Arapahoe,102,45,99,ICC 102-3
Arapahoe,102,46,100,ICC 102-4
Arapahoe,102,47,94,ICC 102-4
Arapahoe,102,48,83,ICC 102-4
Arapahoe,102,49,99,ICC 102-4
Arapahoe,102,50,98,ICC 102-4
Arapahoe,102,51,96,ICC 102-4
Arapahoe,102,52,96,ICC 102-4
Arapahoe,102,53,100,ICC 102-4
Arapahoe,102,54,95,ICC 102-4
Arapahoe,102,55,100,ICC 102-4
Arapahoe,102,56,97,ICC 102-4
Arapahoe,102,57,95,ICC 102-4
Arapahoe,102,58,98,ICC 102-4
Arapahoe,102,59,100,ICC 102-4
Arapahoe,102,60,100,ICC 102-4
Arapahoe,102,61,98,ICC 102-5
Arapahoe,102,62,97,ICC 102-5
Arapahoe,102,63,99,ICC 102-5
Arapahoe,102,64,97,ICC 102-5
Arapahoe,102,65,98,ICC 102-5
Arapahoe,102,66,95,ICC 102-5
Arapahoe,102,67,100,ICC 102-5
Arapahoe,102,68,95,ICC 102-5
Arapahoe,102,69,98,ICC 102-5
Arapahoe,102,70,98,ICC 102-5
Arapahoe,102,71,98,ICC 102-5
Arapahoe,102,72,91,ICC 102-5
Arapahoe,102,73,99,ICC 102-5
Arapahoe,102,74,96,ICC 102-5
Arapahoe,102,75,100,ICC 102-5
Arapahoe,102,76,89,ICC 102-6
Arapahoe,102,77,99,ICC 102-6
Arapahoe,102,78,100,ICC 102-6
Arapahoe,102,79,100,ICC 102-6
Arapahoe,102,80,93,ICC 102-6
Arapahoe,102,81,100,ICC 102-6
Arapahoe,102,82,99,ICC 102-6
Arapahoe,102,83,94,ICC 102-6
Arapahoe,102,84,96,ICC 102-6
Arapahoe,102,85,100,ICC 102-6
Arapahoe,102,86,91,ICC 102-6
Arapahoe,102,87,100,ICC 102-6
Arapahoe,102,88,100,ICC 102-6
Arapahoe,102,89,100,ICC 102-6
Arapahoe,102,90,100,ICC 102-6
Arapahoe,102,91,100,ICC 102-7
Arapahoe,102,92,100,ICC 102-7
Arapahoe,102,93,97,ICC 102-7
Arapahoe,102,94,100,ICC 102-7
Arapahoe,102,95,95,ICC 102-7
Arapahoe,102,96,97,ICC 102-7
Arapahoe,102,97,100,ICC 102-7
Arapahoe,102,98,100,ICC 102-7
Arapahoe,102,99,100,ICC 102-7
Arapahoe,102,100,100,ICC 102-7
Arapahoe,102,101,100,ICC 102-7
Arapahoe,102,102,100,ICC 102-7
Arapahoe,102,103,100,ICC 102-7
Arapahoe,102,104,99,ICC 102-7
Arapahoe,102,105,100,ICC 102-7
Arapahoe,102,106,99,ICC 102-8
Arapahoe,102,107,100,ICC 102-8
Arapahoe,102,108,91,ICC 102-8
Arapahoe,102,109,99,ICC 102-8
Arapahoe,102,110,100,ICC 102-8
Arapahoe,102,111,99,ICC 102-8
Arapahoe,102,112,100,ICC 102-8
Arapahoe,102,113,99,ICC 102-8
Arapahoe,102,114,100,ICC 102-8
Arapahoe,102,115,96,ICC 102-8
Arapahoe,102,116,99,ICC 102-8
Arapahoe,102,117,100,ICC 102-8
Arapahoe,102,118,100,ICC 102-8
Arapahoe,102,119,84,ICC 102-8
Arapahoe,102,120,99,ICC 102-8
Arapahoe,102,121,98,ICC 102-9
Arapahoe,102,122,98,ICC 102-9
Arapahoe,102,123,100,ICC 102-9
Arapahoe,102,124,100,ICC 102-9
Arapahoe,102,125,100,ICC 102-9
Arapahoe,102,126,100,ICC 102-9
Arapahoe,102,127,72,ICC 102-9
Arapahoe,102,128,100,ICC 102-9
Arapahoe,102,129,100,ICC 102-9
Arapahoe,102,130,100,ICC 102-9
Arapahoe,102,131,100,ICC 102-9
Arapahoe,102,132,91,ICC 102-9
Arapahoe,102,133,94,ICC 102-9
Arapahoe,102,134,100,ICC 102-9
Arapahoe,102,135,100,ICC 102-9
Arapahoe,102,136,96,ICC 102-10
Arapahoe,102,137,98,ICC 102-10
Arapahoe,102,138,99,ICC 102-10
Arapahoe,102,139,96,ICC 102-10
Arapahoe,102,140,97,ICC 102-10
Arapahoe,102,141,100,ICC 102-10
Arapahoe,102,142,100,ICC 102-10
Arapahoe,102,143,98,ICC 102-10
Arapahoe,102,144,98,ICC 102-10
Arapahoe,102,145,99,ICC 102-10
Arapahoe,102,146,95,ICC 102-10
Arapahoe,102,147,100,ICC 102-10
Arapahoe,102,148,96,ICC 102-10
Arapahoe,102,149,99,ICC 102-10
Arapahoe,102,150,100,ICC 102-10
Arapahoe,102,151,98,ICC 102-11
Arapahoe,102,152,58,ICC 102-11
Arapahoe,102,153,100,ICC 102-11
Arapahoe,102,154,100,ICC 102-11
Arapahoe,102,155,100,ICC 102-11
Arapahoe,102,156,99,ICC 102-11
Arapahoe,102,157,100,ICC 102-11
Arapahoe,102,158,100,ICC 102-11
Arapahoe,102,159,100,ICC 102-11
Arapahoe,102,160,100,ICC 102-11
Arapahoe,102,161,97,ICC 102-11
Arapahoe,102,162,100,ICC 102-11
Arapahoe,102,163,99,ICC 102-11
Arapahoe,102,164,100,ICC 102-11
Arapahoe,102,165,100,ICC 102-11
Arapahoe,102,166,100,ICC 102-12
Arapahoe,102,167,96,ICC 102-12
Arapahoe,102,168,99,ICC 102-12
Arapahoe,102,169,100,ICC 102-12
Arapahoe,102,170,99,ICC 102-12
Arapahoe,102,171,100,ICC 102-12
Arapahoe,102,172,99,ICC 102-12
Arapahoe,102,173,98,ICC 102-12
Arapahoe,102,174,100,ICC 102-12
Arapahoe,102,175,100,ICC 102-12
Arapahoe,102,176,98,ICC 102-12
Arapahoe,102,177,100,ICC 102-12
Arapahoe,102,178,92,ICC 102-12
Arapahoe,102,179,97,ICC 102-12
Arapahoe,102,180,95,ICC 102-12
Arapahoe,102,181,99,ICC 102-13
Arapahoe,102,182,100,ICC 102-13
Arapahoe,102,183,97,ICC 102-13
Arapahoe,102,184,100,ICC 102-13
Arapahoe,102,185,99,ICC 102-13
Arapahoe,102,186,51,ICC 102-13
Arapahoe,102,187,99,ICC 102-13
Arapahoe,102,188,94,ICC 102-13
Arapahoe,102,189,96,ICC 102-13
Arapahoe,102,190,95,ICC 102-13
Arapahoe,102,191,93,ICC 102-13
Arapahoe,102,192,90,ICC 102-13
Arapahoe,102,193,99,ICC 102-13
Arapahoe,102,194,88,ICC 102-13
Arapahoe,102,195,88,ICC 102-13
Arapahoe,104,1,91,ICC 104-1
Arapahoe,104,2,80,ICC 104-1
Arapahoe,104,3,86,ICC 104-1
Arapahoe,104,4,50,ICC 104-1
Arapahoe,104,5,74,ICC 104-1
Arapahoe,104,6,57,ICC 104-1
Arapahoe,104,7,88,ICC 104-1
Arapahoe,104,8,93,ICC 104-1
Arapahoe,104,9,62,ICC 104-1
Arapahoe,104,10,85,ICC 104-1
Arapahoe,104,11,53,ICC 104-1
Arapahoe,104,12,89,ICC 104-1
Arapahoe,104,13,79,ICC 104-1
Arapahoe,104,14,82,ICC 104-1
Arapahoe,104,15,90,ICC 104-1
Arapahoe,104,16,76,ICC 104-2
Arapahoe,104,17,75,ICC 104-2
Arapahoe,104,18,75,ICC 104-2
Arapahoe,104,19,93,ICC 104-2
Arapahoe,104,20,99,ICC 104-2
Arapahoe,104,21,74,ICC 104-2
Arapahoe,104,22,94,ICC 104-2
Arapahoe,104,23,86,ICC 104-2
Arapahoe,104,24,67,ICC 104-2
Arapahoe,104,25,98,ICC 104-2
Arapahoe,104,26,65,ICC 104-2
Arapahoe,104,27,83,ICC 104-2
Arapahoe,104,28,75,ICC 104-2
Arapahoe,104,29,89,ICC 104-2
Arapahoe,104,30,78,ICC 104-2
Arapahoe,104,31,61,ICC 104-3
Arapahoe,104,32,39,ICC 104-3
Arapahoe,104,33,38,ICC 104-3
Arapahoe,104,34,99,ICC 104-3
Arapahoe,104,35,100,ICC 104-3
Arapahoe,104,36,94,ICC 104-3
Arapahoe,104,37,100,ICC 104-3
Arapahoe,104,38,88,ICC 104-3
Arapahoe,104,39,87,ICC 104-3
Arapahoe,104,40,75,ICC 104-3
Arapahoe,104,41,94,ICC 104-3
Arapahoe,104,42,42,ICC 104-3
Arapahoe,104,43,91,ICC 104-3
Arapahoe,104,44,95,ICC 104-3
Arapahoe,104,45,99,ICC 104-3
Arapahoe,104,46,100,ICC 104-4
Arapahoe,104,47,94,ICC 104-4
Arapahoe,104,48,61,ICC 104-4
Arapahoe,104,49,100,ICC 104-4
Arapahoe,104,50,94,ICC 104-4
Arapahoe,104,51,86,ICC 104-4
Arapahoe,104,52,43,ICC 104-4
Arapahoe,104,53,54,ICC 104-4
Arapahoe,104,54,100,ICC 104-4
Arapahoe,104,55,90,ICC 104-4
Arapahoe,104,56,100,ICC 104-4
Arapahoe,104,57,100,ICC 104-4
Arapahoe,104,58,100,ICC 104-4
Arapahoe,104,59,90,ICC 104-4
Arapahoe,104,60,60,ICC 104-4
Arapahoe,104,61,100,ICC 104-5
Arapahoe,104,62,100,ICC 104-5
Arapahoe,104,63,100,ICC 104-5
Arapahoe,104,64,100,ICC 104-5
Arapahoe,104,65,99,ICC 104-5
Arapahoe,104,66,100,ICC 104-5
Arapahoe,104,67,99,ICC 104-5
Arapahoe,104,68,100,ICC 104-5
Arapahoe,104,69,98,ICC 104-5
Arapahoe,104,70,93,ICC 104-5
Arapahoe,104,71,100,ICC 104-5
Arapahoe,104,72,61,ICC 104-5
Arapahoe,104,73,100,ICC 104-5
Arapahoe,104,74,99,ICC 104-5
Arapahoe,104,75,100,ICC 104-5
Arapahoe,104,76,96,ICC 104-6
Arapahoe,104,77,99,ICC 104-6
Arapahoe,104,78,96,ICC 104-6
Arapahoe,104,79,100,ICC 104-6
Arapahoe,104,80,97,ICC 104-6
Arapahoe,104,81,83,ICC 104-6
Arapahoe,104,82,100,ICC 104-6
Arapahoe,104,83,100,ICC 104-6
Arapahoe,104,84,98,ICC 104-6
Arapahoe,104,85,100,ICC 104-6
Arapahoe,104,86,74,ICC 104-6
Arapahoe,104,87,99,ICC 104-6
Arapahoe,104,88,99,ICC 104-6
Arapahoe,104,89,98,ICC 104-6
Arapahoe,104,90,96,ICC 104-6
Arapahoe,104,91,99,ICC 104-7
Arapahoe,104,92,99,ICC 104-7
Arapahoe,104,93,99,ICC 104-7
Arapahoe,104,94,94,ICC 104-7
Arapahoe,104,95,96,ICC 104-7
Arapahoe,104,96,97,ICC 104-7
Arapahoe,104,97,100,ICC 104-7
Arapahoe,104,98,100,ICC 104-7
Arapahoe,104,99,100,ICC 104-7
Arapahoe,104,100,98,ICC 104-7
Arapahoe,104,101,99,ICC 104-7
Arapahoe,104,102,94,ICC 104-7
Arapahoe,104,103,98,ICC 104-7
Arapahoe,104,104,100,ICC 104-7
Arapahoe,104,105,91,ICC 104-7
Arapahoe,104,106,100,ICC 104-8
Arapahoe,104,107,100,ICC 104-8
Arapahoe,104,108,94,ICC 104-8
Arapahoe,104,109,100,ICC 104-8
Arapahoe,104,110,100,ICC 104-8
Arapahoe,104,111,100,ICC 104-8
Arapahoe,104,112,100,ICC 104-8
Arapahoe,104,113,100,ICC 104-8
Arapahoe,104,114,100,ICC 104-8
Arapahoe,104,115,100,ICC 104-8
Arapahoe,104,116,100,ICC 104-8
Arapahoe,104,117,100,ICC 104-8
Arapahoe,104,118,100,ICC 104-8
Arapahoe,104,119,99,ICC 104-8
Arapahoe,104,120,97,ICC 104-8
Arapahoe,104,121,96,ICC 104-9
Arapahoe,104,122,100,ICC 104-9
Arapahoe,104,123,100,ICC 104-9
Arapahoe,104,124,95,ICC 104-9
Arapahoe,104,125,100,ICC 104-9
Arapahoe,104,126,95,ICC 104-9
Arapahoe,104,127,98,ICC 104-9
Arapahoe,104,128,100,ICC 104-9
Arapahoe,104,129,100,ICC 104-9
Arapahoe,104,130,100,ICC 104-9
Arapahoe,104,131,92,ICC 104-9
Arapahoe,104,132,100,ICC 104-9
Arapahoe,104,133,97,ICC 104-9
Arapahoe,104,134,100,ICC 104-9
Arapahoe,104,135,97,ICC 104-9
Arapahoe,104,136,100,ICC 104-10
Arapahoe,104,137,100,ICC 104-10
Arapahoe,104,138,100,ICC 104-10
Arapahoe,104,139,100,ICC 104-10
Arapahoe,104,140,98,ICC 104-10
Arapahoe,104,141,100,ICC 104-10
Arapahoe,104,142,100,ICC 104-10
Arapahoe,104,143,100,ICC 104-10
Arapahoe,104,144,100,ICC 104-10
Arapahoe,104,145,100,ICC 104-10
Arapahoe,104,146,96,ICC 104-10
Arapahoe,104,147,97,ICC 104-10
Arapahoe,104,148,91,ICC 104-10
Arapahoe,104,149,100,ICC 104-10
Arapahoe,104,150,98,ICC 104-10
Arapahoe,104,151,100,ICC 104-11
Arapahoe,104,152,100,ICC 104-11
Arapahoe,104,153,99,ICC 104-11
Arapahoe,104,154,100,ICC 104-11
Arapahoe,104,155,100,ICC 104-11
Arapahoe,104,156,52,ICC 104-11
Arapahoe,104,157,96,ICC 104-11
Arapahoe,104,158,100,ICC 104-11
Arapahoe,104,159,100,ICC 104-11
Arapahoe,104,160,100,ICC 104-11
Arapahoe,104,161,98,ICC 104-11
Arapahoe,104,162,100,ICC 104-11
Arapahoe,104,163,99,ICC 104-11
Arapahoe,104,164,97,ICC 104-11
Arapahoe,104,165,100,ICC 104-11
Arapahoe,104,166,100,ICC 104-12
Arapahoe,104,167,99,ICC 104-12
Arapahoe,104,168,100,ICC 104-12
Arapahoe,104,169,99,ICC 104-12
Arapahoe,104,170,96,ICC 104-12
Arapahoe,104,171,99,ICC 104-12
Arapahoe,104,172,97,ICC 104-12
Arapahoe,104,173,96,ICC 104-12
Arapahoe,104,174,95,ICC 104-12
Arapahoe,104,175,100,ICC 104-12
Arapahoe,104,176,92,ICC 104-12
Arapahoe,104,177,97,ICC 104-12
Arapahoe,104,178,97,ICC 104-12
Arapahoe,104,179,100,ICC 104-12
Arapahoe,104,180,100,ICC 104-12
Arapahoe,104,181,99,ICC 104-13
Arapahoe,104,182,100,ICC 104-13
Arapahoe,104,183,100,ICC 104-13
Arapahoe,104,184,100,ICC 104-13
Arapahoe,104,185,100,ICC 104-13
Arapahoe,104,186,95,ICC 104-13
Arapahoe,104,187,100,ICC 104-13
Arapahoe,104,188,96,ICC 104-13
Arapahoe,104,189,100,ICC 104-13
Arapahoe,104,190,100,ICC 104-13
Arapahoe,104,191,12,ICC 104-13
Arapahoe,104,192,100,ICC 104-13
Arapahoe,104,193,100,ICC 104-13
Arapahoe,104,194,100,ICC 104-13
Arapahoe,104,195,4,ICC 104-13
Arapahoe,104,196,98,ICC 104-14
Arapahoe,104,197,100,ICC 104-14
Arapahoe,104,198,100,ICC 104-14
Arapahoe,104,199,100,ICC 104-14
Arapahoe,104,200,100,ICC 104-14
Arapahoe,104,201,100,ICC 104-14
Arapahoe,104,202,100,ICC 104-14
Arapahoe,104,203,100,ICC 104-14
Arapahoe,104,204,100,ICC 104-14
Arapahoe,104,205,100,ICC 104-14
Arapahoe,104,206,100,ICC 104-14
Arapahoe,104,207,100,ICC 104-14
Arapahoe,104,208,100,ICC 104-14
Arapahoe,104,209,100,ICC 104-14
Arapahoe,104,210,100,ICC 104-14
Arapahoe,104,211,100,ICC 104-15
Arapahoe,104,212,100,ICC 104-15
Arapahoe,104,213,100,ICC 104-15
Arapahoe,104,214,100,ICC 104-15
Arapahoe,104,215,100,ICC 104-15
Arapahoe,104,216,100,ICC 104-15
Arapahoe,104,217,100,ICC 104-15
Arapahoe,104,218,100,ICC 104-15
Arapahoe,104,219,100,ICC 104-15
Arapahoe,104,220,100,ICC 104-15
Arapahoe,104,221,100,ICC 104-15
Arapahoe,104,222,100,ICC 104-15
Arapahoe,104,223,100,ICC 104-15
Arapahoe,104,224,98,ICC 104-15
Arapahoe,104,225,93,ICC 104-15
Arapahoe,104,226,95,ICC 104-16
Arapahoe,104,227,100,ICC 104-16
Arapahoe,104,228,100,ICC 104-16
Arapahoe,104,229,95,ICC 104-16
Arapahoe,104,230,94,ICC 104-16
Arapahoe,104,231,55,ICC 104-16
Arapahoe,104,232,100,ICC 104-16
Arapahoe,104,233,98,ICC 104-16
Arapahoe,104,234,97,ICC 104-16
Arapahoe,104,235,96,ICC 104-16
Arapahoe,104,236,100,ICC 104-16
Arapahoe,104,237,100,ICC 104-16
Arapahoe,104,238,100,ICC 104-16
Arapahoe,104,239,89,ICC 104-16
Arapahoe,104,240,100,ICC 104-16
Arapahoe,104,241,100,ICC 104-17
Arapahoe,104,242,100,ICC 104-17
Arapahoe,104,243,100,ICC 104-17
Arapahoe,104,244,100,ICC 104-17
Arapahoe,104,245,100,ICC 104-17
Arapahoe,104,246,95,ICC 104-17
Arapahoe,104,247,48,ICC 104-17
Arapahoe,104,248,97,ICC 104-17
Arapahoe,104,249,100,ICC 104-17
Arapahoe,104,250,100,ICC 104-17
Arapahoe,104,251,98,ICC 104-17
Arapahoe,104,252,94,ICC 104-17
Arapahoe,104,253,91,ICC 104-17
Arapahoe,104,254,96,ICC 104-17
Arapahoe,104,255,94,ICC 104-17
Arapahoe,104,256,91,ICC 104-18
Arapahoe,104,257,98,ICC 104-18
Arapahoe,104,258,98,ICC 104-18
Arapahoe,104,259,94,ICC 104-18
Arapahoe,104,260,94,ICC 104-18
Arapahoe,104,261,97,ICC 104-18
Arapahoe,104,262,93,ICC 104-18
Arapahoe,104,263,92,ICC 104-18
Arapahoe,104,264,100,ICC 104-18
Arapahoe,104,265,100,ICC 104-18
Arapahoe,104,266,100,ICC 104-18
Arapahoe,104,267,100,ICC 104-18
Arapahoe,104,268,100,ICC 104-18
Arapahoe,104,269,100,ICC 104-18
Arapahoe,104,270,100,ICC 104-18
Arapahoe,105,1,85,ICC 105-1
Arapahoe,105,2,93,ICC 105-1
Arapahoe,105,3,87,ICC 105-1
Arapahoe,105,4,86,ICC 105-1
Arapahoe,105,5,95,ICC 105-1
Arapahoe,105,6,95,ICC 105-1
Arapahoe,105,7,92,ICC 105-1
Arapahoe,105,8,97,ICC 105-1
Arapahoe,105,9,96,ICC 105-1
Arapahoe,105,10,87,ICC 105-1
Arapahoe,105,11,100,ICC 105-1
Arapahoe,105,12,76,ICC 105-1
Arapahoe,105,13,91,ICC 105-1
Arapahoe,105,14,87,ICC 105-1
Arapahoe,105,15,80,ICC 105-1
Arapahoe,105,16,77,ICC 105-2
Arapahoe,105,17,90,ICC 105-2
Arapahoe,105,18,79,ICC 105-2
Arapahoe,105,19,89,ICC 105-2
Arapahoe,105,20,87,ICC 105-2
Arapahoe,105,21,80,ICC 105-2
Arapahoe,105,22,83,ICC 105-2
Arapahoe,105,23,78,ICC 105-2
Arapahoe,105,24,92,ICC 105-2
Arapahoe,105,25,80,ICC 105-2
Arapahoe,105,26,72,ICC 105-2
Arapahoe,105,27,99,ICC 105-2
Arapahoe,105,28,97,ICC 105-2
Arapahoe,105,29,63,ICC 105-2
Arapahoe,105,30,100,ICC 105-2
Arapahoe,105,31,90,ICC 105-3
Arapahoe,105,32,89,ICC 105-3
Arapahoe,105,33,100,ICC 105-3
Arapahoe,105,34,93,ICC 105-3
Arapahoe,105,35,92,ICC 105-3
Arapahoe,105,36,98,ICC 105-3
Arapahoe,105,37,87,ICC 105-3
Arapahoe,105,38,100,ICC 105-3
Arapahoe,105,39,90,ICC 105-3
Arapahoe,105,40,100,ICC 105-3
Arapahoe,105,41,96,ICC 105-3
Arapahoe,105,42,94,ICC 105-3
Arapahoe,105,43,100,ICC 105-3
Arapahoe,105,44,68,ICC 105-3
Arapahoe,105,45,95,ICC 105-3
Arapahoe,105,46,100,ICC 105-4
Arapahoe,105,47,100,ICC 105-4
Arapahoe,105,48,100,ICC 105-4
Arapahoe,105,49,100,ICC 105-4
Arapahoe,105,50,92,ICC 105-4
Arapahoe,105,51,100,ICC 105-4
Arapahoe,105,52,59,ICC 105-4
Arapahoe,105,53,96,ICC 105-4
Arapahoe,105,54,98,ICC 105-4
Arapahoe,105,55,99,ICC 105-4
Arapahoe,105,56,98,ICC 105-4
Arapahoe,105,57,100,ICC 105-4
Arapahoe,105,58,99,ICC 105-4
Arapahoe,105,59,95,ICC 105-4
Arapahoe,105,60,99,ICC 105-4
Arapahoe,105,61,100,ICC 105-5
Arapahoe,105,62,100,ICC 105-5
Arapahoe,105,63,97,ICC 105-5
Arapahoe,105,64,97,ICC 105-5
Arapahoe,105,65,96,ICC 105-5
Arapahoe,105,66,99,ICC 105-5
Arapahoe,105,67,99,ICC 105-5
Arapahoe,105,68,85,ICC 105-5
Arapahoe,105,69,99,ICC 105-5
Arapahoe,105,70,91,ICC 105-5
Arapahoe,105,71,92,ICC 105-5
Arapahoe,105,72,97,ICC 105-5
Arapahoe,105,73,95,ICC 105-5
Arapahoe,105,74,75,ICC 105-5
Arapahoe,105,75,89,ICC 105-5
Arapahoe,105,76,100,ICC 105-6
Arapahoe,105,77,97,ICC 105-6
Arapahoe,105,78,98,ICC 105-6
Arapahoe,105,79,100,ICC 105-6
Arapahoe,105,80,100,ICC 105-6
Arapahoe,105,81,38,ICC 105-6
Arapahoe,105,82,97,ICC 105-6
Arapahoe,105,83,97,ICC 105-6
Arapahoe,105,84,100,ICC 105-6
Arapahoe,105,85,100,ICC 105-6
Arapahoe,105,86,100,ICC 105-6
Arapahoe,105,87,100,ICC 105-6
Arapahoe,105,88,100,ICC 105-6
Arapahoe,105,89,100,ICC 105-6
Arapahoe,105,90,100,ICC 105-6
Arapahoe,105,91,96,ICC 105-7
Arapahoe,105,92,100,ICC 105-7
Arapahoe,105,93,99,ICC 105-7
Arapahoe,105,94,93,ICC 105-7
Arapahoe,105,95,100,ICC 105-7
Arapahoe,105,96,98,ICC 105-7
Arapahoe,105,97,100,ICC 105-7
Arapahoe,105,98,96,ICC 105-7
Arapahoe,105,99,100,ICC 105-7
Arapahoe,105,100,98,ICC 105-7
Arapahoe,105,101,98,ICC 105-7
Arapahoe,105,102,100,ICC 105-7
Arapahoe,105,103,95,ICC 105-7
Arapahoe,105,104,93,ICC 105-7
Arapahoe,105,105,100,ICC 105-7
Arapahoe,105,106,99,ICC 105-8
Arapahoe,105,107,100,ICC 105-8
Arapahoe,105,108,99,ICC 105-8
Arapahoe,105,109,95,ICC 105-8
Arapahoe,105,110,96,ICC 105-8
Arapahoe,105,111,100,ICC 105-8
Arapahoe,105,112,98,ICC 105-8
Arapahoe,105,113,100,ICC 105-8
Arapahoe,105,114,100,ICC 105-8
Arapahoe,105,115,99,ICC 105-8
Arapahoe,105,116,100,ICC 105-8
Arapahoe,105,117,100,ICC 105-8
Arapahoe,105,118,100,ICC 105-8
Arapahoe,105,119,99,ICC 105-8
Arapahoe,105,120,93,ICC 105-8
Arapahoe,105,121,99,ICC 105-9
Arapahoe,105,122,100,ICC 105-9
Arapahoe,105,123,96,ICC 105-9
Arapahoe,105,124,100,ICC 105-9
Arapahoe,105,125,66,ICC 105-9
Arapahoe,105,126,100,ICC 105-9
Arapahoe,105,127,98,ICC 105-9
Arapahoe,105,128,100,ICC 105-9
Arapahoe,105,129,100,ICC 105-9
Arapahoe,105,130,100,ICC 105-9
Arapahoe,105,131,100,ICC 105-9
Arapahoe,105,132,95,ICC 105-9
Arapahoe,105,133,100,ICC 105-9
Arapahoe,105,134,98,ICC 105-9
Arapahoe,105,135,99,ICC 105-9
Arapahoe,105,136,100,ICC 105-10
Arapahoe,105,137,100,ICC 105-10
Arapahoe,105,138,100,ICC 105-10
Arapahoe,105,139,100,ICC 105-10
Arapahoe,105,140,97,ICC 105-10
Arapahoe,105,141,100,ICC 105-10
Arapahoe,105,142,99,ICC 105-10
Arapahoe,105,143,100,ICC 105-10
Arapahoe,105,144,100,ICC 105-10
Arapahoe,105,145,100,ICC 105-10
Arapahoe,105,146,99,ICC 105-10
Arapahoe,105,147,94,ICC 105-10
Arapahoe,105,148,98,ICC 105-10
Arapahoe,105,149,98,ICC 105-10
Arapahoe,105,150,96,ICC 105-10
Arapahoe,105,151,100,ICC 105-11
Arapahoe,105,152,100,ICC 105-11
Arapahoe,105,153,99,ICC 105-11
Arapahoe,105,154,99,ICC 105-11
Arapahoe,105,155,100,ICC 105-11
Arapahoe,105,156,100,ICC 105-11
Arapahoe,105,157,100,ICC 105-11
Arapahoe,105,158,100,ICC 105-11
Arapahoe,105,159,100,ICC 105-11
Arapahoe,105,160,98,ICC 105-11
Arapahoe,105,161,100,ICC 105-11
Arapahoe,105,162,100,ICC 105-11
Arapahoe,105,163,99,ICC 105-11
Arapahoe,105,164,100,ICC 105-11
Arapahoe,105,165,100,ICC 105-11
Arapahoe,105,166,100,ICC 105-12
Arapahoe,105,167,95,ICC 105-12
Arapahoe,105,168,91,ICC 105-12
Arapahoe,105,169,96,ICC 105-12
Arapahoe,105,170,100,ICC 105-12
Arapahoe,105,171,94,ICC 105-12
Arapahoe,105,172,98,ICC 105-12
Arapahoe,105,173,100,ICC 105-12
Arapahoe,105,174,100,ICC 105-12
Arapahoe,105,175,22,ICC 105-12
Arapahoe,105,176,100,ICC 105-12
Arapahoe,105,177,97,ICC 105-12
Arapahoe,105,178,96,ICC 105-12
Arapahoe,105,179,100,ICC 105-12
Arapahoe,105,180,99,ICC 105-12
Arapahoe,105,181,94,ICC 105-13
Arapahoe,105,182,100,ICC 105-13
Arapahoe,105,183,97,ICC 105-13
Arapahoe,105,184,100,ICC 105-13
Arapahoe,105,185,100,ICC 105-13
Arapahoe,105,186,92,ICC 105-13
Arapahoe,105,187,95,ICC 105-13
Arapahoe,105,188,100,ICC 105-13
Arapahoe,105,189,100,ICC 105-13
Arapahoe,105,190,98,ICC 105-13
Arapahoe,105,191,100,ICC 105-13
Arapahoe,105,192,100,ICC 105-13
Arapahoe,105,193,99,ICC 105-13
Arapahoe,105,194,100,ICC 105-13
Arapahoe,105,195,100,ICC 105-13
Arapahoe,105,196,99,ICC 105-14
Arapahoe,105,197,100,ICC 105-14
Arapahoe,105,198,96,ICC 105-14
Arapahoe,105,199,100,ICC 105-14
Arapahoe,105,200,99,ICC 105-14
Arapahoe,105,201,100,ICC 105-14
Arapahoe,105,202,100,ICC 105-14
Arapahoe,105,203,100,ICC 105-14
Arapahoe,105,204,100,ICC 105-14
Arapahoe,105,205,100,ICC 105-14
Arapahoe,105,206,100,ICC 105-14
Arapahoe,105,207,96,ICC 105-14
Arapahoe,105,208,99,ICC 105-14
Arapahoe,105,209,100,ICC 105-14
Arapahoe,105,210,100,ICC 105-14
Arapahoe,105,211,100,ICC 105-15
Arapahoe,105,212,100,ICC 105-15
Arapahoe,105,213,100,ICC 105-15
Arapahoe,105,214,100,ICC 105-15
Arapahoe,105,215,97,ICC 105-15
Arapahoe,105,216,100,ICC 105-15
Arapahoe,105,217,100,ICC 105-15
Arapahoe,105,218,100,ICC 105-15
Arapahoe,105,219,95,ICC 105-15
Arapahoe,105,220,100,ICC 105-15
Arapahoe,105,221,97,ICC 105-15
Arapahoe,105,222,99,ICC 105-15
Arapahoe,105,223,100,ICC 105-15
Arapahoe,105,224,98,ICC 105-15
Arapahoe,105,225,100,ICC 105-15
Arapahoe,105,226,94,ICC 105-16
Arapahoe,105,227,95,ICC 105-16
Arapahoe,105,228,97,ICC 105-16
Arapahoe,105,229,96,ICC 105-16
Arapahoe,105,230,98,ICC 105-16
Arapahoe,105,231,101,ICC 105-16
Arapahoe,105,232,93,ICC 105-16
Arapahoe,105,233,95,ICC 105-16
Arapahoe,105,234,100,ICC 105-16
Arapahoe,105,235,56,ICC 105-16
Arapahoe,105,236,64,ICC 105-16
Arapahoe,105,237,19,ICC 105-16
Arapahoe,105,238,1,ICC 105-16
Arapahoe,107,1,83,ICC 107-1
Arapahoe,107,2,69,ICC 107-1
Arapahoe,107,3,84,ICC 107-1
Arapahoe,107,4,62,ICC 107-1
Arapahoe,107,5,87,ICC 107-1
Arapahoe,107,6,100,ICC 107-1
Arapahoe,107,7,87,ICC 107-1
Arapahoe,107,8,88,ICC 107-1
Arapahoe,107,9,55,ICC 107-1
Arapahoe,107,10,84,ICC 107-1
Arapahoe,107,11,65,ICC 107-1
Arapahoe,107,12,94,ICC 107-1
Arapahoe,107,13,29,ICC 107-1
Arapahoe,107,14,82,ICC 107-1
Arapahoe,107,15,72,ICC 107-1
Arapahoe,107,16,91,ICC 107-2
Arapahoe,107,17,88,ICC 107-2
Arapahoe,107,18,99,ICC 107-2
Arapahoe,107,19,30,ICC 107-2
Arapahoe,107,20,92,ICC 107-2
Arapahoe,107,21,91,ICC 107-2
Arapahoe,107,22,79,ICC 107-2
Arapahoe,107,23,85,ICC 107-2
Arapahoe,107,24,88,ICC 107-2
Arapahoe,107,25,67,ICC 107-2
Arapahoe,107,26,79,ICC 107-2
Arapahoe,107,27,75,ICC 107-2
Arapahoe,107,28,71,ICC 107-2
Arapahoe,107,29,93,ICC 107-2
Arapahoe,107,30,100,ICC 107-2
Arapahoe,107,31,89,ICC 107-3
Arapahoe,107,32,76,ICC 107-3
Arapahoe,107,33,90,ICC 107-3
Arapahoe,107,34,89,ICC 107-3
Arapahoe,107,35,86,ICC 107-3
Arapahoe,107,36,81,ICC 107-3
Arapahoe,107,37,84,ICC 107-3
Arapahoe,107,38,89,ICC 107-3
Arapahoe,107,39,44,ICC 107-3
Arapahoe,107,40,99,ICC 107-3
Arapahoe,107,41,79,ICC 107-3
Arapahoe,107,42,98,ICC 107-3
Arapahoe,107,43,76,ICC 107-3
Arapahoe,107,44,100,ICC 107-3
Arapahoe,107,45,99,ICC 107-3
Arapahoe,107,46,85,ICC 107-4
Arapahoe,107,47,49,ICC 107-4
Arapahoe,107,48,79,ICC 107-4
Arapahoe,107,49,56,ICC 107-4
Arapahoe,107,50,88,ICC 107-4
Arapahoe,107,51,91,ICC 107-4
Arapahoe,107,52,94,ICC 107-4
Arapahoe,107,53,75,ICC 107-4
Arapahoe,107,54,95,ICC 107-4
Arapahoe,107,55,97,ICC 107-4
Arapahoe,107,56,97,ICC 107-4
Arapahoe,107,57,93,ICC 107-4
Arapahoe,107,58,99,ICC 107-4
Arapahoe,107,59,97,ICC 107-4
Arapahoe,107,60,6,ICC 107-4
Arapahoe,107,61,100,ICC 107-5
Arapahoe,107,62,91,ICC 107-5
Arapahoe,107,63,100,ICC 107-5
Arapahoe,107,64,100,ICC 107-5
Arapahoe,107,65,78,ICC 107-5
Arapahoe,107,66,22,ICC 107-5
Arapahoe,107,67,52,ICC 107-5
Arapahoe,107,68,84,ICC 107-5
Arapahoe,107,69,93,ICC 107-5
Arapahoe,107,70,35,ICC 107-5
Arapahoe,107,71,78,ICC 107-5
Arapahoe,107,72,100,ICC 107-5
Arapahoe,107,73,100,ICC 107-5
Arapahoe,107,74,100,ICC 107-5
Arapahoe,107,75,100,ICC 107-5
Arapahoe,107,76,100,ICC 107-6
Arapahoe,107,77,100,ICC 107-6
Arapahoe,107,78,100,ICC 107-6
Arapahoe,107,79,100,ICC 107-6
Arapahoe,107,80,96,ICC 107-6
Arapahoe,107,81,38,ICC 107-6
Arapahoe,107,82,91,ICC 107-6
Arapahoe,107,83,79,ICC 107-6
Arapahoe,107,84,100,ICC 107-6
Arapahoe,107,85,100,ICC 107-6
Arapahoe,107,86,99,ICC 107-6
Arapahoe,107,87,100,ICC 107-6
Arapahoe,107,88,99,ICC 107-6
Arapahoe,107,89,100,ICC 107-6
Arapahoe,107,90,96,ICC 107-6
Arapahoe,107,91,100,ICC 107-7
Arapahoe,107,92,100,ICC 107-7
Arapahoe,107,93,100,ICC 107-7
Arapahoe,107,94,100,ICC 107-7
Arapahoe,107,95,99,ICC 107-7
Arapahoe,107,96,99,ICC 107-7
Arapahoe,107,97,100,ICC 107-7
Arapahoe,107,98,27,ICC 107-7
Arapahoe,107,99,40,ICC 107-7
Arapahoe,107,100,100,ICC 107-7
Arapahoe,107,101,100,ICC 107-7
Arapahoe,107,102,97,ICC 107-7
Arapahoe,107,103,100,ICC 107-7
Arapahoe,107,104,100,ICC 107-7
Arapahoe,107,105,100,ICC 107-7
Arapahoe,107,106,99,ICC 107-8
Arapahoe,107,107,100,ICC 107-8
Arapahoe,107,108,98,ICC 107-8
Arapahoe,107,109,100,ICC 107-8
Arapahoe,107,110,97,ICC 107-8
Arapahoe,107,111,17,ICC 107-8
Arapahoe,107,112,89,ICC 107-8
Arapahoe,107,113,100,ICC 107-8
Arapahoe,107,114,98,ICC 107-8
Arapahoe,107,115,100,ICC 107-8
Arapahoe,107,116,100,ICC 107-8
Arapahoe,107,117,100,ICC 107-8
Arapahoe,107,118,96,ICC 107-8
Arapahoe,107,119,100,ICC 107-8
Arapahoe,107,120,100,ICC 107-8
Arapahoe,107,121,92,ICC 107-9
Arapahoe,107,122,96,ICC 107-9
Arapahoe,107,123,100,ICC 107-9
Arapahoe,107,124,92,ICC 107-9
Arapahoe,107,125,100,ICC 107-9
Arapahoe,107,126,100,ICC 107-9
Arapahoe,107,127,95,ICC 107-9
Arapahoe,107,128,99,ICC 107-9
Arapahoe,107,129,100,ICC 107-9
Arapahoe,107,130,100,ICC 107-9
Arapahoe,107,131,99,ICC 107-9
Arapahoe,107,132,98,ICC 107-9
Arapahoe,107,133,100,ICC 107-9
Arapahoe,107,134,94,ICC 107-9
Arapahoe,107,135,97,ICC 107-9
Arapahoe,107,136,100,ICC 107-10
Arapahoe,107,137,95,ICC 107-10
Arapahoe,107,138,100,ICC 107-10
Arapahoe,107,139,97,ICC 107-10
Arapahoe,107,140,100,ICC 107-10
Arapahoe,107,141,100,ICC 107-10
Arapahoe,107,142,97,ICC 107-10
Arapahoe,107,143,100,ICC 107-10
Arapahoe,107,144,99,ICC 107-10
Arapahoe,107,145,96,ICC 107-10
Arapahoe,107,146,99,ICC 107-10
Arapahoe,107,147,100,ICC 107-10
Arapahoe,107,148,100,ICC 107-10
Arapahoe,107,149,100,ICC 107-10
Arapahoe,107,150,100,ICC 107-10
Arapahoe,107,151,99,ICC 107-11
Arapahoe,107,152,95,ICC 107-11
Arapahoe,107,153,100,ICC 107-11
Arapahoe,107,154,100,ICC 107-11
Arapahoe,107,155,99,ICC 107-11
Arapahoe,107,156,100,ICC 107-11
Arapahoe,107,157,100,ICC 107-11
Arapahoe,107,158,97,ICC 107-11
Arapahoe,107,159,88,ICC 107-11
Arapahoe,107,160,100,ICC 107-11
Arapahoe,107,161,54,ICC 107-11
Arapahoe,107,162,100,ICC 107-11
Arapahoe,107,163,100,ICC 107-11
Arapahoe,107,164,100,ICC 107-11
Arapahoe,107,165,99,ICC 107-11
Arapahoe,107,166,100,ICC 107-12
Arapahoe,107,167,99,ICC 107-12
Arapahoe,107,168,100,ICC 107-12
Arapahoe,107,169,100,ICC 107-12
Arapahoe,107,170,96,ICC 107-12
Arapahoe,107,171,100,ICC 107-12
Arapahoe,107,172,100,ICC 107-12
Arapahoe,107,173,99,ICC 107-12
Arapahoe,107,174,95,ICC 107-12
Arapahoe,107,175,97,ICC 107-12
Arapahoe,107,176,100,ICC 107-12
Arapahoe,107,177,96,ICC 107-12
Arapahoe,107,178,100,ICC 107-12
Arapahoe,107,179,100,ICC 107-12
Arapahoe,107,180,99,ICC 107-12
Arapahoe,107,181,97,ICC 107-13
Arapahoe,107,182,94,ICC 107-13
Arapahoe,107,183,93,ICC 107-13
Arapahoe,107,184,96,ICC 107-13
Arapahoe,107,185,100,ICC 107-13
Arapahoe,107,186,100,ICC 107-13
Arapahoe,107,187,100,ICC 107-13
Arapahoe,107,188,100,ICC 107-13
Arapahoe,107,189,96,ICC 107-13
Arapahoe,107,190,100,ICC 107-13
Arapahoe,107,191,100,ICC 107-13
Arapahoe,107,192,98,ICC 107-13
Arapahoe,107,193,100,ICC 107-13
Arapahoe,107,194,97,ICC 107-13
Arapahoe,107,195,100,ICC 107-13
Arapahoe,107,196,99,ICC 107-14
Arapahoe,107,197,98,ICC 107-14
Arapahoe,107,198,100,ICC 107-14
Arapahoe,107,199,100,ICC 107-14
Arapahoe,107,200,100,ICC 107-14
Arapahoe,107,201,100,ICC 107-14
Arapahoe,107,202,100,ICC 107-14
Arapahoe,107,203,33,ICC 107-14
Arapahoe,107,204,100,ICC 107-14
Arapahoe,107,205,100,ICC 107-14
Arapahoe,107,206,100,ICC 107-14
Arapahoe,107,207,100,ICC 107-14
Arapahoe,107,208,100,ICC 107-14
Arapahoe,107,209,97,ICC 107-14
Arapahoe,107,210,84,ICC 107-14
Arapahoe,107,211,100,ICC 107-15
Arapahoe,107,212,100,ICC 107-15
Arapahoe,107,213,98,ICC 107-15
Arapahoe,107,214,97,ICC 107-15
Arapahoe,107,215,99,ICC 107-15
Arapahoe,107,216,100,ICC 107-15
Arapahoe,107,217,100,ICC 107-15
Arapahoe,107,218,99,ICC 107-15
Arapahoe,107,219,100,ICC 107-15
Arapahoe,107,220,93,ICC 107-15
Arapahoe,107,221,99,ICC 107-15
Arapahoe,107,222,98,ICC 107-15
Arapahoe,107,223,96,ICC 107-15
Arapahoe,107,224,96,ICC 107-15
Arapahoe,107,225,97,ICC 107-15
Arapahoe,107,226,94,ICC 107-16
Arapahoe,107,227,96,ICC 107-16
Arapahoe,107,228,100,ICC 107-16
Arapahoe,107,229,99,ICC 107-16
Arapahoe,107,230,100,ICC 107-16
Arapahoe,107,231,100,ICC 107-16
Arapahoe,107,232,100,ICC 107-16
Arapahoe,107,233,99,ICC 107-16
Arapahoe,107,234,100,ICC 107-16
Arapahoe,107,235,96,ICC 107-16
Arapahoe,107,236,100,ICC 107-16
Arapahoe,107,237,100,ICC 107-16
Arapahoe,107,238,100,ICC 107-16
Arapahoe,107,239,100,ICC 107-16
Arapahoe,107,240,52,ICC 107-16
Arapahoe,107,241,96,ICC 107-17
Arapahoe,107,242,93,ICC 107-17
Arapahoe,107,243,97,ICC 107-17
Arapahoe,107,244,99,ICC 107-17
Arapahoe,107,245,100,ICC 107-17
Arapahoe,107,246,96,ICC 107-17
Arapahoe,107,247,100,ICC 107-17
Arapahoe,107,248,100,ICC 107-17
Arapahoe,107,249,100,ICC 107-17
Arapahoe,107,250,100,ICC 107-17
Arapahoe,107,251,100,ICC 107-17
Arapahoe,107,252,98,ICC 107-17
Arapahoe,107,253,98,ICC 107-17
Arapahoe,107,254,92,ICC 107-17
Arapahoe,107,255,100,ICC 107-17
Arapahoe,107,256,99,ICC 107-18
Arapahoe,107,257,100,ICC 107-18
Arapahoe,107,258,100,ICC 107-18
Arapahoe,107,259,100,ICC 107-18
Arapahoe,107,260,98,ICC 107-18
Arapahoe,107,261,100,ICC 107-18
Arapahoe,107,262,100,ICC 107-18
Arapahoe,107,263,99,ICC 107-18
Arapahoe,107,264,100,ICC 107-18
Arapahoe,107,265,99,ICC 107-18
Arapahoe,107,266,100,ICC 107-18
Arapahoe,107,267,100,ICC 107-18
Arapahoe,107,268,100,ICC 107-18
Arapahoe,107,269,100,ICC 107-18
Arapahoe,107,270,100,ICC 107-18
Arapahoe,107,271,100,ICC 107-19
Arapahoe,107,272,100,ICC 107-19
Arapahoe,107,273,100,ICC 107-19
Arapahoe,107,274,100,ICC 107-19
Arapahoe,107,275,100,ICC 107-19
Arapahoe,107,276,100,ICC 107-19
Arapahoe,107,277,2,ICC 107-19
Arapahoe,107,278,100,ICC 107-19
Arapahoe,107,279,100,ICC 107-19
Arapahoe,107,280,99,ICC 107-19
Arapahoe,107,281,100,ICC 107-19
Arapahoe,107,282,100,ICC 107-19
Arapahoe,107,283,100,ICC 107-19
Arapahoe,107,284,100,ICC 107-19
Arapahoe,107,285,100,ICC 107-19
Arapahoe,107,286,99,ICC 107-20
Arapahoe,107,287,100,ICC 107-20
Arapahoe,107,288,100,ICC 107-20
Arapahoe,107,289,99,ICC 107-20
Arapahoe,107,290,99,ICC 107-20
Arapahoe,107,291,100,ICC 107-20
Arapahoe,107,292,100,ICC 107-20
Arapahoe,107,293,100,ICC 107-20
Arapahoe,107,294,100,ICC 107-20
Arapahoe,107,295,100,ICC 107-20
Arapahoe,107,296,95,ICC 107-20
Arapahoe,107,297,99,ICC 107-20
Arapahoe,107,298,100,ICC 107-20
Arapahoe,107,299,100,ICC 107-20
Arapahoe,107,300,100,ICC 107-20
Arapahoe,107,301,95,ICC 107-21
Arapahoe,107,302,100,ICC 107-21
Arapahoe,107,303,100,ICC 107-21
Arapahoe,107,304,25,ICC 107-21
Arapahoe,107,305,98,ICC 107-21
Arapahoe,107,306,88,ICC 107-21
Arapahoe,107,307,97,ICC 107-21
Arapahoe,107,308,98,ICC 107-21
Arapahoe,107,309,100,ICC 107-21
Arapahoe,107,310,94,ICC 107-21
Arapahoe,107,311,100,ICC 107-21
Arapahoe,107,312,98,ICC 107-21
Arapahoe,107,313,99,ICC 107-21
Arapahoe,107,314,100,ICC 107-21
Arapahoe,107,315,99,ICC 107-21
Arapahoe,107,316,7,ICC 107-22
Arapahoe,107,317,94,ICC 107-22
Arapahoe,107,318,96,ICC 107-22
Arapahoe,107,319,95,ICC 107-22
Arapahoe,107,320,97,ICC 107-22
Arapahoe,107,321,97,ICC 107-22
Arapahoe,107,322,97,ICC 107-22
Arapahoe,107,323,88,ICC 107-22
Arapahoe,107,324,94,ICC 107-22
Arapahoe,107,325,96,ICC 107-22
Arapahoe,107,326,96,ICC 107-22
Arapahoe,107,327,94,ICC 107-22
Arapahoe,107,328,95,ICC 107-22
Arapahoe,107,329,98,ICC 107-22
Arapahoe,107,330,15,ICC 107-22
Arapahoe,107,331,98,ICC 107-23
Arapahoe,107,332,97,ICC 107-23
Arapahoe,107,333,4,ICC 107-23
Arapahoe,107,334,93,ICC 107-23
Arapahoe,107,335,97,ICC 107-23
Arapahoe,107,336,96,ICC 107-23
Arapahoe,107,337,98,ICC 107-23
Arapahoe,107,338,1,ICC 107-23
Arapahoe,107,339,43,ICC 107-23
Arapahoe,107,340,57,ICC 107-23
Arapahoe,107,341,97,ICC 107-23
Arapahoe,107,342,2,ICC 107-23
Arapahoe,107,343,5,ICC 107-23
Arapahoe,107,344,94,ICC 107-23
Arapahoe,107,345,94,ICC 107-23
Arapahoe,109,1,94,ICC 109-1
Arapahoe,109,2,93,ICC 109-1
Arapahoe,109,3,82,ICC 109-1
Arapahoe,109,4,85,ICC 109-1
Arapahoe,109,5,52,ICC 109-1
Arapahoe,109,6,87,ICC 109-1
Arapahoe,109,7,23,ICC 109-1
Arapahoe,109,8,97,ICC 109-1
Arapahoe,109,9,100,ICC 109-1
Arapahoe,109,10,91,ICC 109-1
Arapahoe,109,11,95,ICC 109-1
Arapahoe,109,12,92,ICC 109-1
Arapahoe,109,13,46,ICC 109-1
Arapahoe,109,14,76,ICC 109-1
Arapahoe,109,15,87,ICC 109-1
Arapahoe,109,16,85,ICC 109-2
Arapahoe,109,17,77,ICC 109-2
Arapahoe,109,18,73,ICC 109-2
Arapahoe,109,19,87,ICC 109-2
Arapahoe,109,20,91,ICC 109-2
Arapahoe,109,21,81,ICC 109-2
Arapahoe,109,22,55,ICC 109-2
Arapahoe,109,23,50,ICC 109-2
Arapahoe,109,24,95,ICC 109-2
Arapahoe,109,25,82,ICC 109-2
Arapahoe,109,26,100,ICC 109-2
Arapahoe,109,27,50,ICC 109-2
Arapahoe,109,28,100,ICC 109-2
Arapahoe,109,29,93,ICC 109-2
Arapahoe,109,30,86,ICC 109-2
Arapahoe,109,31,95,ICC 109-3
Arapahoe,109,32,94,ICC 109-3
Arapahoe,109,33,100,ICC 109-3
Arapahoe,109,34,100,ICC 109-3
Arapahoe,109,35,100,ICC 109-3
Arapahoe,109,36,95,ICC 109-3
Arapahoe,109,37,96,ICC 109-3
Arapahoe,109,38,99,ICC 109-3
Arapahoe,109,39,97,ICC 109-3
Arapahoe,109,40,100,ICC 109-3
Arapahoe,109,41,45,ICC 109-3
Arapahoe,109,42,100,ICC 109-3
Arapahoe,109,43,95,ICC 109-3
Arapahoe,109,44,100,ICC 109-3
Arapahoe,109,45,100,ICC 109-3
Arapahoe,109,46,100,ICC 109-4
Arapahoe,109,47,95,ICC 109-4
Arapahoe,109,48,100,ICC 109-4
Arapahoe,109,49,99,ICC 109-4
Arapahoe,109,50,81,ICC 109-4
Arapahoe,109,51,98,ICC 109-4
Arapahoe,109,52,100,ICC 109-4
Arapahoe,109,53,100,ICC 109-4
Arapahoe,109,54,100,ICC 109-4
Arapahoe,109,55,98,ICC 109-4
Arapahoe,109,56,100,ICC 109-4
Arapahoe,109,57,99,ICC 109-4
Arapahoe,109,58,100,ICC 109-4
Arapahoe,109,59,98,ICC 109-4
Arapahoe,109,60,96,ICC 109-4
Arapahoe,109,61,93,ICC 109-5
Arapahoe,109,62,100,ICC 109-5
Arapahoe,109,63,100,ICC 109-5
Arapahoe,109,64,92,ICC 109-5
Arapahoe,109,65,11,ICC 109-5
Arapahoe,109,66,98,ICC 109-5
Arapahoe,109,67,100,ICC 109-5
Arapahoe,109,68,99,ICC 109-5
Arapahoe,109,69,99,ICC 109-5
Arapahoe,109,70,100,ICC 109-5
Arapahoe,109,71,99,ICC 109-5
Arapahoe,109,72,94,ICC 109-5
Arapahoe,109,73,96,ICC 109-5
Arapahoe,109,74,99,ICC 109-5
Arapahoe,109,75,100,ICC 109-5
Arapahoe,109,76,100,ICC 109-6
Arapahoe,109,77,100,ICC 109-6
Arapahoe,109,78,95,ICC 109-6
Arapahoe,109,79,94,ICC 109-6
Arapahoe,109,80,40,ICC 109-6
Arapahoe,109,81,92,ICC 109-6
Arapahoe,109,82,93,ICC 109-6
Arapahoe,109,83,94,ICC 109-6
Arapahoe,109,84,96,ICC 109-6
Arapahoe,109,85,100,ICC 109-6
Arapahoe,109,86,100,ICC 109-6
Arapahoe,109,87,100,ICC 109-6
Arapahoe,109,88,98,ICC 109-6
Arapahoe,109,89,99,ICC 109-6
Arapahoe,109,90,98,ICC 109-6
Arapahoe,109,91,100,ICC 109-7
Arapahoe,109,92,97,ICC 109-7
Arapahoe,109,93,100,ICC 109-7
Arapahoe,109,94,99,ICC 109-7
Arapahoe,109,95,96,ICC 109-7
Arapahoe,109,96,93,ICC 109-7
Arapahoe,109,97,100,ICC 109-7
Arapahoe,109,98,93,ICC 109-7
Arapahoe,109,99,94,ICC 109-7
Arapahoe,109,100,100,ICC 109-7
Arapahoe,109,101,100,ICC 109-7
Arapahoe,109,102,98,ICC 109-7
Arapahoe,109,103,98,ICC 109-7
Arapahoe,109,104,18,ICC 109-7
Arapahoe,109,105,100,ICC 109-7
Arapahoe,109,106,98,ICC 109-8
Arapahoe,109,107,100,ICC 109-8
Arapahoe,109,108,100,ICC 109-8
Arapahoe,109,109,97,ICC 109-8
Arapahoe,109,110,92,ICC 109-8
Arapahoe,109,111,95,ICC 109-8
Arapahoe,109,112,98,ICC 109-8
Arapahoe,109,113,98,ICC 109-8
Arapahoe,109,114,100,ICC 109-8
Arapahoe,109,115,18,ICC 109-8
Arapahoe,109,116,99,ICC 109-8
Arapahoe,109,117,96,ICC 109-8
Arapahoe,109,118,100,ICC 109-8
Arapahoe,109,119,99,ICC 109-8
Arapahoe,109,120,98,ICC 109-8
Arapahoe,109,121,99,ICC 109-9
Arapahoe,109,122,92,ICC 109-9
Arapahoe,109,123,100,ICC 109-9
Arapahoe,109,124,100,ICC 109-9
Arapahoe,109,125,100,ICC 109-9
Arapahoe,109,126,100,ICC 109-9
Arapahoe,109,127,98,ICC 109-9
Arapahoe,109,128,96,ICC 109-9
Arapahoe,109,129,100,ICC 109-9
Arapahoe,109,130,96,ICC 109-9
Arapahoe,109,131,95,ICC 109-9
Arapahoe,109,132,100,ICC 109-9
Arapahoe,109,133,42,ICC 109-9
Arapahoe,109,134,99,ICC 109-9
Arapahoe,109,135,100,ICC 109-9
Arapahoe,109,136,100,ICC 109-10
Arapahoe,109,137,98,ICC 109-10
Arapahoe,109,138,100,ICC 109-10
Arapahoe,109,139,100,ICC 109-10
Arapahoe,109,140,85,ICC 109-10
Arapahoe,109,141,95,ICC 109-10
Arapahoe,109,142,100,ICC 109-10
Arapahoe,109,143,100,ICC 109-10
Arapahoe,109,144,100,ICC 109-10
Arapahoe,109,145,100,ICC 109-10
Arapahoe,109,146,99,ICC 109-10
Arapahoe,109,147,95,ICC 109-10
Arapahoe,109,148,100,ICC 109-10
Arapahoe,109,149,100,ICC 109-10
Arapahoe,109,150,100,ICC 109-10
Arapahoe,109,151,95,ICC 109-11
Arapahoe,109,152,100,ICC 109-11
Arapahoe,109,153,100,ICC 109-11
Arapahoe,109,154,100,ICC 109-11
Arapahoe,109,155,100,ICC 109-11
Arapahoe,109,156,98,ICC 109-11
Arapahoe,109,157,100,ICC 109-11
Arapahoe,109,158,100,ICC 109-11
Arapahoe,109,159,100,ICC 109-11
Arapahoe,109,160,99,ICC 109-11
Arapahoe,109,161,100,ICC 109-11
Arapahoe,109,162,100,ICC 109-11
Arapahoe,109,163,100,ICC 109-11
Arapahoe,109,164,100,ICC 109-11
Arapahoe,109,165,100,ICC 109-11
Arapahoe,109,166,100,ICC 109-12
Arapahoe,109,167,100,ICC 109-12
Arapahoe,109,168,100,ICC 109-12
Arapahoe,109,169,99,ICC 109-12
Arapahoe,109,170,100,ICC 109-12
Arapahoe,109,171,100,ICC 109-12
Arapahoe,109,172,100,ICC 109-12
Arapahoe,109,173,100,ICC 109-12
Arapahoe,109,174,94,ICC 109-12
Arapahoe,109,175,100,ICC 109-12
Arapahoe,109,176,100,ICC 109-12
Arapahoe,109,177,100,ICC 109-12
Arapahoe,109,178,100,ICC 109-12
Arapahoe,109,179,100,ICC 109-12
Arapahoe,109,180,100,ICC 109-12
Arapahoe,109,181,93,ICC 109-13
Arapahoe,109,182,100,ICC 109-13
Arapahoe,109,183,100,ICC 109-13
Arapahoe,109,184,96,ICC 109-13
Arapahoe,109,185,100,ICC 109-13
Arapahoe,109,186,99,ICC 109-13
Arapahoe,109,187,99,ICC 109-13
Arapahoe,109,188,100,ICC 109-13
Arapahoe,109,189,100,ICC 109-13
Arapahoe,109,190,99,ICC 109-13
Arapahoe,109,191,100,ICC 109-13
Arapahoe,109,192,100,ICC 109-13
Arapahoe,109,193,100,ICC 109-13
Arapahoe,109,194,86,ICC 109-13
Arapahoe,109,195,99,ICC 109-13
Arapahoe,109,196,98,ICC 109-14
Arapahoe,109,197,100,ICC 109-14
Arapahoe,109,198,100,ICC 109-14
Arapahoe,109,199,95,ICC 109-14
Arapahoe,109,200,100,ICC 109-14
Arapahoe,109,201,99,ICC 109-14
Arapahoe,109,202,97,ICC 109-14
Arapahoe,109,203,96,ICC 109-14
Arapahoe,109,204,99,ICC 109-14
Arapahoe,109,205,100,ICC 109-14
Arapahoe,109,206,100,ICC 109-14
Arapahoe,109,207,98,ICC 109-14
Arapahoe,109,208,100,ICC 109-14
Arapahoe,109,209,98,ICC 109-14
Arapahoe,109,210,89,ICC 109-14
Arapahoe,109,211,96,ICC 109-15
Arapahoe,109,212,96,ICC 109-15
Arapahoe,109,213,97,ICC 109-15
Arapahoe,109,214,95,ICC 109-15
Arapahoe,109,215,99,ICC 109-15
Arapahoe,109,216,95,ICC 109-15
Arapahoe,109,217,96,ICC 109-15
Arapahoe,109,218,98,ICC 109-15
Arapahoe,109,219,90,ICC 109-15
Arapahoe,120,1,26,ICC 120-1
Arapahoe,120,2,47,ICC 120-1
Arapahoe,120,3,58,ICC 120-1
Arapahoe,120,4,82,ICC 120-1
Arapahoe,120,5,61,ICC 120-1
Arapahoe,120,6,26,ICC 120-1
Arapahoe,120,7,81,ICC 120-1
Arapahoe,120,8,79,ICC 120-1
Arapahoe,120,9,96,ICC 120-1
Arapahoe,120,10,59,ICC 120-1
Arapahoe,120,11,76,ICC 120-1
Arapahoe,120,12,114,ICC 120-1
Arapahoe,120,13,100,ICC 120-1
Arapahoe,120,14,105,ICC 120-1
Arapahoe,120,15,100,ICC 120-1
Arapahoe,120,16,76,ICC 120-2
Arapahoe,120,17,110,ICC 120-2
Arapahoe,120,18,110,ICC 120-2
Arapahoe,120,19,111,ICC 120-2
Arapahoe,120,20,100,ICC 120-2
Arapahoe,120,21,106,ICC 120-2
Arapahoe,120,22,110,ICC 120-2
Arapahoe,120,23,101,ICC 120-2
Arapahoe,120,24,21,ICC 120-2
Arapahoe,120,25,56,ICC 120-2
Arapahoe,120,26,96,ICC 120-2
Arapahoe,120,27,100,ICC 120-2
Arapahoe,120,28,58,ICC 120-2
