County,Tabulator,Batch,. of Ballots,Location
Douglas,1,PRI-0001,100,23
Douglas,1,PRI-0002,100,25
Douglas,1,PRI-0003,100,21
Douglas,1,PRI-0004,100,21
Douglas,1,PRI-0005,100,10
Douglas,1,PRI-0006,100,7
Douglas,1,PRI-0007,100,63
Douglas,1,PRI-0008,100,63
Douglas,1,PRI-0009,100,10
Douglas,1,PRI-0010,100,23
Douglas,1,PRI-0011,100,23
Douglas,1,PRI-0012,100,21
Douglas,1,PRI-0013,100,21
Douglas,1,PRI-0014,100,7
Douglas,1,PRI-0015,100,7
Douglas,1,PRI-0016,100,63
Douglas,1,PRI-0017,100,21
Douglas,1,PRI-0018,100,63
Douglas,1,PRI-0019,100,25
Douglas,1,PRI-0020,100,10
Douglas,1,PRI-0021,40,7
Douglas,1,PRI-0022,100,61
Douglas,1,PRI-0023,100,63
Douglas,1,PRI-0024,100,63
Douglas,1,PRI-0025,100,10
Douglas,1,PRI-0026,100,63
Douglas,1,PRI-0027,100,61
Douglas,1,PRI-0028,100,63
Douglas,1,PRI-0029,100,61
Douglas,1,PRI-0030,100,7
Douglas,1,PRI-0031,100,7
Douglas,1,PRI-0032,100,63
Douglas,1,PRI-0033,100,11
Douglas,1,PRI-0034,100,61
Douglas,1,PRI-0035,100,10
Douglas,1,PRI-0036,102,10
Douglas,1,PRI-0037,100,61
Douglas,1,PRI-0038,100,10
Douglas,1,PRI-0039,100,63
Douglas,1,PRI-0040,99,23
Douglas,1,PRI-0041,100,25
Douglas,1,PRI-0042,100,61
Douglas,1,PRI-0043,100,25
Douglas,1,PRI-0044,100,21
Douglas,1,PRI-0045,101,41
Douglas,1,PRI-0046,100,23
Douglas,1,PRI-0047,100,10
Douglas,1,PRI-0048,100,21
Douglas,1,PRI-0049,100,7
Douglas,1,PRI-0050,100,7
Douglas,1,PRI-0051,100,63
Douglas,1,PRI-0052,100,63
Douglas,1,PRI-0053,100,7
Douglas,1,PRI-0054,100,63
Douglas,1,PRI-0055,100,63
Douglas,1,PRI-0056,100,23
Douglas,1,PRI-0057,100,21
Douglas,1,PRI-0058,100,23
Douglas,1,PRI-0059,100,63
Douglas,1,PRI-0060,100,61
Douglas,1,PRI-0061,100,7
Douglas,1,PRI-0062,99,23
Douglas,1,PRI-0063,100,21
Douglas,1,PRI-0064,100,21
Douglas,1,PRI-0065,100,7
Douglas,1,PRI-0066,100,61
Douglas,1,PRI-0067,100,21
Douglas,1,PRI-0068,100,61
Douglas,1,PRI-0069,100,21
Douglas,1,PRI-0070,100,63
Douglas,1,PRI-0071,100,7
Douglas,1,PRI-0072,100,61
Douglas,1,PRI-0073,100,61
Douglas,1,PRI-0074,100,11
Douglas,1,PRI-0075,100,7
Douglas,1,PRI-0076,100,61
Douglas,1,PRI-0077,100,10
Douglas,1,PRI-0078,100,23
Douglas,1,PRI-0079,100,7
Douglas,1,PRI-0080,100,7
Douglas,1,PRI-0081,100,21
Douglas,1,PRI-0082,100,63
Douglas,1,PRI-0083,99,25
Douglas,1,PRI-0084,100,10
Douglas,1,PRI-0085,100,23
Douglas,1,PRI-0086,100,10
Douglas,1,PRI-0087,100,63
Douglas,1,PRI-0088,100,7
Douglas,1,PRI-0089,100,7
Douglas,1,PRI-0090,100,21
Douglas,1,PRI-0091,100,21
Douglas,1,PRI-0092,100,21
Douglas,1,PRI-0093,90,7
Douglas,1,PRI-0094,100,7
Douglas,1,PRI-0095,100,7
Douglas,1,PRI-0096,100,61
Douglas,1,PRI-0097,100,23
Douglas,1,PRI-0098,100,61
Douglas,1,PRI-0099,102,61
Douglas,1,PRI-0100,100,10
Douglas,1,PRI-0101,100,7
Douglas,1,PRI-0102,100,7
Douglas,1,PRI-0103,101,10
Douglas,1,PRI-0104,100,21
Douglas,1,PRI-0105,100,23
Douglas,1,PRI-0106,100,21
Douglas,1,PRI-0107,100,63
Douglas,1,PRI-0108,100,7
Douglas,1,PRI-0109,100,21
Douglas,1,PRI-0110,100,61
Douglas,1,PRI-0111,100,63
Douglas,1,PRI-0112,100,23
Douglas,1,PRI-0113,100,61
Douglas,1,PRI-0114,100,21
Douglas,1,PRI-0115,100,21
Douglas,1,PRI-0116,100,10
Douglas,1,PRI-0117,101,65
Douglas,1,PRI-0118,100,61
Douglas,1,PRI-0119,100,10
Douglas,1,PRI-0120,100,61
Douglas,1,PRI-0121,99,23
Douglas,1,PRI-0122,100,10
Douglas,1,PRI-0123,101,10
Douglas,1,PRI-0124,100,7
Douglas,1,PRI-0125,100,65
Douglas,1,PRI-0126,100,11
Douglas,1,PRI-0127,100,11
Douglas,1,PRI-0128,100,11
Douglas,1,PRI-0129,100,65
Douglas,1,PRI-0130,100,63
Douglas,1,PRI-0131,100,21
Douglas,1,PRI-0132,100,23
Douglas,1,PRI-0133,101,65
Douglas,1,PRI-0134,100,10
Douglas,1,PRI-0135,100,63
Douglas,1,PRI-0136,100,63
Douglas,1,PRI-0137,100,23
Douglas,1,PRI-0138,100,65
Douglas,1,PRI-0139,100,63
Douglas,1,PRI-0140,100,23
Douglas,1,PRI-0141,100,11
Douglas,1,PRI-0142,100,65
Douglas,1,PRI-0143,100,23
Douglas,1,PRI-0144,100,65
Douglas,1,PRI-0145,99,61
Douglas,1,PRI-0146,100,61
Douglas,1,PRI-0147,100,23
Douglas,1,PRI-0148,100,61
Douglas,1,PRI-0149,100,10
Douglas,1,PRI-0150,100,23
Douglas,1,PRI-0151,100,23
Douglas,1,PRI-0152,100,21
Douglas,1,PRI-0153,100,10
Douglas,1,PRI-0154,100,23
Douglas,1,PRI-0155,100,23
Douglas,1,PRI-0156,100,61
Douglas,1,PRI-0157,100,41
Douglas,1,PRI-0158,100,10
Douglas,1,PRI-0159,100,23
Douglas,1,PRI-0160,100,10
Douglas,1,PRI-0161,100,21
Douglas,1,PRI-0162,100,61
Douglas,1,PRI-0163,62,10
Douglas,1,PRI-0164,101,10
Douglas,1,PRI-0165,40,60
Douglas,1,PRI-0166,100,67
Douglas,1,PRI-0167,100,25
Douglas,1,PRI-0168,99,65
Douglas,1,PRI-0169,100,41
Douglas,1,PRI-0170,100,25
Douglas,1,PRI-0171,100,25
Douglas,1,PRI-0172,100,11
Douglas,1,PRI-0173,100,67
Douglas,1,PRI-0174,100,65
Douglas,1,PRI-0175,100,67
Douglas,1,PRI-0176,100,25
Douglas,1,PRI-0177,85,65
Douglas,1,PRI-0178,100,41
Douglas,1,PRI-0179,100,11
Douglas,1,PRI-0180,100,11
Douglas,1,PRI-0181,100,11
Douglas,1,PRI-0182,100,41
Douglas,1,PRI-0183,100,25
Douglas,1,PRI-0184,100,65
Douglas,1,PRI-0185,100,13
Douglas,1,PRI-0186,100,11
Douglas,1,PRI-0187,100,25
Douglas,1,PRI-0188,100,65
Douglas,1,PRI-0189,87,41
Douglas,1,PRI-0190,100,25
Douglas,1,PRI-0191,100,41
Douglas,1,PRI-0192,101,67
Douglas,1,PRI-0193,100,41
Douglas,1,PRI-0194,100,25
Douglas,1,PRI-0195,100,41
Douglas,1,PRI-0196,98,67
Douglas,1,PRI-0197,99,65
Douglas,1,PRI-0198,100,41
Douglas,1,PRI-0199,100,25
Douglas,1,PRI-0200,100,41
Douglas,1,PRI-0201,100,41
Douglas,1,PRI-0202,100,25
Douglas,1,PRI-0203,100,41
Douglas,1,PRI-0204,100,11
Douglas,1,PRI-0205,100,11
Douglas,1,PRI-0206,66,11
Douglas,1,PRI-0207,100,41
Douglas,1,PRI-0208,100,67
Douglas,1,PRI-0209,100,25
Douglas,1,PRI-0210,100,13
Douglas,1,PRI-0211,100,27
Douglas,1,PRI-0212,63,43
Douglas,1,PRI-0213,100,41
Douglas,1,PRI-0214,100,13
Douglas,1,PRI-0215,100,67
Douglas,1,PRI-0216,100,11
Douglas,1,PRI-0217,100,11
Douglas,1,PRI-0218,100,25
Douglas,1,PRI-0219,100,65
Douglas,1,PRI-0220,100,11
Douglas,1,PRI-0221,41,41
Douglas,1,PRI-0222,100,25
Douglas,1,PRI-0223,100,65
Douglas,1,PRI-0224,100,65
Douglas,1,PRI-0225,100,65
Douglas,1,PRI-0226,100,65
Douglas,1,PRI-0227,100,11
Douglas,1,PRI-0228,100,65
Douglas,1,PRI-0229,100,41
Douglas,1,PRI-0230,100,65
Douglas,1,PRI-0231,100,65
Douglas,1,PRI-0232,100,25
Douglas,1,PRI-0233,100,27
Douglas,1,PRI-0234,100,11
Douglas,1,PRI-0235,100,25
Douglas,1,PRI-0236,100,65
Douglas,1,PRI-0237,89,41
Douglas,1,PRI-0238,100,25
Douglas,1,PRI-0239,57,11
Douglas,1,PRI-0240,100,41
Douglas,1,PRI-0241,100,65
Douglas,1,PRI-0242,100,11
Douglas,1,PRI-0243,100,65
Douglas,1,PRI-0244,100,11
Douglas,1,PRI-0245,100,41
Douglas,1,PRI-0246,100,41
Douglas,1,PRI-0247,100,13
Douglas,1,PRI-0248,90,27
Douglas,1,PRI-0249,100,13
Douglas,1,PRI-0250,100,67
Douglas,1,PRI-0251,100,11
Douglas,1,PRI-0252,100,41
Douglas,1,PRI-0253,100,11
Douglas,1,PRI-0254,100,25
Douglas,1,PRI-0255,99,14
Douglas,1,PRI-0256,100,13
Douglas,1,PRI-0257,100,41
Douglas,1,PRI-0258,100,13
Douglas,1,PRI-0259,100,67
Douglas,1,PRI-0260,100,13
Douglas,1,PRI-0261,100,27
Douglas,1,PRI-0262,100,13
Douglas,1,PRI-0263,100,13
Douglas,1,PRI-0264,100,67
Douglas,1,PRI-0265,100,43
Douglas,1,PRI-0266,100,25
Douglas,1,PRI-0267,100,27
Douglas,1,PRI-0268,100,13
Douglas,1,PRI-0269,100,13
Douglas,1,PRI-0270,100,43
Douglas,1,PRI-0271,100,67
Douglas,1,PRI-0272,100,67
Douglas,1,PRI-0273,100,27
Douglas,1,PRI-0274,100,43
Douglas,1,PRI-0275,50,43
Douglas,1,PRI-0276,100,67
Douglas,1,PRI-0277,100,67
Douglas,1,PRI-0278,100,13
Douglas,1,PRI-0279,100,43
Douglas,1,PRI-0280,100,43
Douglas,1,PRI-0281,100,13
Douglas,1,PRI-0282,100,67
Douglas,1,PRI-0283,100,67
Douglas,1,PRI-0284,99,41
Douglas,1,PRI-0285,100,67
Douglas,1,PRI-0286,100,27
Douglas,1,PRI-0287,100,27
Douglas,1,PRI-0288,100,43
Douglas,1,PRI-0289,100,27
Douglas,1,PRI-0290,100,27
Douglas,1,PRI-0291,100,13
Douglas,1,PRI-0292,100,13
Douglas,1,PRI-0293,100,43
Douglas,1,PRI-0294,100,67
Douglas,1,PRI-0295,100,13
Douglas,1,PRI-0296,49,70
Douglas,1,PRI-0297,48,16
Douglas,1,PRI-0298,49,72
Douglas,1,PRI-0299,100,43
Douglas,1,PRI-0300,100,43
Douglas,1,PRI-0301,46,67
Douglas,1,PRI-0302,100,67
Douglas,1,PRI-0303,100,14
Douglas,1,PRI-0304,100,27
Douglas,1,PRI-0305,100,68
Douglas,1,PRI-0306,100,43
Douglas,1,PRI-0307,100,43
Douglas,1,PRI-0308,100,28
Douglas,1,PRI-0309,100,45
Douglas,1,PRI-0310,92,14
Douglas,1,PRI-0311,100,27
Douglas,1,PRI-0312,100,70
Douglas,1,PRI-0313,100,68
Douglas,1,PRI-0314,100,70
Douglas,1,PRI-0315,100,43
Douglas,1,PRI-0316,100,43
Douglas,1,PRI-0317,100,43
Douglas,1,PRI-0318,100,68
Douglas,1,PRI-0319,100,67
Douglas,1,PRI-0320,100,68
Douglas,1,PRI-0321,88,27
Douglas,1,PRI-0322,100,43
Douglas,1,PRI-0323,100,27
Douglas,1,PRI-0324,100,67
Douglas,1,PRI-0325,100,14
Douglas,1,PRI-0326,100,45
Douglas,1,PRI-0327,100,68
Douglas,1,PRI-0328,73,27
Douglas,1,PRI-0329,100,27
Douglas,1,PRI-0330,100,27
Douglas,1,PRI-0331,99,13
Douglas,1,PRI-0332,100,68
Douglas,1,PRI-0333,100,27
Douglas,1,PRI-0334,100,43
Douglas,1,PRI-0335,100,67
Douglas,1,PRI-0336,100,68
Douglas,1,PRI-0337,100,68
Douglas,1,PRI-0338,84,68
Douglas,1,PRI-0339,53,45
Douglas,1,PRI-0340,100,68
Douglas,1,PRI-0341,86,13
Douglas,1,PRI-0342,100,14
Douglas,1,PRI-0343,100,68
Douglas,1,PRI-0344,100,43
Douglas,1,PRI-0345,100,14
Douglas,1,PRI-0346,99,14
Douglas,1,PRI-0347,99,14
Douglas,1,PRI-0348,100,14
Douglas,1,PRI-0349,100,68
Douglas,1,PRI-0350,100,43
Douglas,1,PRI-0351,100,43
Douglas,1,PRI-0352,100,45
Douglas,1,PRI-0353,100,28
Douglas,1,PRI-0354,100,70
Douglas,1,PRI-0355,90,45
Douglas,1,PRI-0356,100,45
Douglas,1,PRI-0357,100,28
Douglas,1,PRI-0358,99,68
Douglas,1,PRI-0359,100,28
Douglas,1,PRI-0360,100,45
Douglas,1,PRI-0361,100,70
Douglas,1,PRI-0362,99,14
Douglas,1,PRI-0363,100,28
Douglas,1,PRI-0364,99,27
Douglas,1,PRI-0365,100,28
Douglas,1,PRI-0366,100,45
Douglas,1,PRI-0367,100,27
Douglas,1,PRI-0368,100,13
Douglas,1,PRI-0369,60,13
Douglas,1,PRI-0370,76,45
Douglas,1,PRI-0371,100,70
Douglas,1,PRI-0372,100,14
Douglas,1,PRI-0373,100,43
Douglas,1,PRI-0374,100,68
Douglas,1,PRI-0375,99,43
Douglas,1,PRI-0376,100,70
Douglas,1,PRI-0377,100,68
Douglas,1,PRI-0378,100,28
Douglas,1,PRI-0379,99,45
Douglas,1,PRI-0380,59,68
Douglas,1,PRI-0381,100,27
Douglas,1,PRI-0382,82,27
Douglas,1,PRI-0383,52,16
Douglas,1,PRI-0384,88,45
Douglas,1,PRI-0385,100,45
Douglas,1,PRI-0386,100,45
Douglas,1,PRI-0387,100,14
Douglas,1,PRI-0388,100,43
Douglas,1,PRI-0389,100,45
Douglas,1,PRI-0390,100,28
Douglas,1,PRI-0391,100,70
Douglas,1,PRI-0392,100,28
Douglas,1,PRI-0393,100,28
Douglas,1,PRI-0394,100,14
Douglas,1,PRI-0395,53,14
Douglas,1,PRI-0396,100,68
Douglas,1,PRI-0397,100,28
Douglas,1,PRI-0398,100,68
Douglas,1,PRI-0399,100,28
Douglas,1,PRI-0400,100,28
Douglas,1,PRI-0401,100,28
Douglas,1,PRI-0402,100,14
Douglas,1,PRI-0403,94,32
Douglas,1,PRI-0404,99,32
Douglas,1,PRI-0405,53,14
Douglas,1,PRI-0406,100,45
Douglas,1,PRI-0407,99,14
Douglas,1,PRI-0408,100,13
Douglas,1,PRI-0409,100,14
Douglas,1,PRI-0410,100,68
Douglas,1,PRI-0411,100,68
Douglas,1,PRI-0412,100,68
Douglas,1,PRI-0413,100,45
Douglas,1,PRI-0414,100,70
Douglas,1,PRI-0415,100,28
Douglas,1,PRI-0416,41,43
Douglas,1,PRI-0417,100,28
Douglas,1,PRI-0418,100,68
Douglas,1,PRI-0419,100,14
Douglas,1,PRI-0420,100,27
Douglas,1,PRI-0421,100,28
Douglas,1,PRI-0422,100,14
Douglas,1,PRI-0423,100,14
Douglas,1,PRI-0424,100,28
Douglas,1,PRI-0425,100,28
Douglas,1,PRI-0426,61,14
Douglas,1,PRI-0427,100,45
Douglas,1,PRI-0428,100,14
Douglas,1,PRI-0429,100,13
Douglas,1,PRI-0430,47,67
Douglas,1,PRI-0431,100,28
Douglas,1,PRI-0432,100,68
Douglas,1,PRI-0433,100,28
Douglas,1,PRI-0434,100,70
Douglas,1,PRI-0435,100,68
Douglas,1,PRI-0436,79,45
Douglas,1,PRI-0437,98,32
Douglas,1,PRI-0438,100,46
Douglas,1,PRI-0439,100,16
Douglas,1,PRI-0440,100,46
Douglas,1,PRI-0441,100,46
Douglas,1,PRI-0442,100,46
Douglas,1,PRI-0443,59,72
Douglas,1,PRI-0444,100,45
Douglas,1,PRI-0445,98,16
Douglas,1,PRI-0446,100,32
Douglas,1,PRI-0447,100,32
Douglas,1,PRI-0448,100,32
Douglas,1,PRI-0449,100,28
Douglas,1,PRI-0450,100,28
Douglas,1,PRI-0451,100,16
Douglas,1,PRI-0452,64,32
Douglas,1,PRI-0453,100,32
Douglas,1,PRI-0454,100,46
Douglas,1,PRI-0455,100,28
Douglas,1,PRI-0456,100,16
Douglas,1,PRI-0457,100,70
Douglas,1,PRI-0458,100,16
Douglas,1,PRI-0459,100,16
Douglas,1,PRI-0460,100,16
Douglas,1,PRI-0461,100,14
Douglas,1,PRI-0462,82,16
Douglas,1,PRI-0463,62,14
Douglas,1,PRI-0464,100,16
Douglas,1,PRI-0465,100,72
Douglas,1,PRI-0466,100,70
Douglas,1,PRI-0467,100,32
Douglas,1,PRI-0468,100,46
Douglas,1,PRI-0469,100,72
Douglas,1,PRI-0470,100,70
Douglas,1,PRI-0471,100,45
Douglas,1,PRI-0472,100,46
Douglas,1,PRI-0473,100,70
Douglas,1,PRI-0474,100,45
Douglas,1,PRI-0475,100,70
Douglas,1,PRI-0476,100,46
Douglas,1,PRI-0477,100,70
Douglas,1,PRI-0478,100,16
Douglas,1,PRI-0479,100,72
Douglas,1,PRI-0480,100,46
Douglas,1,PRI-0481,100,32
Douglas,1,PRI-0482,100,70
Douglas,1,PRI-0483,100,72
Douglas,1,PRI-0484,77,46
Douglas,1,PRI-0485,84,45
Douglas,1,PRI-0486,61,72
Douglas,1,PRI-0487,100,16
Douglas,1,PRI-0488,100,46
Douglas,1,PRI-0489,100,16
Douglas,1,PRI-0490,100,72
Douglas,1,PRI-0491,100,72
Douglas,1,PRI-0492,87,72
Douglas,1,PRI-0493,51,32
Douglas,1,PRI-0494,100,70
Douglas,1,PRI-0495,100,72
Douglas,1,PRI-0496,100,72
Douglas,1,PRI-0497,100,32
Douglas,1,PRI-0498,100,32
Douglas,1,PRI-0499,100,45
Douglas,1,PRI-0500,49,19
Douglas,1,PRI-0501,100,72
Douglas,1,PRI-0502,100,46
Douglas,1,PRI-0503,100,46
Douglas,1,PRI-0504,78,46
Douglas,1,PRI-0505,100,72
Douglas,1,PRI-0506,100,16
Douglas,1,PRI-0507,100,46
Douglas,1,PRI-0508,100,16
Douglas,1,PRI-0509,100,32
Douglas,1,PRI-0510,100,16
Douglas,1,PRI-0511,100,46
Douglas,1,PRI-0512,99,16
Douglas,1,PRI-0513,100,46
Douglas,1,PRI-0514,100,46
Douglas,1,PRI-0515,100,45
Douglas,1,PRI-0516,100,32
Douglas,1,PRI-0517,100,32
Douglas,1,PRI-0518,100,46
Douglas,1,PRI-0519,100,46
Douglas,1,PRI-0520,100,32
Douglas,1,PRI-0521,100,32
Douglas,1,PRI-0522,100,16
Douglas,1,PRI-0523,100,72
Douglas,1,PRI-0524,100,16
Douglas,1,PRI-0525,100,16
Douglas,1,PRI-0526,100,16
Douglas,1,PRI-0527,100,32
Douglas,1,PRI-0528,65,32
Douglas,1,PRI-0529,100,46
Douglas,1,PRI-0530,100,46
Douglas,1,PRI-0531,100,46
Douglas,1,PRI-0532,101,16
Douglas,1,PRI-0533,100,70
Douglas,1,PRI-0534,100,70
Douglas,1,PRI-0535,100,72
Douglas,1,PRI-0536,100,72
Douglas,1,PRI-0537,100,72
Douglas,1,PRI-0538,100,72
Douglas,1,PRI-0539,100,72
Douglas,1,PRI-0540,100,32
Douglas,1,PRI-0541,66,72
Douglas,1,PRI-0542,50,46
Douglas,1,PRI-0543,100,16
Douglas,1,PRI-0544,100,73
Douglas,1,PRI-0545,58,73
Douglas,1,PRI-0546,100,48
Douglas,1,PRI-0547,85,18
Douglas,1,PRI-0548,91,18
Douglas,1,PRI-0549,100,18
Douglas,1,PRI-0550,100,50
Douglas,1,PRI-0551,100,73
Douglas,1,PRI-0552,100,30
Douglas,1,PRI-0553,72,19
Douglas,1,PRI-0554,100,30
Douglas,1,PRI-0555,92,18
Douglas,1,PRI-0556,100,33
Douglas,1,PRI-0557,100,19
Douglas,1,PRI-0558,100,18
Douglas,1,PRI-0559,100,73
Douglas,1,PRI-0560,100,30
Douglas,1,PRI-0561,100,73
Douglas,1,PRI-0562,98,73
Douglas,1,PRI-0563,100,48
Douglas,1,PRI-0564,100,48
Douglas,1,PRI-0565,100,30
Douglas,1,PRI-0566,100,48
Douglas,1,PRI-0567,100,73
Douglas,1,PRI-0568,100,48
Douglas,1,PRI-0569,100,48
Douglas,1,PRI-0570,100,73
Douglas,1,PRI-0571,100,30
Douglas,1,PRI-0572,59,73
Douglas,1,PRI-0573,76,30
Douglas,1,PRI-0574,100,50
Douglas,1,PRI-0575,100,30
Douglas,1,PRI-0576,91,75
Douglas,1,PRI-0577,100,50
Douglas,1,PRI-0578,100,30
Douglas,1,PRI-0579,56,18
Douglas,1,PRI-0580,100,73
Douglas,1,PRI-0581,74,72
Douglas,1,PRI-0582,100,50
Douglas,1,PRI-0583,100,30
Douglas,1,PRI-0584,100,33
Douglas,1,PRI-0585,100,72
Douglas,1,PRI-0586,100,75
Douglas,1,PRI-0587,100,30
Douglas,1,PRI-0588,100,75
Douglas,1,PRI-0589,94,19
Douglas,1,PRI-0590,100,50
Douglas,1,PRI-0591,100,72
Douglas,1,PRI-0592,100,18
Douglas,1,PRI-0593,100,30
Douglas,1,PRI-0594,100,18
Douglas,1,PRI-0595,100,48
Douglas,1,PRI-0596,100,50
Douglas,1,PRI-0597,100,18
Douglas,1,PRI-0598,100,50
Douglas,1,PRI-0599,100,73
Douglas,1,PRI-0600,100,50
Douglas,1,PRI-0601,100,18
Douglas,1,PRI-0602,100,73
Douglas,1,PRI-0603,100,50
Douglas,1,PRI-0604,100,48
Douglas,1,PRI-0605,100,50
Douglas,1,PRI-0606,100,50
Douglas,1,PRI-0607,100,30
Douglas,1,PRI-0608,100,73
Douglas,1,PRI-0609,100,73
Douglas,1,PRI-0610,100,30
Douglas,1,PRI-0611,100,18
Douglas,1,PRI-0612,101,73
Douglas,1,PRI-0613,87,48
Douglas,1,PRI-0614,63,18
Douglas,1,PRI-0615,100,19
Douglas,1,PRI-0616,100,18
Douglas,1,PRI-0617,100,18
Douglas,1,PRI-0618,100,18
Douglas,1,PRI-0619,100,18
Douglas,1,PRI-0620,100,72
Douglas,1,PRI-0621,100,30
Douglas,1,PRI-0622,100,48
Douglas,1,PRI-0623,93,19
Douglas,1,PRI-0624,100,32
Douglas,1,PRI-0625,100,30
Douglas,1,PRI-0626,100,50
Douglas,1,PRI-0627,76,30
Douglas,1,PRI-0628,100,48
Douglas,1,PRI-0629,100,48
Douglas,1,PRI-0630,69,30
Douglas,1,PRI-0631,100,30
Douglas,1,PRI-0632,100,48
Douglas,1,PRI-0633,100,73
Douglas,1,PRI-0634,100,73
Douglas,1,PRI-0635,100,18
Douglas,1,PRI-0636,100,75
Douglas,1,PRI-0637,100,73
Douglas,1,PRI-0638,100,73
Douglas,1,PRI-0639,100,50
Douglas,1,PRI-0640,46,18
Douglas,1,PRI-0641,100,48
Douglas,1,PRI-0642,99,18
Douglas,1,PRI-0643,100,30
Douglas,1,PRI-0644,100,18
Douglas,1,PRI-0645,100,50
Douglas,1,PRI-0646,88,30
Douglas,1,PRI-0647,56,30
Douglas,1,PRI-0648,100,18
Douglas,1,PRI-0649,100,32
Douglas,1,PRI-0650,100,48
Douglas,1,PRI-0651,100,48
Douglas,1,PRI-0652,100,72
Douglas,1,PRI-0653,100,48
Douglas,1,PRI-0654,100,73
Douglas,1,PRI-0655,100,73
Douglas,1,PRI-0656,100,18
Douglas,1,PRI-0657,100,18
Douglas,1,PRI-0658,100,73
Douglas,1,PRI-0659,100,30
Douglas,1,PRI-0660,100,73
Douglas,1,PRI-0661,81,48
Douglas,1,PRI-0662,100,73
Douglas,1,PRI-0663,66,30
Douglas,1,PRI-0664,100,30
Douglas,1,PRI-0665,100,48
Douglas,1,PRI-0666,100,18
Douglas,1,PRI-0667,100,48
Douglas,1,PRI-0668,100,18
Douglas,1,PRI-0669,100,48
Douglas,1,PRI-0670,100,48
Douglas,1,PRI-0671,99,19
Douglas,1,PRI-0672,94,48
Douglas,1,PRI-0673,91,32
Douglas,1,PRI-0674,100,50
Douglas,1,PRI-0675,100,33
Douglas,1,PRI-0676,100,50
Douglas,1,PRI-0677,100,19
Douglas,1,PRI-0678,100,19
Douglas,1,PRI-0679,100,19
Douglas,1,PRI-0680,100,33
Douglas,1,PRI-0681,100,33
Douglas,1,PRI-0682,80,19
Douglas,1,PRI-0683,100,50
Douglas,1,PRI-0684,54,33
Douglas,1,PRI-0685,80,50
Douglas,1,PRI-0686,100,75
Douglas,1,PRI-0687,100,50
Douglas,1,PRI-0688,100,50
Douglas,1,PRI-0689,100,33
Douglas,1,PRI-0690,100,33
Douglas,1,PRI-0691,100,75
Douglas,1,PRI-0692,99,75
Douglas,1,PRI-0693,100,75
Douglas,1,PRI-0694,100,75
Douglas,1,PRI-0695,100,33
Douglas,1,PRI-0696,100,19
Douglas,1,PRI-0697,100,75
Douglas,1,PRI-0698,100,50
Douglas,1,PRI-0699,60,19
Douglas,1,PRI-0700,100,33
Douglas,1,PRI-0701,85,19
Douglas,1,PRI-0702,100,33
Douglas,1,PRI-0703,100,75
Douglas,1,PRI-0704,100,75
Douglas,1,PRI-0705,100,75
Douglas,1,PRI-0706,100,33
Douglas,1,PRI-0707,100,19
Douglas,1,PRI-0708,100,33
Douglas,1,PRI-0709,100,50
Douglas,1,PRI-0710,100,52
Douglas,1,PRI-0711,74,33
Douglas,1,PRI-0712,66,75
Douglas,1,PRI-0713,100,33
Douglas,1,PRI-0714,100,33
Douglas,1,PRI-0715,100,19
Douglas,1,PRI-0716,100,52
Douglas,1,PRI-0717,62,52
Douglas,1,PRI-0718,100,19
Douglas,1,PRI-0719,100,50
Douglas,1,PRI-0720,100,75
Douglas,1,PRI-0721,100,52
Douglas,1,PRI-0722,100,75
Douglas,1,PRI-0723,100,75
Douglas,1,PRI-0724,100,19
Douglas,1,PRI-0725,100,19
Douglas,1,PRI-0726,100,33
Douglas,1,PRI-0727,100,52
Douglas,1,PRI-0728,50,19
Douglas,1,PRI-0729,100,60
Douglas,1,PRI-0730,100,60
Douglas,1,PRI-0731,100,60
Douglas,1,PRI-0732,100,60
Douglas,1,PRI-0733,100,19
Douglas,1,PRI-0734,100,60
Douglas,1,PRI-0735,100,60
Douglas,1,PRI-0736,63,60
Douglas,1,PRI-0737,100,60
Douglas,1,PRI-0738,100,60
Douglas,1,PRI-0739,100,60
Douglas,1,PRI-0740,100,60
Douglas,1,PRI-0741,100,75
Douglas,1,PRI-0742,100,60
Douglas,1,PRI-0743,100,78
Douglas,1,PRI-0744,100,75
Douglas,1,PRI-0745,100,19
Douglas,1,PRI-0746,51,60
Douglas,1,PRI-0747,62,75
Douglas,1,PRI-0748,100,77
Douglas,1,PRI-0749,100,60
Douglas,1,PRI-0750,100,60
Douglas,1,PRI-0751,100,77
Douglas,1,PRI-0752,100,75
Douglas,1,PRI-0753,100,75
Douglas,1,PRI-0754,100,77
Douglas,1,PRI-0755,100,77
Douglas,1,PRI-0756,100,52
Douglas,1,PRI-0757,77,77
Douglas,1,PRI-0758,64,19
Douglas,1,PRI-0759,100,75
Douglas,1,PRI-0760,100,77
Douglas,1,PRI-0761,100,77
Douglas,1,PRI-0762,90,55
Douglas,1,PRI-0763,100,77
Douglas,1,PRI-0764,100,77
Douglas,1,PRI-0765,100,77
Douglas,1,PRI-0766,100,77
Douglas,1,PRI-0767,100,75
Douglas,1,PRI-0768,100,77
Douglas,1,PRI-0769,53,60
Douglas,1,PRI-0770,100,60
Douglas,1,PRI-0771,100,77
Douglas,1,PRI-0772,100,53
Douglas,1,PRI-0773,100,53
Douglas,1,PRI-0774,100,35
Douglas,1,PRI-0775,88,58
Douglas,1,PRI-0776,99,55
Douglas,1,PRI-0777,100,75
Douglas,1,PRI-0778,100,77
Douglas,1,PRI-0779,100,77
Douglas,1,PRI-0780,90,53
Douglas,1,PRI-0781,100,77
Douglas,1,PRI-0782,100,53
Douglas,1,PRI-0783,100,77
Douglas,1,PRI-0784,100,60
Douglas,1,PRI-0785,100,53
Douglas,1,PRI-0786,100,60
Douglas,1,PRI-0787,100,77
Douglas,1,PRI-0788,100,53
Douglas,1,PRI-0789,100,53
Douglas,1,PRI-0790,98,52
Douglas,1,PRI-0791,100,52
Douglas,1,PRI-0792,100,36
Douglas,1,PRI-0793,100,52
Douglas,1,PRI-0794,100,36
Douglas,1,PRI-0795,100,35
Douglas,1,PRI-0796,100,36
Douglas,1,PRI-0797,100,60
Douglas,1,PRI-0798,100,35
Douglas,1,PRI-0799,100,52
Douglas,1,PRI-0800,100,35
Douglas,1,PRI-0801,100,52
Douglas,1,PRI-0802,81,36
Douglas,1,PRI-0803,100,35
Douglas,1,PRI-0804,100,107
Douglas,1,PRI-0805,100,107
Douglas,1,PRI-0806,100,60
Douglas,1,PRI-0807,100,53
Douglas,1,PRI-0808,91,53
Douglas,1,PRI-0809,100,107
Douglas,1,PRI-0810,100,55
Douglas,1,PRI-0811,100,78
Douglas,1,PRI-0812,100,35
Douglas,1,PRI-0813,100,52
Douglas,1,PRI-0814,100,52
Douglas,1,PRI-0815,100,52
Douglas,1,PRI-0816,100,52
Douglas,1,PRI-0817,100,52
Douglas,1,PRI-0818,82,35
Douglas,1,PRI-0819,100,33
Douglas,1,PRI-0820,100,36
Douglas,1,PRI-0821,100,55
Douglas,1,PRI-0822,100,55
Douglas,1,PRI-0823,100,78
Douglas,1,PRI-0824,100,35
Douglas,1,PRI-0825,77,78
Douglas,1,PRI-0826,100,35
Douglas,1,PRI-0827,100,78
Douglas,1,PRI-0828,100,35
Douglas,1,PRI-0829,100,55
Douglas,1,PRI-0830,100,107
Douglas,1,PRI-0831,99,36
Douglas,1,PRI-0832,100,52
Douglas,1,PRI-0833,100,33
Douglas,1,PRI-0834,100,52
Douglas,1,PRI-0835,100,52
Douglas,1,PRI-0836,100,36
Douglas,1,PRI-0837,100,56
Douglas,1,PRI-0838,100,33
Douglas,1,PRI-0839,100,36
Douglas,1,PRI-0840,100,55
Douglas,1,PRI-0841,100,78
Douglas,1,PRI-0842,100,78
Douglas,1,PRI-0843,100,33
Douglas,1,PRI-0844,100,80
Douglas,1,PRI-0845,84,78
Douglas,1,PRI-0846,100,33
Douglas,1,PRI-0847,100,52
Douglas,1,PRI-0848,100,107
Douglas,1,PRI-0849,100,36
Douglas,1,PRI-0850,100,52
Douglas,1,PRI-0851,100,52
Douglas,1,PRI-0852,100,55
Douglas,1,PRI-0853,100,35
Douglas,1,PRI-0854,100,55
Douglas,1,PRI-0855,100,33
Douglas,1,PRI-0856,100,35
Douglas,1,PRI-0857,100,35
Douglas,1,PRI-0858,100,35
Douglas,1,PRI-0859,100,52
Douglas,1,PRI-0860,100,35
Douglas,1,PRI-0861,100,107
Douglas,1,PRI-0862,79,33
Douglas,1,PRI-0863,100,36
Douglas,1,PRI-0864,100,53
Douglas,1,PRI-0865,100,78
Douglas,1,PRI-0866,69,55
Douglas,1,PRI-0867,79,107
Douglas,1,PRI-0868,100,36
Douglas,1,PRI-0869,10,109
Douglas,1,PRI-0870,100,53
Douglas,1,PRI-0871,100,78
Douglas,1,PRI-0872,100,36
Douglas,1,PRI-0873,100,78
Douglas,1,PRI-0874,100,36
Douglas,1,PRI-0875,100,36
Douglas,1,PRI-0876,100,36
Douglas,1,PRI-0877,100,77
Douglas,1,PRI-0878,100,35
Douglas,1,PRI-0879,96,77
Douglas,1,PRI-0880,100,53
Douglas,1,PRI-0881,100,36
Douglas,1,PRI-0882,98,55
Douglas,1,PRI-0883,100,53
Douglas,1,PRI-0884,100,78
Douglas,1,PRI-0885,100,36
Douglas,1,PRI-0886,91,78
Douglas,1,PRI-0887,100,53
Douglas,1,PRI-0888,100,53
Douglas,1,PRI-0889,100,35
Douglas,1,PRI-0890,100,77
Douglas,1,PRI-0891,100,36
Douglas,1,PRI-0892,100,53
Douglas,1,PRI-0893,100,53
Douglas,1,PRI-0894,100,36
Douglas,1,PRI-0895,50,36
Douglas,1,PRI-0896,100,60
Douglas,1,PRI-0897,100,19
Douglas,1,PRI-0898,100,19
Douglas,1,PRI-0899,100,53
Douglas,1,PRI-0900,71,35
Douglas,1,PRI-0901,100,35
Douglas,1,PRI-0902,100,53
Douglas,1,PRI-0903,100,60
Douglas,1,PRI-0904,100,35
Douglas,1,PRI-0905,100,35
Douglas,1,PRI-0906,100,36
Douglas,1,PRI-0907,100,78
Douglas,1,PRI-0908,100,78
Douglas,1,PRI-0909,100,35
Douglas,1,PRI-0910,100,77
Douglas,1,PRI-0911,100,77
Douglas,1,PRI-0912,84,77
Douglas,1,PRI-0913,100,78
Douglas,1,PRI-0914,100,53
Douglas,1,PRI-0915,100,78
Douglas,1,PRI-0916,100,53
Douglas,1,PRI-0917,100,53
Douglas,1,PRI-0918,100,53
Douglas,1,PRI-0919,101,35
Douglas,1,PRI-0920,52,53
Douglas,1,PRI-0921,100,78
Douglas,1,PRI-0922,100,78
Douglas,1,PRI-0923,100,78
Douglas,1,PRI-0924,100,78
Douglas,1,PRI-0925,100,55
Douglas,1,PRI-0926,100,55
Douglas,1,PRI-0927,63,55
Douglas,1,PRI-0928,95,36
Douglas,1,PRI-0929,100,78
Douglas,1,PRI-0930,100,107
Douglas,1,PRI-0931,100,78
Douglas,1,PRI-0932,100,36
Douglas,1,PRI-0933,57,36
Douglas,1,PRI-0934,100,107
Douglas,1,PRI-0935,100,107
Douglas,1,PRI-0936,100,107
Douglas,1,PRI-0937,100,107
Douglas,1,PRI-0938,100,55
Douglas,1,PRI-0939,100,107
Douglas,1,PRI-0940,100,38
Douglas,1,PRI-0941,100,55
Douglas,1,PRI-0942,100,55
Douglas,1,PRI-0943,100,55
Douglas,1,PRI-0944,100,38
Douglas,1,PRI-0945,100,55
Douglas,1,PRI-0946,94,38
Douglas,1,PRI-0947,100,107
Douglas,1,PRI-0948,100,55
Douglas,1,PRI-0949,100,80
Douglas,1,PRI-0950,100,107
Douglas,1,PRI-0951,100,80
Douglas,1,PRI-0952,100,107
Douglas,1,PRI-0953,95,55
Douglas,1,PRI-0954,100,80
Douglas,1,PRI-0955,100,80
Douglas,1,PRI-0956,100,80
Douglas,1,PRI-0957,100,55
Douglas,1,PRI-0958,100,107
Douglas,1,PRI-0959,100,38
Douglas,1,PRI-0960,97,109
Douglas,1,PRI-0961,100,38
Douglas,1,PRI-0962,100,56
Douglas,1,PRI-0963,100,56
Douglas,1,PRI-0964,100,38
Douglas,1,PRI-0965,100,80
Douglas,1,PRI-0966,100,38
Douglas,1,PRI-0967,95,38
Douglas,1,PRI-0968,100,55
Douglas,1,PRI-0969,100,107
Douglas,1,PRI-0970,100,80
Douglas,1,PRI-0971,100,80
Douglas,1,PRI-0972,100,38
Douglas,1,PRI-0973,100,55
Douglas,1,PRI-0974,100,107
Douglas,1,PRI-0975,100,38
Douglas,1,PRI-0976,100,107
Douglas,1,PRI-0977,100,107
Douglas,1,PRI-0978,91,107
Douglas,1,PRI-0979,100,80
Douglas,1,PRI-0980,100,38
Douglas,1,PRI-0981,100,56
Douglas,1,PRI-0982,100,107
Douglas,1,PRI-0983,101,109
Douglas,1,PRI-0984,100,38
Douglas,1,PRI-0985,100,80
Douglas,1,PRI-0986,100,56
Douglas,1,PRI-0987,100,38
Douglas,1,PRI-0988,78,80
Douglas,1,PRI-0989,100,107
Douglas,1,PRI-0990,100,109
Douglas,1,PRI-0991,100,38
Douglas,1,PRI-0992,100,80
Douglas,1,PRI-0993,100,80
Douglas,1,PRI-0994,100,56
Douglas,1,PRI-0995,87,38
Douglas,1,PRI-0996,100,109
Douglas,1,PRI-0997,100,109
Douglas,1,PRI-0998,100,109
Douglas,1,PRI-0999,100,80
Douglas,1,PRI-1000,100,80
Douglas,1,PRI-1001,100,80
Douglas,1,PRI-1002,100,56
Douglas,1,PRI-1003,100,80
Douglas,1,PRI-1004,54,56
Douglas,1,PRI-1005,100,56
Douglas,1,PRI-1006,100,56
Douglas,1,PRI-1007,100,80
Douglas,1,PRI-1008,100,109
Douglas,1,PRI-1009,100,109
Douglas,1,PRI-1010,100,38
Douglas,1,PRI-1011,100,80
Douglas,1,PRI-1012,100,38
Douglas,1,PRI-1013,100,38
Douglas,1,PRI-1014,100,109
Douglas,1,PRI-1015,100,80
Douglas,1,PRI-1016,100,109
Douglas,1,PRI-1017,99,80
Douglas,1,PRI-1018,100,109
Douglas,1,PRI-1019,61,56
Douglas,1,PRI-1020,100,38
Douglas,1,PRI-1021,67,109
Douglas,1,PRI-1022,100,109
Douglas,1,PRI-1023,100,58
Douglas,1,PRI-1024,100,56
Douglas,1,PRI-1025,46,109
Douglas,1,PRI-1026,100,56
Douglas,1,PRI-1027,100,56
Douglas,1,PRI-1028,101,58
Douglas,1,PRI-1029,42,109
Douglas,1,PRI-1030,100,109
Douglas,1,PRI-1031,100,56
Douglas,1,PRI-1032,100,38
Douglas,1,PRI-1033,100,109
Douglas,1,PRI-1034,100,80
Douglas,1,PRI-1035,100,38
Douglas,1,PRI-1036,56,58
Douglas,1,PRI-1037,100,56
Douglas,1,PRI-1038,100,56
Douglas,1,PRI-1039,100,109
Douglas,1,PRI-1040,100,56
Douglas,1,PRI-1041,99,58
Douglas,1,PRI-1042,100,109
Douglas,1,PRI-1043,100,56
Douglas,1,PRI-1044,100,58
Douglas,1,PRI-1045,100,109
Douglas,1,PRI-1046,99,56
Douglas,1,PRI-1047,100,56
Douglas,1,PRI-1048,100,56
Douglas,1,PRI-1049,99,109
Douglas,1,PRI-1050,100,109
Douglas,1,PRI-1051,100,58
Douglas,1,PRI-1052,100,56
Douglas,1,PRI-1053,100,109
Douglas,1,PRI-1054,88,56
Douglas,1,PRI-1055,35,109
Douglas,1,PRI-1056,35,38
Douglas,1,PRI-1057,100,58
Douglas,1,PRI-1058,100,58
Douglas,1,PRI-1059,100,58
Douglas,1,PRI-1060,57,58
Douglas,1,PRI-1061,100,38
Douglas,1,PRI-1062,99,58
Douglas,1,PRI-1063,100,58
Douglas,1,PRI-1064,60,58
Douglas,1,PRI-1065,106,58
Douglas,1,PRI-1066,99,58
Douglas,1,PRI-1067,100,58
Douglas,1,PRI-1068,100,58
Douglas,1,PRI-1069,107,58
Douglas,1,PRI-1070,100,58
Douglas,1,PRI-1071,100,58
Douglas,1,PRI-1072,100,58
Douglas,1,PRI-1073,60,58
Douglas,1,PRI-1074,94,58
Douglas,1,PRI-1075,100,58
Douglas,1,PRI-1076,2,58
Douglas,1,PRI-1077,64,58
Douglas,1,PRI-1078,97,58
Douglas,1,PRI-1079,37,58
Douglas,1,PRI-1150,4,13
Douglas,1,PRI-1151,7,27
Douglas,1,PRI-1152,3,43
Douglas,1,PRI-1153,20,70
Douglas,1,PRI-1154,10,70
Douglas,1,PRI-1155,11,70
Douglas,1,PRI-1156,10,72
Douglas,1,PRI-1157,6,72
Douglas,1,PRI-1158,7,72
Douglas,1,PRI-1159,13,45
Douglas,1,PRI-1160,7,45
Douglas,1,PRI-1161,6,45
Douglas,1,PRI-1162,7,48
Douglas,1,PRI-1163,9,48
Douglas,1,PRI-1164,9,48
Douglas,1,PRI-1165,8,73
Douglas,1,PRI-1166,7,73
Douglas,1,PRI-1167,18,60
Douglas,1,PRI-1168,3,73
Douglas,1,PRI-1169,38,60
Douglas,1,PRI-1170,33,60
Douglas,1,PRI-1171,224,80
Douglas,1,PRI-1172,308,38
Douglas,1,PRI-1173,197,109
