County,Tabulator,Batch,# of Ballots,Location
El Paso,101,1,74,Box 101-1
El Paso,101,2,89,Box 101-1
El Paso,101,3,74,Box 101-1
El Paso,101,4,97,Box 101-1
El Paso,101,5,99,Box 101-1
El Paso,101,6,100,Box 101-1
El Paso,101,7,74,Box 101-1
El Paso,101,8,100,Box 101-1
El Paso,101,9,99,Box 101-1
El Paso,101,10,98,Box 101-1
El Paso,101,11,25,Box 101-2
El Paso,101,12,25,Box 101-2
El Paso,101,13,25,Box 101-2
El Paso,101,14,25,Box 101-2
El Paso,101,15,97,Box 101-2
El Paso,101,16,91,Box 101-2
El Paso,101,17,96,Box 101-2
El Paso,101,18,92,Box 101-2
El Paso,101,19,4,Box 101-2
El Paso,101,20,99,Box 101-2
El Paso,101,21,25,Box 101-3
El Paso,101,22,25,Box 101-3
El Paso,101,23,97,Box 101-3
El Paso,101,24,98,Box 101-3
El Paso,101,25,4,Box 101-3
El Paso,101,26,24,Box 101-3
El Paso,101,27,92,Box 101-3
El Paso,101,28,95,Box 101-3
El Paso,101,29,95,Box 101-3
El Paso,101,30,95,Box 101-3
El Paso,101,31,25,Box 101-4
El Paso,101,32,25,Box 101-4
El Paso,101,33,99,Box 101-4
El Paso,101,34,98,Box 101-4
El Paso,101,35,95,Box 101-4
El Paso,101,36,91,Box 101-4
El Paso,101,37,96,Box 101-4
El Paso,101,38,86,Box 101-4
El Paso,101,39,99,Box 101-4
El Paso,101,40,98,Box 101-4
El Paso,101,41,99,Box 101-5
El Paso,101,42,99,Box 101-5
El Paso,101,43,94,Box 101-5
El Paso,101,44,95,Box 101-5
El Paso,101,45,97,Box 101-5
El Paso,101,46,100,Box 101-5
El Paso,101,47,97,Box 101-5
El Paso,101,48,95,Box 101-5
El Paso,101,49,100,Box 101-5
El Paso,101,50,93,Box 101-5
El Paso,101,51,99,Box 101-6
El Paso,101,52,99,Box 101-6
El Paso,101,53,100,Box 101-6
El Paso,101,54,100,Box 101-6
El Paso,101,55,99,Box 101-6
El Paso,101,56,99,Box 101-6
El Paso,101,57,59,Box 101-6
El Paso,101,58,100,Box 101-6
El Paso,101,59,99,Box 101-6
El Paso,101,60,100,Box 101-6
El Paso,101,61,98,Box 101-7
El Paso,101,62,98,Box 101-7
El Paso,101,63,96,Box 101-7
El Paso,101,64,1,Box 101-7
El Paso,101,65,99,Box 101-7
El Paso,101,66,95,Box 101-7
El Paso,101,67,98,Box 101-7
El Paso,101,68,97,Box 101-7
El Paso,101,69,96,Box 101-7
El Paso,101,70,97,Box 101-7
El Paso,101,71,99,Box 101-8
El Paso,101,72,34,Box 101-8
El Paso,101,73,97,Box 101-8
El Paso,101,74,95,Box 101-8
El Paso,101,76,96,Box 101-8
El Paso,101,77,100,Box 101-8
El Paso,101,78,99,Box 101-8
El Paso,101,79,100,Box 101-8
El Paso,101,80,100,Box 101-8
El Paso,101,81,100,Box 101-9
El Paso,101,82,100,Box 101-9
El Paso,101,83,100,Box 101-9
El Paso,101,84,96,Box 101-9
El Paso,101,85,98,Box 101-9
El Paso,101,86,95,Box 101-9
El Paso,101,87,94,Box 101-9
El Paso,101,88,100,Box 101-9
El Paso,101,89,98,Box 101-9
El Paso,101,90,98,Box 101-9
El Paso,101,91,78,Box 101-10
El Paso,101,92,86,Box 101-10
El Paso,101,93,98,Box 101-10
El Paso,101,94,100,Box 101-10
El Paso,101,95,65,Box 101-10
El Paso,101,96,97,Box 101-10
El Paso,101,97,94,Box 101-10
El Paso,101,98,99,Box 101-10
El Paso,101,99,98,Box 101-10
El Paso,101,100,88,Box 101-10
El Paso,101,101,99,Box 101-11
El Paso,101,102,96,Box 101-11
El Paso,101,103,92,Box 101-11
El Paso,101,104,96,Box 101-11
El Paso,101,105,99,Box 101-11
El Paso,101,106,100,Box 101-11
El Paso,101,107,99,Box 101-11
El Paso,101,108,94,Box 101-11
El Paso,101,109,95,Box 101-11
El Paso,101,110,95,Box 101-11
El Paso,101,111,96,Box 101-12
El Paso,101,112,99,Box 101-12
El Paso,101,113,100,Box 101-12
El Paso,101,114,100,Box 101-12
El Paso,101,115,98,Box 101-12
El Paso,101,116,98,Box 101-12
El Paso,101,117,97,Box 101-12
El Paso,101,118,99,Box 101-12
El Paso,101,119,96,Box 101-12
El Paso,101,120,100,Box 101-12
El Paso,101,121,99,Box 101-13
El Paso,101,122,99,Box 101-13
El Paso,101,123,99,Box 101-13
El Paso,101,124,99,Box 101-13
El Paso,101,125,62,Box 101-13
El Paso,101,126,100,Box 101-13
El Paso,101,127,100,Box 101-13
El Paso,101,128,97,Box 101-13
El Paso,101,129,100,Box 101-13
El Paso,101,130,76,Box 101-13
El Paso,101,131,99,Box 101-14
El Paso,101,132,97,Box 101-14
El Paso,101,133,99,Box 101-14
El Paso,101,134,93,Box 101-14
El Paso,101,135,98,Box 101-14
El Paso,101,136,95,Box 101-14
El Paso,101,137,100,Box 101-14
El Paso,101,138,98,Box 101-14
El Paso,101,139,99,Box 101-14
El Paso,101,140,100,Box 101-14
El Paso,101,141,99,Box 101-15
El Paso,101,142,93,Box 101-15
El Paso,101,143,99,Box 101-15
El Paso,101,144,100,Box 101-15
El Paso,101,145,100,Box 101-15
El Paso,101,146,99,Box 101-15
El Paso,101,147,100,Box 101-15
El Paso,101,148,95,Box 101-15
El Paso,101,149,28,Box 101-15
El Paso,101,150,99,Box 101-15
El Paso,101,151,95,Box 101-16
El Paso,101,152,100,Box 101-16
El Paso,101,153,99,Box 101-16
El Paso,101,154,98,Box 101-16
El Paso,101,155,99,Box 101-16
El Paso,101,156,39,Box 101-16
El Paso,101,157,97,Box 101-16
El Paso,101,158,98,Box 101-16
El Paso,101,159,98,Box 101-16
El Paso,101,160,99,Box 101-16
El Paso,101,161,95,Box 101-17
El Paso,101,162,100,Box 101-17
El Paso,101,163,95,Box 101-17
El Paso,101,164,99,Box 101-17
El Paso,101,165,99,Box 101-17
El Paso,101,166,99,Box 101-17
El Paso,101,167,96,Box 101-17
El Paso,101,168,100,Box 101-17
El Paso,101,169,96,Box 101-17
El Paso,101,170,98,Box 101-17
El Paso,101,171,99,Box 101-18
El Paso,101,172,99,Box 101-18
El Paso,101,173,99,Box 101-18
El Paso,101,174,99,Box 101-18
El Paso,101,175,100,Box 101-18
El Paso,101,176,99,Box 101-18
El Paso,101,177,99,Box 101-18
El Paso,101,178,97,Box 101-18
El Paso,101,179,100,Box 101-18
El Paso,101,180,99,Box 101-18
El Paso,101,181,98,Box 101-19
El Paso,101,182,100,Box 101-19
El Paso,101,183,96,Box 101-19
El Paso,101,184,91,Box 101-19
El Paso,101,185,90,Box 101-19
El Paso,101,186,100,Box 101-19
El Paso,101,187,98,Box 101-19
El Paso,101,188,99,Box 101-19
El Paso,101,189,99,Box 101-19
El Paso,101,190,99,Box 101-19
El Paso,101,191,94,Box 101-20
El Paso,101,192,99,Box 101-20
El Paso,101,193,95,Box 101-20
El Paso,101,194,98,Box 101-20
El Paso,101,195,93,Box 101-20
El Paso,101,196,88,Box 101-20
El Paso,101,197,95,Box 101-20
El Paso,101,198,99,Box 101-20
El Paso,101,199,99,Box 101-20
El Paso,101,200,99,Box 101-20
El Paso,101,201,99,Box 101-21
El Paso,101,202,97,Box 101-21
El Paso,101,203,17,Box 101-21
El Paso,101,204,98,Box 101-21
El Paso,101,205,97,Box 101-21
El Paso,101,206,94,Box 101-21
El Paso,101,207,74,Box 101-21
El Paso,101,208,97,Box 101-21
El Paso,101,209,91,Box 101-21
El Paso,101,210,97,Box 101-21
El Paso,101,211,99,Box 101-22
El Paso,101,212,86,Box 101-22
El Paso,101,213,94,Box 101-22
El Paso,101,214,99,Box 101-22
El Paso,101,215,91,Box 101-22
El Paso,101,216,90,Box 101-22
El Paso,101,217,97,Box 101-22
El Paso,101,218,92,Box 101-22
El Paso,101,219,97,Box 101-22
El Paso,101,220,96,Box 101-22
El Paso,101,221,95,Box 101-23
El Paso,101,222,93,Box 101-23
El Paso,101,223,98,Box 101-23
El Paso,101,224,100,Box 101-23
El Paso,101,225,97,Box 101-23
El Paso,101,226,99,Box 101-23
El Paso,101,227,100,Box 101-23
El Paso,101,228,99,Box 101-23
El Paso,101,230,94,Box 101-23
El Paso,101,231,98,Box 101-24
El Paso,101,232,100,Box 101-24
El Paso,101,233,100,Box 101-24
El Paso,101,234,94,Box 101-24
El Paso,101,235,99,Box 101-24
El Paso,101,236,95,Box 101-24
El Paso,101,237,98,Box 101-24
El Paso,101,238,100,Box 101-24
El Paso,101,239,100,Box 101-24
El Paso,101,240,99,Box 101-24
El Paso,101,241,100,Box 101-25
El Paso,101,242,97,Box 101-25
El Paso,101,243,100,Box 101-25
El Paso,101,244,100,Box 101-25
El Paso,101,245,100,Box 101-25
El Paso,101,246,100,Box 101-25
El Paso,101,247,99,Box 101-25
El Paso,101,248,100,Box 101-25
El Paso,101,249,72,Box 101-25
El Paso,101,250,99,Box 101-25
El Paso,101,251,99,Box 101-26
El Paso,101,252,99,Box 101-26
El Paso,101,253,100,Box 101-26
El Paso,101,254,100,Box 101-26
El Paso,101,255,92,Box 101-26
El Paso,101,256,97,Box 101-26
El Paso,101,257,98,Box 101-26
El Paso,101,258,96,Box 101-26
El Paso,101,259,96,Box 101-26
El Paso,101,260,95,Box 101-26
El Paso,101,261,100,Box 101-27
El Paso,101,262,99,Box 101-27
El Paso,101,263,99,Box 101-27
El Paso,101,264,98,Box 101-27
El Paso,101,265,97,Box 101-27
El Paso,101,266,13,Box 101-27
El Paso,101,268,98,Box 101-27
El Paso,101,269,99,Box 101-27
El Paso,101,270,100,Box 101-27
El Paso,101,271,94,Box 101-28
El Paso,101,272,98,Box 101-28
El Paso,101,273,95,Box 101-28
El Paso,101,274,98,Box 101-28
El Paso,101,275,100,Box 101-28
El Paso,101,276,95,Box 101-28
El Paso,101,277,99,Box 101-28
El Paso,101,278,99,Box 101-28
El Paso,101,279,98,Box 101-28
El Paso,101,280,100,Box 101-28
El Paso,101,281,96,Box 101-29
El Paso,101,282,98,Box 101-29
El Paso,101,283,100,Box 101-29
El Paso,101,284,94,Box 101-29
El Paso,101,285,99,Box 101-29
El Paso,101,286,99,Box 101-29
El Paso,101,287,50,Box 101-29
El Paso,101,288,95,Box 101-29
El Paso,101,289,98,Box 101-29
El Paso,101,290,100,Box 101-29
El Paso,101,292,98,Box 101-30
El Paso,101,293,99,Box 101-30
El Paso,101,294,99,Box 101-30
El Paso,101,295,95,Box 101-30
El Paso,101,296,98,Box 101-30
El Paso,101,297,91,Box 101-30
El Paso,101,298,98,Box 101-30
El Paso,101,299,41,Box 101-30
El Paso,101,300,99,Box 101-30
El Paso,101,301,25,Box 101-31
El Paso,101,302,98,Box 101-31
El Paso,101,303,99,Box 101-31
El Paso,101,304,97,Box 101-31
El Paso,101,305,97,Box 101-31
El Paso,101,306,95,Box 101-31
El Paso,101,307,93,Box 101-31
El Paso,101,308,99,Box 101-31
El Paso,101,309,98,Box 101-31
El Paso,101,310,99,Box 101-31
El Paso,101,312,90,Box 101-32
El Paso,101,313,93,Box 101-32
El Paso,101,314,1,Box 101-32
El Paso,101,315,99,Box 101-32
El Paso,101,316,48,Box 101-32
El Paso,101,317,100,Box 101-32
El Paso,101,318,94,Box 101-32
El Paso,101,319,2,Box 101-32
El Paso,101,320,99,Box 101-32
El Paso,101,321,99,Box 101-33
El Paso,101,322,95,Box 101-33
El Paso,101,323,99,Box 101-33
El Paso,101,324,93,Box 101-33
El Paso,101,325,98,Box 101-33
El Paso,101,326,99,Box 101-33
El Paso,101,327,99,Box 101-33
El Paso,101,328,99,Box 101-33
El Paso,101,329,95,Box 101-33
El Paso,101,330,100,Box 101-33
El Paso,101,331,100,Box 101-34
El Paso,101,332,95,Box 101-34
El Paso,101,333,98,Box 101-34
El Paso,101,334,85,Box 101-34
El Paso,101,335,97,Box 101-34
El Paso,101,336,97,Box 101-34
El Paso,101,337,93,Box 101-34
El Paso,101,338,99,Box 101-34
El Paso,101,339,97,Box 101-34
El Paso,101,340,100,Box 101-34
El Paso,101,342,96,Box 101-35
El Paso,101,343,98,Box 101-35
El Paso,101,344,98,Box 101-35
El Paso,101,345,100,Box 101-35
El Paso,101,346,95,Box 101-35
El Paso,101,347,99,Box 101-35
El Paso,101,348,98,Box 101-35
El Paso,101,349,100,Box 101-35
El Paso,101,350,100,Box 101-35
El Paso,101,351,23,Box 101-36
El Paso,101,352,94,Box 101-36
El Paso,101,353,99,Box 101-36
El Paso,101,354,98,Box 101-36
El Paso,101,355,95,Box 101-36
El Paso,101,356,100,Box 101-36
El Paso,101,357,99,Box 101-36
El Paso,101,358,92,Box 101-36
El Paso,101,359,41,Box 101-36
El Paso,101,360,98,Box 101-36
El Paso,101,361,97,Box 101-37
El Paso,101,362,96,Box 101-37
El Paso,101,363,99,Box 101-37
El Paso,101,364,98,Box 101-37
El Paso,101,365,98,Box 101-37
El Paso,101,366,96,Box 101-37
El Paso,101,367,98,Box 101-37
El Paso,101,368,97,Box 101-37
El Paso,101,369,99,Box 101-37
El Paso,101,370,98,Box 101-37
El Paso,101,371,98,Box 101-38
El Paso,101,372,97,Box 101-38
El Paso,101,373,97,Box 101-38
El Paso,101,374,96,Box 101-38
El Paso,101,375,98,Box 101-38
El Paso,101,376,64,Box 101-38
El Paso,101,377,99,Box 101-38
El Paso,101,378,98,Box 101-38
El Paso,101,379,96,Box 101-38
El Paso,101,380,99,Box 101-38
El Paso,101,381,88,Box 101-39
El Paso,101,382,99,Box 101-39
El Paso,101,383,99,Box 101-39
El Paso,101,384,97,Box 101-39
El Paso,101,385,98,Box 101-39
El Paso,101,386,97,Box 101-39
El Paso,101,387,97,Box 101-39
El Paso,101,388,100,Box 101-39
El Paso,101,389,94,Box 101-39
El Paso,101,390,98,Box 101-39
El Paso,101,391,99,Box 101-40
El Paso,101,392,98,Box 101-40
El Paso,101,393,99,Box 101-40
El Paso,101,394,98,Box 101-40
El Paso,101,395,100,Box 101-40
El Paso,101,396,59,Box 101-40
El Paso,101,397,97,Box 101-40
El Paso,101,398,100,Box 101-40
El Paso,101,399,99,Box 101-40
El Paso,101,400,100,Box 101-40
El Paso,101,402,99,Box 101-41
El Paso,101,403,96,Box 101-41
El Paso,101,404,99,Box 101-41
El Paso,101,405,31,Box 101-41
El Paso,101,406,94,Box 101-41
El Paso,101,407,98,Box 101-41
El Paso,101,408,93,Box 101-41
El Paso,101,409,97,Box 101-41
El Paso,101,410,92,Box 101-41
El Paso,101,411,98,Box 101-42
El Paso,101,412,97,Box 101-42
El Paso,101,413,98,Box 101-42
El Paso,101,414,99,Box 101-42
El Paso,101,415,99,Box 101-42
El Paso,101,416,96,Box 101-42
El Paso,101,417,98,Box 101-42
El Paso,101,418,99,Box 101-42
El Paso,101,419,90,Box 101-42
El Paso,101,420,96,Box 101-42
El Paso,101,421,100,Box 101-43
El Paso,101,422,98,Box 101-43
El Paso,101,423,100,Box 101-43
El Paso,101,424,96,Box 101-43
El Paso,101,425,25,Box 101-43
El Paso,101,427,96,Box 101-43
El Paso,101,428,99,Box 101-43
El Paso,101,429,95,Box 101-43
El Paso,101,430,71,Box 101-43
El Paso,101,431,100,Box 101-44
El Paso,101,432,96,Box 101-44
El Paso,101,433,97,Box 101-44
El Paso,101,434,95,Box 101-44
El Paso,101,435,98,Box 101-44
El Paso,101,436,96,Box 101-44
El Paso,101,437,96,Box 101-44
El Paso,101,439,100,Box 101-44
El Paso,101,440,97,Box 101-44
El Paso,101,441,96,Box 101-45
El Paso,101,442,100,Box 101-45
El Paso,101,443,98,Box 101-45
El Paso,101,444,73,Box 101-45
El Paso,101,445,95,Box 101-45
El Paso,101,446,97,Box 101-45
El Paso,101,447,100,Box 101-45
El Paso,101,449,100,Box 101-45
El Paso,101,450,94,Box 101-45
El Paso,101,451,98,Box 101-46
El Paso,101,452,99,Box 101-46
El Paso,101,453,96,Box 101-46
El Paso,101,454,94,Box 101-46
El Paso,101,455,98,Box 101-46
El Paso,101,456,8,Box 101-46
El Paso,101,457,82,Box 101-46
El Paso,101,458,90,Box 101-46
El Paso,101,459,97,Box 101-46
El Paso,101,460,99,Box 101-46
El Paso,101,461,98,Box 101-47
El Paso,101,462,100,Box 101-47
El Paso,101,463,99,Box 101-47
El Paso,101,464,97,Box 101-47
El Paso,101,465,100,Box 101-47
El Paso,101,466,100,Box 101-47
El Paso,101,467,99,Box 101-47
El Paso,101,468,97,Box 101-47
El Paso,101,469,2,Box 101-47
El Paso,101,470,96,Box 101-47
El Paso,101,471,97,Box 101-48
El Paso,101,472,48,Box 101-48
El Paso,101,473,100,Box 101-48
El Paso,101,474,98,Box 101-48
El Paso,101,475,94,Box 101-48
El Paso,101,476,100,Box 101-48
El Paso,101,477,96,Box 101-48
El Paso,101,478,100,Box 101-48
El Paso,101,479,99,Box 101-48
El Paso,101,480,93,Box 101-48
El Paso,101,481,98,Box 101-49
El Paso,101,482,95,Box 101-49
El Paso,101,483,98,Box 101-49
El Paso,101,484,95,Box 101-49
El Paso,101,485,94,Box 101-49
El Paso,101,486,99,Box 101-49
El Paso,101,487,94,Box 101-49
El Paso,101,488,94,Box 101-49
El Paso,101,489,96,Box 101-49
El Paso,101,490,99,Box 101-49
El Paso,101,491,96,Box 101-50
El Paso,101,492,94,Box 101-50
El Paso,101,493,97,Box 101-50
El Paso,101,494,97,Box 101-50
El Paso,101,495,99,Box 101-50
El Paso,101,496,96,Box 101-50
El Paso,101,497,99,Box 101-50
El Paso,101,498,93,Box 101-50
El Paso,101,499,92,Box 101-50
El Paso,101,500,95,Box 101-50
El Paso,101,501,98,Box 101-51
El Paso,101,502,93,Box 101-51
El Paso,101,503,98,Box 101-51
El Paso,101,504,99,Box 101-51
El Paso,101,505,99,Box 101-51
El Paso,101,506,99,Box 101-51
El Paso,101,507,100,Box 101-51
El Paso,101,508,94,Box 101-51
El Paso,101,509,95,Box 101-51
El Paso,101,510,100,Box 101-51
El Paso,101,511,96,Box 101-52
El Paso,101,512,90,Box 101-52
El Paso,101,513,95,Box 101-52
El Paso,101,514,96,Box 101-52
El Paso,101,515,100,Box 101-52
El Paso,101,516,46,Box 101-52
El Paso,101,517,95,Box 101-52
El Paso,101,518,96,Box 101-52
El Paso,101,519,99,Box 101-52
El Paso,101,520,100,Box 101-52
El Paso,101,521,100,Box 101-53
El Paso,101,522,98,Box 101-53
El Paso,101,523,42,Box 101-53
El Paso,101,524,95,Box 101-53
El Paso,101,525,90,Box 101-53
El Paso,101,526,99,Box 101-53
El Paso,101,527,99,Box 101-53
El Paso,101,528,90,Box 101-53
El Paso,101,529,95,Box 101-53
El Paso,101,530,96,Box 101-53
El Paso,101,531,91,Box 101-54
El Paso,101,532,91,Box 101-54
El Paso,101,533,100,Box 101-54
El Paso,101,534,98,Box 101-54
El Paso,101,535,90,Box 101-54
El Paso,101,536,91,Box 101-54
El Paso,101,537,91,Box 101-54
El Paso,101,538,95,Box 101-54
El Paso,101,539,95,Box 101-54
El Paso,101,540,95,Box 101-54
El Paso,101,541,95,Box 101-55
El Paso,101,542,94,Box 101-55
El Paso,101,543,92,Box 101-55
El Paso,101,544,92,Box 101-55
El Paso,101,545,97,Box 101-55
El Paso,101,546,99,Box 101-55
El Paso,101,547,94,Box 101-55
El Paso,101,548,98,Box 101-55
El Paso,101,549,94,Box 101-55
El Paso,101,550,92,Box 101-55
El Paso,101,551,96,Box 101-56
El Paso,101,552,95,Box 101-56
El Paso,101,553,75,Box 101-56
El Paso,101,554,54,Box 101-56
El Paso,101,555,95,Box 101-56
El Paso,101,556,69,Box 101-57
El Paso,101,557,71,Box 101-57
El Paso,101,558,73,Box 101-57
El Paso,101,559,70,Box 101-57
El Paso,101,560,72,Box 101-57
El Paso,101,561,71,Box 101-57
El Paso,101,562,25,Box 101-57
El Paso,101,563,71,Box 101-57
El Paso,101,564,71,Box 101-57
El Paso,101,565,70,Box 101-57
El Paso,101,566,67,Box 101-58
El Paso,101,567,71,Box 101-58
El Paso,101,568,71,Box 101-58
El Paso,101,569,67,Box 101-58
El Paso,101,570,72,Box 101-58
El Paso,101,571,73,Box 101-58
El Paso,101,572,25,Box 101-58
El Paso,101,573,9,Box 101-58
El Paso,101,574,25,Box 101-58
El Paso,101,575,25,Box 101-58
El Paso,101,576,90,Box 101-59
El Paso,101,577,40,Box 101-59
El Paso,101,578,100,Box 101-59
El Paso,101,579,22,Box 101-59
El Paso,101,580,30,Box 101-59
El Paso,101,581,36,Box 101-59
El Paso,101,582,26,Box 101-59
El Paso,101,583,59,Box 101-59
El Paso,101,584,21,Box 101-59
El Paso,101,585,37,Box 101-59
El Paso,101,586,1,Box 101-60
El Paso,101,587,17,Box 101-60
El Paso,101,588,19,Box 101-60
El Paso,101,589,76,Box 101-60
El Paso,101,590,44,Box 101-60
El Paso,101,591,1,Box 101-60
El Paso,101,592,25,Box 101-60
El Paso,101,593,75,Box 101-60
El Paso,101,594,26,Box 101-60
El Paso,101,595,31,Box 101-60
El Paso,101,596,36,Box 101-60
El Paso,101,597,88,Box 101-60
El Paso,101,598,93,Box 101-60
El Paso,101,599,1,Box 101-60
El Paso,101,600,14,Box 101-60
El Paso,101,601,1,Box 101-60
El Paso,101,602,2,Box 101-60
El Paso,101,603,3,Box 101-60
El Paso,201,1,100,Box 201-1
El Paso,201,2,95,Box 201-1
El Paso,201,3,10,Box 201-1
El Paso,201,4,100,Box 201-1
El Paso,201,5,100,Box 201-1
El Paso,201,6,97,Box 201-1
El Paso,201,7,99,Box 201-1
El Paso,201,8,91,Box 201-1
El Paso,201,9,100,Box 201-1
El Paso,201,10,100,Box 201-1
El Paso,201,11,4,Box 201-2
El Paso,201,12,98,Box 201-2
El Paso,201,13,78,Box 201-2
El Paso,201,14,16,Box 201-2
El Paso,201,15,100,Box 201-2
El Paso,201,16,97,Box 201-2
El Paso,201,17,99,Box 201-2
El Paso,201,18,95,Box 201-2
El Paso,201,19,4,Box 201-2
El Paso,201,20,96,Box 201-2
El Paso,201,21,100,Box 201-3
El Paso,201,22,96,Box 201-3
El Paso,201,23,98,Box 201-3
El Paso,201,24,100,Box 201-3
El Paso,201,25,98,Box 201-3
El Paso,201,26,99,Box 201-3
El Paso,201,27,97,Box 201-3
El Paso,201,28,100,Box 201-3
El Paso,201,29,91,Box 201-3
El Paso,201,30,95,Box 201-3
El Paso,201,31,1,Box 201-4
El Paso,201,32,99,Box 201-4
El Paso,201,33,98,Box 201-4
El Paso,201,34,100,Box 201-4
El Paso,201,35,99,Box 201-4
El Paso,201,36,17,Box 201-4
El Paso,201,37,99,Box 201-4
El Paso,201,38,100,Box 201-4
El Paso,201,39,100,Box 201-4
El Paso,201,40,99,Box 201-4
El Paso,201,41,95,Box 201-5
El Paso,201,42,94,Box 201-5
El Paso,201,43,98,Box 201-5
El Paso,201,44,3,Box 201-5
El Paso,201,45,98,Box 201-5
El Paso,201,46,96,Box 201-5
El Paso,201,47,46,Box 201-5
El Paso,201,48,100,Box 201-5
El Paso,201,49,100,Box 201-5
El Paso,201,50,98,Box 201-5
El Paso,201,51,100,Box 201-6
El Paso,201,52,97,Box 201-6
El Paso,201,53,98,Box 201-6
El Paso,201,54,7,Box 201-6
El Paso,201,55,94,Box 201-6
El Paso,201,56,89,Box 201-6
El Paso,201,57,100,Box 201-6
El Paso,201,58,96,Box 201-6
El Paso,201,59,93,Box 201-6
El Paso,201,60,99,Box 201-6
El Paso,201,61,90,Box 201-7
El Paso,201,62,100,Box 201-7
El Paso,201,63,92,Box 201-7
El Paso,201,64,87,Box 201-7
El Paso,201,65,99,Box 201-7
El Paso,201,66,94,Box 201-7
El Paso,201,67,97,Box 201-7
El Paso,201,68,99,Box 201-7
El Paso,201,69,96,Box 201-7
El Paso,201,70,100,Box 201-7
El Paso,201,71,90,Box 201-8
El Paso,201,72,94,Box 201-8
El Paso,201,73,98,Box 201-8
El Paso,201,74,80,Box 201-8
El Paso,201,75,100,Box 201-8
El Paso,201,76,7,Box 201-8
El Paso,201,77,97,Box 201-8
El Paso,201,78,97,Box 201-8
El Paso,201,79,92,Box 201-8
El Paso,201,80,99,Box 201-8
El Paso,201,81,100,Box 201-9
El Paso,201,82,100,Box 201-9
El Paso,201,83,93,Box 201-9
El Paso,201,84,100,Box 201-9
El Paso,201,85,15,Box 201-9
El Paso,201,86,100,Box 201-9
El Paso,201,87,100,Box 201-9
El Paso,201,88,100,Box 201-9
El Paso,201,89,98,Box 201-9
El Paso,201,90,100,Box 201-9
El Paso,201,91,100,Box 201-10
El Paso,201,92,99,Box 201-10
El Paso,201,93,100,Box 201-10
El Paso,201,94,98,Box 201-10
El Paso,201,95,97,Box 201-10
El Paso,201,96,100,Box 201-10
El Paso,201,97,98,Box 201-10
El Paso,201,98,97,Box 201-10
El Paso,201,99,98,Box 201-10
El Paso,201,100,97,Box 201-10
El Paso,201,101,97,Box 201-11
El Paso,201,102,94,Box 201-11
El Paso,201,103,49,Box 201-11
El Paso,201,104,93,Box 201-11
El Paso,201,105,93,Box 201-11
El Paso,201,106,93,Box 201-11
El Paso,201,107,95,Box 201-11
El Paso,201,108,86,Box 201-11
El Paso,201,109,88,Box 201-11
El Paso,201,110,100,Box 201-11
El Paso,201,111,98,Box 201-12
El Paso,201,112,100,Box 201-12
El Paso,201,113,54,Box 201-12
El Paso,201,114,96,Box 201-12
El Paso,201,115,98,Box 201-12
El Paso,201,116,98,Box 201-12
El Paso,201,117,100,Box 201-12
El Paso,201,118,10,Box 201-12
El Paso,201,119,98,Box 201-12
El Paso,201,120,99,Box 201-12
El Paso,201,121,25,Box 201-13
El Paso,201,122,98,Box 201-13
El Paso,201,123,99,Box 201-13
El Paso,201,124,100,Box 201-13
El Paso,201,125,72,Box 201-13
El Paso,201,126,100,Box 201-13
El Paso,201,127,91,Box 201-13
El Paso,201,128,98,Box 201-13
El Paso,201,129,95,Box 201-13
El Paso,201,130,99,Box 201-13
El Paso,201,131,100,Box 201-14
El Paso,201,132,97,Box 201-14
El Paso,201,133,97,Box 201-14
El Paso,201,134,98,Box 201-14
El Paso,201,135,100,Box 201-14
El Paso,201,136,95,Box 201-14
El Paso,201,137,97,Box 201-14
El Paso,201,138,100,Box 201-14
El Paso,201,139,98,Box 201-14
El Paso,201,140,50,Box 201-14
El Paso,201,141,94,Box 201-15
El Paso,201,142,99,Box 201-15
El Paso,201,143,99,Box 201-15
El Paso,201,144,95,Box 201-15
El Paso,201,145,26,Box 201-15
El Paso,201,147,98,Box 201-15
El Paso,201,148,90,Box 201-15
El Paso,201,149,95,Box 201-15
El Paso,201,150,100,Box 201-15
El Paso,201,151,91,Box 201-16
El Paso,201,152,99,Box 201-16
El Paso,201,153,98,Box 201-16
El Paso,201,154,97,Box 201-16
El Paso,201,155,17,Box 201-16
El Paso,201,156,96,Box 201-16
El Paso,201,157,97,Box 201-16
El Paso,201,158,94,Box 201-16
El Paso,201,159,95,Box 201-16
El Paso,201,160,99,Box 201-16
El Paso,201,161,90,Box 201-17
El Paso,201,162,98,Box 201-17
El Paso,201,163,97,Box 201-17
El Paso,201,164,95,Box 201-17
El Paso,201,165,99,Box 201-17
El Paso,201,166,99,Box 201-17
El Paso,201,167,94,Box 201-17
El Paso,201,168,95,Box 201-17
El Paso,201,169,99,Box 201-17
El Paso,201,170,96,Box 201-17
El Paso,201,171,100,Box 201-18
El Paso,201,172,98,Box 201-18
El Paso,201,173,91,Box 201-18
El Paso,201,174,99,Box 201-18
El Paso,201,175,99,Box 201-18
El Paso,201,176,98,Box 201-18
El Paso,201,177,100,Box 201-18
El Paso,201,178,98,Box 201-18
El Paso,201,179,4,Box 201-18
El Paso,201,180,45,Box 201-18
El Paso,201,181,99,Box 201-19
El Paso,201,182,99,Box 201-19
El Paso,201,183,63,Box 201-19
El Paso,201,184,100,Box 201-19
El Paso,201,185,100,Box 201-19
El Paso,201,186,99,Box 201-19
El Paso,201,187,100,Box 201-19
El Paso,201,188,99,Box 201-19
El Paso,201,189,98,Box 201-19
El Paso,201,190,100,Box 201-19
El Paso,201,191,96,Box 201-20
El Paso,201,192,99,Box 201-20
El Paso,201,193,97,Box 201-20
El Paso,201,194,90,Box 201-20
El Paso,201,195,97,Box 201-20
El Paso,201,196,100,Box 201-20
El Paso,201,197,99,Box 201-20
El Paso,201,198,100,Box 201-20
El Paso,201,199,100,Box 201-20
El Paso,201,200,100,Box 201-20
El Paso,201,201,99,Box 201-21
El Paso,201,202,97,Box 201-21
El Paso,201,203,96,Box 201-21
El Paso,201,204,99,Box 201-21
El Paso,201,205,97,Box 201-21
El Paso,201,206,99,Box 201-21
El Paso,201,207,94,Box 201-21
El Paso,201,208,98,Box 201-21
El Paso,201,209,99,Box 201-21
El Paso,201,210,17,Box 201-21
El Paso,201,211,96,Box 201-22
El Paso,201,212,99,Box 201-22
El Paso,201,213,98,Box 201-22
El Paso,201,214,99,Box 201-22
El Paso,201,215,98,Box 201-22
El Paso,201,216,95,Box 201-22
El Paso,201,217,100,Box 201-22
El Paso,201,218,98,Box 201-22
El Paso,201,219,99,Box 201-22
El Paso,201,220,87,Box 201-22
El Paso,201,221,98,Box 201-23
El Paso,201,222,88,Box 201-23
El Paso,201,223,99,Box 201-23
El Paso,201,224,98,Box 201-23
El Paso,201,225,94,Box 201-23
El Paso,201,226,100,Box 201-23
El Paso,201,227,98,Box 201-23
El Paso,201,228,97,Box 201-23
El Paso,201,229,100,Box 201-23
El Paso,201,230,97,Box 201-23
El Paso,201,231,81,Box 201-24
El Paso,201,232,11,Box 201-24
El Paso,201,233,98,Box 201-24
El Paso,201,234,96,Box 201-24
El Paso,201,235,98,Box 201-24
El Paso,201,236,95,Box 201-24
El Paso,201,237,98,Box 201-24
El Paso,201,238,98,Box 201-24
El Paso,201,239,99,Box 201-24
El Paso,201,240,97,Box 201-24
El Paso,201,241,99,Box 201-25
El Paso,201,242,99,Box 201-25
El Paso,201,243,60,Box 201-25
El Paso,201,244,96,Box 201-25
El Paso,201,245,94,Box 201-25
El Paso,201,246,100,Box 201-25
El Paso,201,247,100,Box 201-25
El Paso,201,248,98,Box 201-25
El Paso,201,249,98,Box 201-25
El Paso,201,250,99,Box 201-25
El Paso,201,251,96,Box 201-26
El Paso,201,252,94,Box 201-26
El Paso,201,253,82,Box 201-26
El Paso,201,254,99,Box 201-26
El Paso,201,255,100,Box 201-26
El Paso,201,256,25,Box 201-26
El Paso,201,257,91,Box 201-26
El Paso,201,258,100,Box 201-26
El Paso,201,259,99,Box 201-26
El Paso,201,260,99,Box 201-26
El Paso,201,261,100,Box 201-27
El Paso,201,262,91,Box 201-27
El Paso,201,263,99,Box 201-27
El Paso,201,264,98,Box 201-27
El Paso,201,265,95,Box 201-27
El Paso,201,266,96,Box 201-27
El Paso,201,267,99,Box 201-27
El Paso,201,268,97,Box 201-27
El Paso,201,269,24,Box 201-27
El Paso,201,270,97,Box 201-27
El Paso,201,271,100,Box 201-28
El Paso,201,272,98,Box 201-28
El Paso,201,273,75,Box 201-28
El Paso,201,274,95,Box 201-28
El Paso,201,275,95,Box 201-28
El Paso,201,276,95,Box 201-28
El Paso,201,277,99,Box 201-28
El Paso,201,278,97,Box 201-28
El Paso,201,279,98,Box 201-28
El Paso,201,280,98,Box 201-28
El Paso,201,282,96,Box 201-29
El Paso,201,283,98,Box 201-29
El Paso,201,284,100,Box 201-29
El Paso,201,285,97,Box 201-29
El Paso,201,286,99,Box 201-29
El Paso,201,287,96,Box 201-29
El Paso,201,288,96,Box 201-29
El Paso,201,289,99,Box 201-29
El Paso,201,290,98,Box 201-29
El Paso,201,291,99,Box 201-30
El Paso,201,292,98,Box 201-30
El Paso,201,293,100,Box 201-30
El Paso,201,294,100,Box 201-30
El Paso,201,295,98,Box 201-30
El Paso,201,296,94,Box 201-30
El Paso,201,297,100,Box 201-30
El Paso,201,298,20,Box 201-30
El Paso,201,299,99,Box 201-30
El Paso,201,300,98,Box 201-30
El Paso,201,301,98,Box 201-31
El Paso,201,302,95,Box 201-31
El Paso,201,303,94,Box 201-31
El Paso,201,304,26,Box 201-31
El Paso,201,305,98,Box 201-31
El Paso,201,306,97,Box 201-31
El Paso,201,307,100,Box 201-31
El Paso,201,308,98,Box 201-31
El Paso,201,309,98,Box 201-31
El Paso,201,310,98,Box 201-31
El Paso,201,311,100,Box 201-32
El Paso,201,312,25,Box 201-32
El Paso,201,313,96,Box 201-32
El Paso,201,314,100,Box 201-32
El Paso,201,315,100,Box 201-32
El Paso,201,316,99,Box 201-32
El Paso,201,317,91,Box 201-32
El Paso,201,318,97,Box 201-32
El Paso,201,319,96,Box 201-32
El Paso,201,320,100,Box 201-32
El Paso,201,321,97,Box 201-33
El Paso,201,322,98,Box 201-33
El Paso,201,323,98,Box 201-33
El Paso,201,324,100,Box 201-33
El Paso,201,325,99,Box 201-33
El Paso,201,326,100,Box 201-33
El Paso,201,327,99,Box 201-33
El Paso,201,328,97,Box 201-33
El Paso,201,329,99,Box 201-33
El Paso,201,330,100,Box 201-33
El Paso,201,331,25,Box 201-34
El Paso,201,332,98,Box 201-34
El Paso,201,333,25,Box 201-34
El Paso,201,334,97,Box 201-34
El Paso,201,335,99,Box 201-34
El Paso,201,336,99,Box 201-34
El Paso,201,337,97,Box 201-34
El Paso,201,338,97,Box 201-34
El Paso,201,339,97,Box 201-34
El Paso,201,340,98,Box 201-34
El Paso,201,341,95,Box 201-35
El Paso,201,342,100,Box 201-35
El Paso,201,343,100,Box 201-35
El Paso,201,344,97,Box 201-35
El Paso,201,345,100,Box 201-35
El Paso,201,346,96,Box 201-35
El Paso,201,347,100,Box 201-35
El Paso,201,348,100,Box 201-35
El Paso,201,349,98,Box 201-35
El Paso,201,350,100,Box 201-35
El Paso,201,351,95,Box 201-36
El Paso,201,352,97,Box 201-36
El Paso,201,353,97,Box 201-36
El Paso,201,354,100,Box 201-36
El Paso,201,355,97,Box 201-36
El Paso,201,356,95,Box 201-36
El Paso,201,357,99,Box 201-36
El Paso,201,358,98,Box 201-36
El Paso,201,359,97,Box 201-36
El Paso,201,360,99,Box 201-36
El Paso,201,361,98,Box 201-37
El Paso,201,362,98,Box 201-37
El Paso,201,363,99,Box 201-37
El Paso,201,364,95,Box 201-37
El Paso,201,365,97,Box 201-37
El Paso,201,366,98,Box 201-37
El Paso,201,367,99,Box 201-37
El Paso,201,368,95,Box 201-37
El Paso,201,369,98,Box 201-37
El Paso,201,370,99,Box 201-37
El Paso,201,371,4,Box 201-38
El Paso,201,372,98,Box 201-38
El Paso,201,373,98,Box 201-38
El Paso,201,374,94,Box 201-38
El Paso,201,375,95,Box 201-38
El Paso,201,376,93,Box 201-38
El Paso,201,377,95,Box 201-38
El Paso,201,378,99,Box 201-38
El Paso,201,379,96,Box 201-38
El Paso,201,380,96,Box 201-38
El Paso,201,381,98,Box 201-39
El Paso,201,382,96,Box 201-39
El Paso,201,383,98,Box 201-39
El Paso,201,384,98,Box 201-39
El Paso,201,385,97,Box 201-39
El Paso,201,386,98,Box 201-39
El Paso,201,387,29,Box 201-39
El Paso,201,388,99,Box 201-39
El Paso,201,389,96,Box 201-39
El Paso,201,390,91,Box 201-39
El Paso,201,391,91,Box 201-40
El Paso,201,392,95,Box 201-40
El Paso,201,393,95,Box 201-40
El Paso,201,394,75,Box 201-40
El Paso,201,395,92,Box 201-40
El Paso,201,396,99,Box 201-40
El Paso,201,397,98,Box 201-40
El Paso,201,398,98,Box 201-40
El Paso,201,399,99,Box 201-40
El Paso,201,400,98,Box 201-40
El Paso,201,401,100,Box 201-41
El Paso,201,402,98,Box 201-41
El Paso,201,403,98,Box 201-41
El Paso,201,404,96,Box 201-41
El Paso,201,405,98,Box 201-41
El Paso,201,406,100,Box 201-41
El Paso,201,407,92,Box 201-41
El Paso,201,408,95,Box 201-41
El Paso,201,409,98,Box 201-41
El Paso,201,410,98,Box 201-41
El Paso,201,411,93,Box 201-42
El Paso,201,412,95,Box 201-42
El Paso,201,413,92,Box 201-42
El Paso,201,414,92,Box 201-42
El Paso,201,415,92,Box 201-42
El Paso,201,416,34,Box 201-42
El Paso,201,417,97,Box 201-42
El Paso,201,418,91,Box 201-42
El Paso,201,419,98,Box 201-42
El Paso,201,420,97,Box 201-42
El Paso,201,421,96,Box 201-43
El Paso,201,422,96,Box 201-43
El Paso,201,423,92,Box 201-43
El Paso,201,424,96,Box 201-43
El Paso,201,425,99,Box 201-43
El Paso,201,426,25,Box 201-43
El Paso,301,1,100,Box 301-1
El Paso,301,2,97,Box 301-1
El Paso,301,3,100,Box 301-1
El Paso,301,4,100,Box 301-1
El Paso,301,6,100,Box 301-1
El Paso,301,7,92,Box 301-1
El Paso,301,8,98,Box 301-1
El Paso,301,9,100,Box 301-1
El Paso,301,10,96,Box 301-1
El Paso,301,11,100,Box 301-2
El Paso,301,12,98,Box 301-2
El Paso,301,13,100,Box 301-2
El Paso,301,14,100,Box 301-2
El Paso,301,15,100,Box 301-2
El Paso,301,16,94,Box 301-2
El Paso,301,17,97,Box 301-2
El Paso,301,18,99,Box 301-2
El Paso,301,19,93,Box 301-2
El Paso,301,20,100,Box 301-2
El Paso,301,21,97,Box 301-3
El Paso,301,22,99,Box 301-3
El Paso,301,23,99,Box 301-3
El Paso,301,24,100,Box 301-3
El Paso,301,25,100,Box 301-3
El Paso,301,26,100,Box 301-3
El Paso,301,27,100,Box 301-3
El Paso,301,28,98,Box 301-3
El Paso,301,29,100,Box 301-3
El Paso,301,30,100,Box 301-3
El Paso,301,31,100,Box 301-4
El Paso,301,32,98,Box 301-4
El Paso,301,33,100,Box 301-4
El Paso,301,34,52,Box 301-4
El Paso,301,35,99,Box 301-4
El Paso,301,36,98,Box 301-4
El Paso,301,37,98,Box 301-4
El Paso,301,38,93,Box 301-4
El Paso,301,39,99,Box 301-4
El Paso,301,40,97,Box 301-4
El Paso,301,41,100,Box 301-5
El Paso,301,42,98,Box 301-5
El Paso,301,43,99,Box 301-5
El Paso,301,44,46,Box 301-5
El Paso,301,45,93,Box 301-5
El Paso,301,46,98,Box 301-5
El Paso,301,47,89,Box 301-5
El Paso,301,48,98,Box 301-5
El Paso,301,49,94,Box 301-5
El Paso,301,50,93,Box 301-5
El Paso,301,51,1,Box 301-6
El Paso,301,52,100,Box 301-6
El Paso,301,53,98,Box 301-6
El Paso,301,54,99,Box 301-6
El Paso,301,55,89,Box 301-6
El Paso,301,56,100,Box 301-6
El Paso,301,57,98,Box 301-6
El Paso,301,58,93,Box 301-6
El Paso,301,59,93,Box 301-6
El Paso,301,60,96,Box 301-6
El Paso,301,61,98,Box 301-7
El Paso,301,62,98,Box 301-7
El Paso,301,63,99,Box 301-7
El Paso,301,64,82,Box 301-7
El Paso,301,65,92,Box 301-7
El Paso,301,66,94,Box 301-7
El Paso,301,67,99,Box 301-7
El Paso,301,68,100,Box 301-7
El Paso,301,69,98,Box 301-7
El Paso,301,70,97,Box 301-7
El Paso,301,71,100,Box 301-8
El Paso,301,72,98,Box 301-8
El Paso,301,73,99,Box 301-8
El Paso,301,74,99,Box 301-8
El Paso,301,75,99,Box 301-8
El Paso,301,76,98,Box 301-8
El Paso,301,77,99,Box 301-8
El Paso,301,78,93,Box 301-8
El Paso,301,79,98,Box 301-8
El Paso,301,80,100,Box 301-8
El Paso,301,81,97,Box 301-9
El Paso,301,82,99,Box 301-9
El Paso,301,83,100,Box 301-9
El Paso,301,84,100,Box 301-9
El Paso,301,85,100,Box 301-9
El Paso,301,86,99,Box 301-9
El Paso,301,87,99,Box 301-9
El Paso,301,88,97,Box 301-9
El Paso,301,89,93,Box 301-9
El Paso,301,90,99,Box 301-9
El Paso,301,91,99,Box 301-10
El Paso,301,92,98,Box 301-10
El Paso,301,93,96,Box 301-10
El Paso,301,94,98,Box 301-10
El Paso,301,96,96,Box 301-10
El Paso,301,97,88,Box 301-10
El Paso,301,98,100,Box 301-10
El Paso,301,99,99,Box 301-10
El Paso,301,100,98,Box 301-10
El Paso,301,101,87,Box 301-11
El Paso,301,102,99,Box 301-11
El Paso,301,103,98,Box 301-11
El Paso,301,104,97,Box 301-11
El Paso,301,105,99,Box 301-11
El Paso,301,106,97,Box 301-11
El Paso,301,107,98,Box 301-11
El Paso,301,108,94,Box 301-11
El Paso,301,109,98,Box 301-11
El Paso,301,110,88,Box 301-11
El Paso,301,111,97,Box 301-12
El Paso,301,112,98,Box 301-12
El Paso,301,113,95,Box 301-12
El Paso,301,114,99,Box 301-12
El Paso,301,115,99,Box 301-12
El Paso,301,116,99,Box 301-12
El Paso,301,117,98,Box 301-12
El Paso,301,118,100,Box 301-12
El Paso,301,119,99,Box 301-12
El Paso,301,120,98,Box 301-12
El Paso,301,121,95,Box 301-13
El Paso,301,122,97,Box 301-13
El Paso,301,123,95,Box 301-13
El Paso,301,124,100,Box 301-13
El Paso,301,125,96,Box 301-13
El Paso,301,126,99,Box 301-13
El Paso,301,127,98,Box 301-13
El Paso,301,128,97,Box 301-13
El Paso,301,129,96,Box 301-13
El Paso,301,130,100,Box 301-13
El Paso,301,131,97,Box 301-14
El Paso,301,132,100,Box 301-14
El Paso,301,133,99,Box 301-14
El Paso,301,134,95,Box 301-14
El Paso,301,135,98,Box 301-14
El Paso,301,136,97,Box 301-14
El Paso,301,137,98,Box 301-14
El Paso,301,138,100,Box 301-14
El Paso,301,139,94,Box 301-14
El Paso,301,140,98,Box 301-14
El Paso,301,141,98,Box 301-15
El Paso,301,142,96,Box 301-15
El Paso,301,143,64,Box 301-15
El Paso,301,144,100,Box 301-15
El Paso,301,145,98,Box 301-15
El Paso,301,146,99,Box 301-15
El Paso,301,147,100,Box 301-15
El Paso,301,148,98,Box 301-15
El Paso,301,149,98,Box 301-15
El Paso,301,150,98,Box 301-15
El Paso,301,151,99,Box 301-16
El Paso,301,152,15,Box 301-16
El Paso,301,153,96,Box 301-16
El Paso,301,154,6,Box 301-16
El Paso,301,155,95,Box 301-16
El Paso,301,156,100,Box 301-16
El Paso,301,157,100,Box 301-16
El Paso,301,158,99,Box 301-16
El Paso,301,159,99,Box 301-16
El Paso,301,160,97,Box 301-16
El Paso,301,161,76,Box 301-17
El Paso,301,162,100,Box 301-17
El Paso,301,163,96,Box 301-17
El Paso,301,164,99,Box 301-17
El Paso,301,165,99,Box 301-17
El Paso,301,166,89,Box 301-17
El Paso,301,167,36,Box 301-17
El Paso,301,168,84,Box 301-17
El Paso,301,169,99,Box 301-17
El Paso,301,170,99,Box 301-17
El Paso,301,171,100,Box 301-18
El Paso,301,172,98,Box 301-18
El Paso,301,173,98,Box 301-18
El Paso,301,174,98,Box 301-18
El Paso,301,175,99,Box 301-18
El Paso,301,176,99,Box 301-18
El Paso,301,177,97,Box 301-18
El Paso,301,178,97,Box 301-18
El Paso,301,179,100,Box 301-18
El Paso,301,180,95,Box 301-18
El Paso,301,181,96,Box 301-19
El Paso,301,182,100,Box 301-19
El Paso,301,183,93,Box 301-19
El Paso,301,184,100,Box 301-19
El Paso,301,185,99,Box 301-19
El Paso,301,186,99,Box 301-19
El Paso,301,187,66,Box 301-19
El Paso,301,188,100,Box 301-19
El Paso,301,189,98,Box 301-19
El Paso,301,190,100,Box 301-19
El Paso,301,191,94,Box 301-20
El Paso,301,192,93,Box 301-20
El Paso,301,193,97,Box 301-20
El Paso,301,194,98,Box 301-20
El Paso,301,195,96,Box 301-20
El Paso,301,196,91,Box 301-20
El Paso,301,197,98,Box 301-20
El Paso,301,198,100,Box 301-20
El Paso,301,199,96,Box 301-20
El Paso,301,200,97,Box 301-20
El Paso,301,201,98,Box 301-21
El Paso,301,202,100,Box 301-21
El Paso,301,203,92,Box 301-21
El Paso,301,204,98,Box 301-21
El Paso,301,205,97,Box 301-21
El Paso,301,206,86,Box 301-21
El Paso,301,207,99,Box 301-21
El Paso,301,208,99,Box 301-21
El Paso,301,209,93,Box 301-21
El Paso,301,210,96,Box 301-21
El Paso,301,211,99,Box 301-22
El Paso,301,212,100,Box 301-22
El Paso,301,213,96,Box 301-22
El Paso,301,214,100,Box 301-22
El Paso,301,215,100,Box 301-22
El Paso,301,216,90,Box 301-22
El Paso,301,217,99,Box 301-22
El Paso,301,218,100,Box 301-22
El Paso,301,219,100,Box 301-22
El Paso,301,220,99,Box 301-22
El Paso,301,221,25,Box 301-23
El Paso,301,222,99,Box 301-23
El Paso,301,223,100,Box 301-23
El Paso,301,224,96,Box 301-23
El Paso,301,225,94,Box 301-23
El Paso,301,226,98,Box 301-23
El Paso,301,227,98,Box 301-23
El Paso,301,228,99,Box 301-23
El Paso,301,229,98,Box 301-23
El Paso,301,230,92,Box 301-23
El Paso,301,231,85,Box 301-24
El Paso,301,232,100,Box 301-24
El Paso,301,233,100,Box 301-24
El Paso,301,234,98,Box 301-24
El Paso,301,235,98,Box 301-24
El Paso,301,236,4,Box 301-24
El Paso,301,237,99,Box 301-24
El Paso,301,238,97,Box 301-24
El Paso,301,239,97,Box 301-24
El Paso,301,240,99,Box 301-24
El Paso,301,241,98,Box 301-25
El Paso,301,242,97,Box 301-25
El Paso,301,243,94,Box 301-25
El Paso,301,244,99,Box 301-25
El Paso,301,245,99,Box 301-25
El Paso,301,246,98,Box 301-25
El Paso,301,247,99,Box 301-25
El Paso,301,248,100,Box 301-25
El Paso,301,249,98,Box 301-25
El Paso,301,250,40,Box 301-25
El Paso,301,251,96,Box 301-26
El Paso,301,252,98,Box 301-26
El Paso,301,253,97,Box 301-26
El Paso,301,254,98,Box 301-26
El Paso,301,255,94,Box 301-26
El Paso,301,256,98,Box 301-26
El Paso,301,257,90,Box 301-26
El Paso,301,258,100,Box 301-26
El Paso,301,259,98,Box 301-26
El Paso,301,260,100,Box 301-26
El Paso,301,261,100,Box 301-27
El Paso,301,262,93,Box 301-27
El Paso,301,263,93,Box 301-27
El Paso,301,264,97,Box 301-27
El Paso,301,265,100,Box 301-27
El Paso,301,266,100,Box 301-27
El Paso,301,267,100,Box 301-27
El Paso,301,268,100,Box 301-27
El Paso,301,269,100,Box 301-27
El Paso,301,270,99,Box 301-27
El Paso,301,271,96,Box 301-28
El Paso,301,272,100,Box 301-28
El Paso,301,273,97,Box 301-28
El Paso,301,274,97,Box 301-28
El Paso,301,275,100,Box 301-28
El Paso,301,276,97,Box 301-28
El Paso,301,277,94,Box 301-28
El Paso,301,278,99,Box 301-28
El Paso,301,279,98,Box 301-28
El Paso,301,280,97,Box 301-28
El Paso,301,281,99,Box 301-29
El Paso,301,282,100,Box 301-29
El Paso,301,283,98,Box 301-29
El Paso,301,284,99,Box 301-29
El Paso,301,285,100,Box 301-29
El Paso,301,286,98,Box 301-29
El Paso,301,287,96,Box 301-29
El Paso,301,288,100,Box 301-29
El Paso,301,289,99,Box 301-29
El Paso,301,290,100,Box 301-29
El Paso,301,291,98,Box 301-30
El Paso,301,292,100,Box 301-30
El Paso,301,293,100,Box 301-30
El Paso,301,294,96,Box 301-30
El Paso,301,295,96,Box 301-30
El Paso,301,296,98,Box 301-30
El Paso,301,297,98,Box 301-30
El Paso,301,298,94,Box 301-30
El Paso,301,299,98,Box 301-30
El Paso,301,300,97,Box 301-30
El Paso,301,301,97,Box 301-31
El Paso,301,302,95,Box 301-31
El Paso,301,303,89,Box 301-31
El Paso,301,304,99,Box 301-31
El Paso,301,305,100,Box 301-31
El Paso,301,306,94,Box 301-31
El Paso,301,307,99,Box 301-31
El Paso,301,308,95,Box 301-31
El Paso,301,309,100,Box 301-31
El Paso,301,310,98,Box 301-31
El Paso,301,311,95,Box 301-32
El Paso,301,312,100,Box 301-32
El Paso,301,313,95,Box 301-32
El Paso,301,314,96,Box 301-32
El Paso,301,315,90,Box 301-32
El Paso,301,316,100,Box 301-32
El Paso,301,317,100,Box 301-32
El Paso,301,318,97,Box 301-32
El Paso,301,319,96,Box 301-32
El Paso,301,320,99,Box 301-32
El Paso,301,321,99,Box 301-33
El Paso,301,322,98,Box 301-33
El Paso,301,323,99,Box 301-33
El Paso,301,324,53,Box 301-33
El Paso,301,325,100,Box 301-33
El Paso,301,326,95,Box 301-33
El Paso,301,327,98,Box 301-33
El Paso,301,328,97,Box 301-33
El Paso,301,329,99,Box 301-33
El Paso,301,330,99,Box 301-33
El Paso,301,331,96,Box 301-34
El Paso,301,332,93,Box 301-34
El Paso,301,333,97,Box 301-34
El Paso,301,334,96,Box 301-34
El Paso,301,335,93,Box 301-34
El Paso,301,336,98,Box 301-34
El Paso,301,337,99,Box 301-34
El Paso,301,338,98,Box 301-34
El Paso,301,339,97,Box 301-34
El Paso,301,340,96,Box 301-34
El Paso,301,341,94,Box 301-35
El Paso,301,342,95,Box 301-35
El Paso,301,343,98,Box 301-35
El Paso,301,344,96,Box 301-35
El Paso,301,345,95,Box 301-35
El Paso,301,346,96,Box 301-35
El Paso,301,347,96,Box 301-35
El Paso,301,348,87,Box 301-35
El Paso,301,349,92,Box 301-35
El Paso,301,350,100,Box 301-35
El Paso,301,351,100,Box 301-36
El Paso,301,352,98,Box 301-36
El Paso,301,353,98,Box 301-36
El Paso,301,354,60,Box 301-36
El Paso,301,355,75,Box 301-36
El Paso,301,356,100,Box 301-36
El Paso,301,357,96,Box 301-36
El Paso,301,358,92,Box 301-36
El Paso,301,359,99,Box 301-36
El Paso,301,360,94,Box 301-36
El Paso,301,361,100,Box 301-37
El Paso,301,362,92,Box 301-37
El Paso,301,363,96,Box 301-37
El Paso,301,364,98,Box 301-37
El Paso,301,365,96,Box 301-37
El Paso,301,366,96,Box 301-37
El Paso,301,367,99,Box 301-37
El Paso,301,368,100,Box 301-37
El Paso,301,369,98,Box 301-37
El Paso,301,370,97,Box 301-37
El Paso,301,371,97,Box 301-38
El Paso,301,372,98,Box 301-38
El Paso,301,373,96,Box 301-38
El Paso,301,374,95,Box 301-38
El Paso,301,375,96,Box 301-38
El Paso,301,376,99,Box 301-38
El Paso,301,377,96,Box 301-38
El Paso,301,378,6,Box 301-38
El Paso,301,379,100,Box 301-38
El Paso,301,380,97,Box 301-38
El Paso,301,381,97,Box 301-39
El Paso,301,382,100,Box 301-39
El Paso,301,383,99,Box 301-39
El Paso,301,384,96,Box 301-39
El Paso,301,385,98,Box 301-39
El Paso,301,386,93,Box 301-39
El Paso,301,387,99,Box 301-39
El Paso,301,388,98,Box 301-39
El Paso,301,389,96,Box 301-39
El Paso,301,390,97,Box 301-39
El Paso,301,391,96,Box 301-40
El Paso,301,392,99,Box 301-40
El Paso,301,393,96,Box 301-40
El Paso,301,394,96,Box 301-40
El Paso,301,395,89,Box 301-40
El Paso,301,396,97,Box 301-40
El Paso,301,397,97,Box 301-40
El Paso,301,398,95,Box 301-40
El Paso,301,399,94,Box 301-40
El Paso,301,400,100,Box 301-40
El Paso,301,401,95,Box 301-41
El Paso,301,402,94,Box 301-41
El Paso,301,403,93,Box 301-41
El Paso,301,404,92,Box 301-41
El Paso,301,405,25,Box 301-41
El Paso,301,406,11,Box 301-41
El Paso,301,407,90,Box 301-41
El Paso,301,408,91,Box 301-41
El Paso,301,409,95,Box 301-41
El Paso,301,410,97,Box 301-41
El Paso,301,411,100,Box 301-42
El Paso,301,412,97,Box 301-42
El Paso,301,413,48,Box 301-42
El Paso,301,414,5,Box 301-42
El Paso,301,415,92,Box 301-42
El Paso,401,1,100,Box 401-1
El Paso,401,2,100,Box 401-1
El Paso,401,3,99,Box 401-1
El Paso,401,4,99,Box 401-1
El Paso,401,5,98,Box 401-1
El Paso,401,6,90,Box 401-1
El Paso,401,7,99,Box 401-1
El Paso,401,8,98,Box 401-1
El Paso,401,9,100,Box 401-1
El Paso,401,10,94,Box 401-1
El Paso,401,11,100,Box 401-2
El Paso,401,12,97,Box 401-2
El Paso,401,13,93,Box 401-2
El Paso,401,14,99,Box 401-2
El Paso,401,15,100,Box 401-2
El Paso,401,16,80,Box 401-2
El Paso,401,17,62,Box 401-2
El Paso,401,18,96,Box 401-2
El Paso,401,19,5,Box 401-2
El Paso,401,20,6,Box 401-2
El Paso,401,21,99,Box 401-3
El Paso,401,22,99,Box 401-3
El Paso,401,23,98,Box 401-3
El Paso,401,24,99,Box 401-3
El Paso,401,25,98,Box 401-3
El Paso,401,26,98,Box 401-3
El Paso,401,27,97,Box 401-3
El Paso,401,28,97,Box 401-3
El Paso,401,29,92,Box 401-3
El Paso,401,30,98,Box 401-3
El Paso,401,31,98,Box 401-4
El Paso,401,32,99,Box 401-4
El Paso,401,33,100,Box 401-4
El Paso,401,34,100,Box 401-4
El Paso,401,35,100,Box 401-4
El Paso,401,36,98,Box 401-4
El Paso,401,37,99,Box 401-4
El Paso,401,38,99,Box 401-4
El Paso,401,39,100,Box 401-4
El Paso,401,40,100,Box 401-4
El Paso,401,41,100,Box 401-5
El Paso,401,42,97,Box 401-5
El Paso,401,43,98,Box 401-5
El Paso,401,44,98,Box 401-5
El Paso,401,45,98,Box 401-5
El Paso,401,46,99,Box 401-5
El Paso,401,47,97,Box 401-5
El Paso,401,48,97,Box 401-5
El Paso,401,49,94,Box 401-5
El Paso,401,50,94,Box 401-5
El Paso,401,51,98,Box 401-6
El Paso,401,52,100,Box 401-6
El Paso,401,53,99,Box 401-6
El Paso,401,54,90,Box 401-6
El Paso,401,55,98,Box 401-6
El Paso,401,56,98,Box 401-6
El Paso,401,57,100,Box 401-6
El Paso,401,58,96,Box 401-6
El Paso,401,59,99,Box 401-6
El Paso,401,60,100,Box 401-6
El Paso,401,61,100,Box 401-7
El Paso,401,62,97,Box 401-7
El Paso,401,63,97,Box 401-7
El Paso,401,64,99,Box 401-7
El Paso,401,65,6,Box 401-7
El Paso,401,66,99,Box 401-7
El Paso,401,67,92,Box 401-7
El Paso,401,68,90,Box 401-7
El Paso,401,69,98,Box 401-7
El Paso,401,70,99,Box 401-7
El Paso,401,71,99,Box 401-8
El Paso,401,72,99,Box 401-8
El Paso,401,73,100,Box 401-8
El Paso,401,74,80,Box 401-8
El Paso,401,75,100,Box 401-8
El Paso,401,76,91,Box 401-8
El Paso,401,77,100,Box 401-8
El Paso,401,78,1,Box 401-8
El Paso,401,79,97,Box 401-8
El Paso,401,80,100,Box 401-8
El Paso,401,81,100,Box 401-9
El Paso,401,82,100,Box 401-9
El Paso,401,83,92,Box 401-9
El Paso,401,84,99,Box 401-9
El Paso,401,85,98,Box 401-9
El Paso,401,86,100,Box 401-9
El Paso,401,87,100,Box 401-9
El Paso,401,88,92,Box 401-9
El Paso,401,89,96,Box 401-9
El Paso,401,90,97,Box 401-9
El Paso,401,91,98,Box 401-10
El Paso,401,92,93,Box 401-10
El Paso,401,93,94,Box 401-10
El Paso,401,94,96,Box 401-10
El Paso,401,95,95,Box 401-10
El Paso,401,96,86,Box 401-10
El Paso,401,97,92,Box 401-10
El Paso,401,98,97,Box 401-10
El Paso,401,99,92,Box 401-10
El Paso,401,100,95,Box 401-10
El Paso,401,101,98,Box 401-11
El Paso,401,102,95,Box 401-11
El Paso,401,103,98,Box 401-11
El Paso,401,104,97,Box 401-11
El Paso,401,105,98,Box 401-11
El Paso,401,106,99,Box 401-11
El Paso,401,107,96,Box 401-11
El Paso,401,108,95,Box 401-11
El Paso,401,109,97,Box 401-11
El Paso,401,110,100,Box 401-11
El Paso,401,111,99,Box 401-12
El Paso,401,112,93,Box 401-12
El Paso,401,113,98,Box 401-12
El Paso,401,114,100,Box 401-12
El Paso,401,115,99,Box 401-12
El Paso,401,116,97,Box 401-12
El Paso,401,117,98,Box 401-12
El Paso,401,118,100,Box 401-12
El Paso,401,119,99,Box 401-12
El Paso,401,120,95,Box 401-12
El Paso,401,121,25,Box 401-13
El Paso,401,123,100,Box 401-13
El Paso,401,124,96,Box 401-13
El Paso,401,125,81,Box 401-13
El Paso,401,126,100,Box 401-13
El Paso,401,127,96,Box 401-13
El Paso,401,128,100,Box 401-13
El Paso,401,129,97,Box 401-13
El Paso,401,130,99,Box 401-13
El Paso,401,131,98,Box 401-14
El Paso,401,132,98,Box 401-14
El Paso,401,133,98,Box 401-14
El Paso,401,134,98,Box 401-14
El Paso,401,135,96,Box 401-14
El Paso,401,136,95,Box 401-14
El Paso,401,137,98,Box 401-14
El Paso,401,138,93,Box 401-14
El Paso,401,139,96,Box 401-14
El Paso,401,140,88,Box 401-14
El Paso,401,141,94,Box 401-15
El Paso,401,142,99,Box 401-15
El Paso,401,143,98,Box 401-15
El Paso,401,144,90,Box 401-15
El Paso,401,145,97,Box 401-15
El Paso,401,146,99,Box 401-15
El Paso,401,147,94,Box 401-15
El Paso,401,148,92,Box 401-15
El Paso,401,149,99,Box 401-15
El Paso,401,150,98,Box 401-15
El Paso,401,151,14,Box 401-16
El Paso,401,152,99,Box 401-16
El Paso,401,153,97,Box 401-16
El Paso,401,154,98,Box 401-16
El Paso,401,155,93,Box 401-16
El Paso,401,156,100,Box 401-16
El Paso,401,157,95,Box 401-16
El Paso,401,158,94,Box 401-16
El Paso,401,159,97,Box 401-16
El Paso,401,160,96,Box 401-16
El Paso,401,161,55,Box 401-17
El Paso,401,162,99,Box 401-17
El Paso,401,163,99,Box 401-17
El Paso,401,164,100,Box 401-17
El Paso,401,165,98,Box 401-17
El Paso,401,166,98,Box 401-17
El Paso,401,167,96,Box 401-17
El Paso,401,168,98,Box 401-17
El Paso,401,169,100,Box 401-17
El Paso,401,170,99,Box 401-17
El Paso,401,172,98,Box 401-18
El Paso,401,173,99,Box 401-18
El Paso,401,174,97,Box 401-18
El Paso,401,175,98,Box 401-18
El Paso,401,176,97,Box 401-18
El Paso,401,177,99,Box 401-18
El Paso,401,178,100,Box 401-18
El Paso,401,179,98,Box 401-18
El Paso,401,180,100,Box 401-18
El Paso,401,181,97,Box 401-19
El Paso,401,182,97,Box 401-19
El Paso,401,183,92,Box 401-19
El Paso,401,184,96,Box 401-19
El Paso,401,185,97,Box 401-19
El Paso,401,186,100,Box 401-19
El Paso,401,187,100,Box 401-19
El Paso,401,188,97,Box 401-19
El Paso,401,189,99,Box 401-19
El Paso,401,190,100,Box 401-19
El Paso,401,191,25,Box 401-20
El Paso,401,192,100,Box 401-20
El Paso,401,193,98,Box 401-20
El Paso,401,194,99,Box 401-20
El Paso,401,195,95,Box 401-20
El Paso,401,196,99,Box 401-20
El Paso,401,197,99,Box 401-20
El Paso,401,198,98,Box 401-20
El Paso,401,199,87,Box 401-20
El Paso,401,200,98,Box 401-20
El Paso,401,201,98,Box 401-21
El Paso,401,202,98,Box 401-21
El Paso,401,203,96,Box 401-21
El Paso,401,204,99,Box 401-21
El Paso,401,205,3,Box 401-21
El Paso,401,206,97,Box 401-21
El Paso,401,207,99,Box 401-21
El Paso,401,208,95,Box 401-21
El Paso,401,209,99,Box 401-21
El Paso,401,210,99,Box 401-21
El Paso,401,211,97,Box 401-22
El Paso,401,212,47,Box 401-22
El Paso,401,213,95,Box 401-22
El Paso,401,214,94,Box 401-22
El Paso,401,215,93,Box 401-22
El Paso,401,216,100,Box 401-22
El Paso,401,217,98,Box 401-22
El Paso,401,218,100,Box 401-22
El Paso,401,219,99,Box 401-22
El Paso,401,220,96,Box 401-22
El Paso,401,221,91,Box 401-23
El Paso,401,222,96,Box 401-23
El Paso,401,223,99,Box 401-23
El Paso,401,224,95,Box 401-23
El Paso,401,225,97,Box 401-23
El Paso,401,226,100,Box 401-23
El Paso,401,227,53,Box 401-23
El Paso,401,228,96,Box 401-23
El Paso,401,229,97,Box 401-23
El Paso,401,230,100,Box 401-23
El Paso,401,231,99,Box 401-24
El Paso,401,232,94,Box 401-24
El Paso,401,233,94,Box 401-24
El Paso,401,234,99,Box 401-24
El Paso,401,235,35,Box 401-24
El Paso,401,236,99,Box 401-24
El Paso,401,237,98,Box 401-24
El Paso,401,238,97,Box 401-24
El Paso,401,239,100,Box 401-24
El Paso,401,240,100,Box 401-24
El Paso,401,241,98,Box 401-25
El Paso,401,242,97,Box 401-25
El Paso,401,243,95,Box 401-25
El Paso,401,244,100,Box 401-25
El Paso,401,245,99,Box 401-25
El Paso,401,246,98,Box 401-25
El Paso,401,247,99,Box 401-25
El Paso,401,248,100,Box 401-25
El Paso,401,249,96,Box 401-25
El Paso,401,250,99,Box 401-25
El Paso,401,251,99,Box 401-26
El Paso,401,252,98,Box 401-26
El Paso,401,253,96,Box 401-26
El Paso,401,254,98,Box 401-26
El Paso,401,255,91,Box 401-26
El Paso,401,256,100,Box 401-26
El Paso,401,257,96,Box 401-26
El Paso,401,258,100,Box 401-26
El Paso,401,259,100,Box 401-26
El Paso,401,260,25,Box 401-26
El Paso,401,261,94,Box 401-27
El Paso,401,262,96,Box 401-27
El Paso,401,263,97,Box 401-27
El Paso,401,264,100,Box 401-27
El Paso,401,265,94,Box 401-27
El Paso,401,266,99,Box 401-27
El Paso,401,267,96,Box 401-27
El Paso,401,268,99,Box 401-27
El Paso,401,269,99,Box 401-27
El Paso,401,270,100,Box 401-27
El Paso,401,271,91,Box 401-28
El Paso,401,272,99,Box 401-28
El Paso,401,273,99,Box 401-28
El Paso,401,274,25,Box 401-28
El Paso,401,275,98,Box 401-28
El Paso,401,276,96,Box 401-28
El Paso,401,277,98,Box 401-28
El Paso,401,278,99,Box 401-28
El Paso,401,279,100,Box 401-28
El Paso,401,280,95,Box 401-28
El Paso,401,281,97,Box 401-29
El Paso,401,282,97,Box 401-29
El Paso,401,283,96,Box 401-29
El Paso,401,284,100,Box 401-29
El Paso,401,285,97,Box 401-29
El Paso,401,286,99,Box 401-29
El Paso,401,287,96,Box 401-29
El Paso,401,288,100,Box 401-29
El Paso,401,289,99,Box 401-29
El Paso,401,290,91,Box 401-29
El Paso,401,291,98,Box 401-30
El Paso,401,292,96,Box 401-30
El Paso,401,293,96,Box 401-30
El Paso,401,294,99,Box 401-30
El Paso,401,295,98,Box 401-30
El Paso,401,296,99,Box 401-30
El Paso,401,297,91,Box 401-30
El Paso,401,298,99,Box 401-30
El Paso,401,299,97,Box 401-30
El Paso,401,300,93,Box 401-30
El Paso,401,301,97,Box 401-31
El Paso,401,302,96,Box 401-31
El Paso,401,303,91,Box 401-31
El Paso,401,304,97,Box 401-31
El Paso,401,305,98,Box 401-31
El Paso,401,306,93,Box 401-31
El Paso,401,307,97,Box 401-31
El Paso,401,308,94,Box 401-31
El Paso,401,309,96,Box 401-31
El Paso,401,310,95,Box 401-31
El Paso,401,311,96,Box 401-32
El Paso,401,312,98,Box 401-32
El Paso,401,313,96,Box 401-32
El Paso,401,314,99,Box 401-32
El Paso,401,315,96,Box 401-32
El Paso,401,316,100,Box 401-32
El Paso,401,317,98,Box 401-32
El Paso,401,318,95,Box 401-32
El Paso,401,319,91,Box 401-32
El Paso,401,320,99,Box 401-32
El Paso,401,321,1,Box 401-33
El Paso,401,322,96,Box 401-33
El Paso,401,323,98,Box 401-33
El Paso,401,324,95,Box 401-33
El Paso,401,325,99,Box 401-33
El Paso,401,326,97,Box 401-33
El Paso,401,327,96,Box 401-33
El Paso,401,328,98,Box 401-33
El Paso,401,329,99,Box 401-33
El Paso,401,330,98,Box 401-33
El Paso,401,331,71,Box 401-34
El Paso,401,332,99,Box 401-34
El Paso,401,333,99,Box 401-34
El Paso,401,334,100,Box 401-34
El Paso,401,335,93,Box 401-34
El Paso,401,336,97,Box 401-34
El Paso,401,337,96,Box 401-34
El Paso,401,338,96,Box 401-34
El Paso,401,339,99,Box 401-34
El Paso,401,340,99,Box 401-34
El Paso,401,341,92,Box 401-35
El Paso,401,342,99,Box 401-35
El Paso,401,343,75,Box 401-35
El Paso,401,344,99,Box 401-35
El Paso,401,345,99,Box 401-35
El Paso,401,346,97,Box 401-35
El Paso,401,347,93,Box 401-35
El Paso,401,348,94,Box 401-35
El Paso,401,349,86,Box 401-35
El Paso,401,350,94,Box 401-35
El Paso,401,351,92,Box 401-36
El Paso,401,352,99,Box 401-36
El Paso,401,353,98,Box 401-36
El Paso,401,354,97,Box 401-36
El Paso,401,355,96,Box 401-36
El Paso,401,356,94,Box 401-36
El Paso,401,357,91,Box 401-36
El Paso,401,358,98,Box 401-36
El Paso,401,359,93,Box 401-36
El Paso,401,360,91,Box 401-36
El Paso,401,361,8,Box 401-37
El Paso,401,362,92,Box 401-37
El Paso,401,363,95,Box 401-37
El Paso,501,1,1,Box 502-1
El Paso,501,2,2,Box 502-1
El Paso,501,3,2,Box 502-1
El Paso,501,4,4,Box 502-1
El Paso,501,5,3,Box 502-1
El Paso,501,6,3,Box 502-1
El Paso,501,7,1,Box 502-1
El Paso,501,8,5,Box 502-1
El Paso,501,9,3,Box 502-1
El Paso,501,10,3,Box 502-1
El Paso,501,11,31,Box 502-1
El Paso,501,12,4,Box 502-1
El Paso,501,13,13,Box 502-1
El Paso,501,14,5,Box 502-1
El Paso,501,15,5,Box 502-1
El Paso,501,16,5,Box 502-1
El Paso,501,17,25,Box 502-1
El Paso,501,18,5,Box 502-1
El Paso,501,19,5,Box 502-1
El Paso,501,20,1,Box 502-1
El Paso,501,21,20,Box 502-1
El Paso,501,22,25,Box 502-1
El Paso,501,23,11,Box 502-1
El Paso,501,24,3,Box 502-1
El Paso,501,25,17,Box 502-1
El Paso,501,26,7,Box 502-1
El Paso,501,27,3,Box 502-1
El Paso,501,28,7,Box 502-1
El Paso,501,29,18,Box 502-1
El Paso,501,30,3,Box 502-1
El Paso,501,31,10,Box 502-1
El Paso,501,32,30,Box 502-1
El Paso,501,33,24,Box 502-1
El Paso,501,34,9,Box 502-1
El Paso,501,35,2,Box 502-1
El Paso,501,36,12,Box 502-1
El Paso,501,37,14,Box 502-1
El Paso,501,38,11,Box 502-1
El Paso,501,39,1,Box 502-1
El Paso,501,40,34,Box 502-1
El Paso,501,41,45,Box 502-1
El Paso,501,42,27,Box 502-1
El Paso,501,43,15,Box 502-1
El Paso,501,44,18,Box 502-1
El Paso,501,45,79,Box 502-1
El Paso,501,46,93,Box 502-1
El Paso,501,47,96,Box 502-1
El Paso,501,48,24,Box 502-1
El Paso,501,49,90,Box 502-1
El Paso,501,50,83,Box 502-1
El Paso,501,51,104,Box 502-1
El Paso,501,52,67,Box 502-1
El Paso,501,53,27,Box 502-1
El Paso,501,54,121,Box 502-1
El Paso,501,55,133,Box 502-1
El Paso,501,56,110,Box 502-1
El Paso,501,57,104,Box 502-1
El Paso,501,58,106,Box 502-2
El Paso,501,59,76,Box 502-2
El Paso,501,60,58,Box 502-2
El Paso,501,61,86,Box 502-2
El Paso,501,62,79,Box 502-2
El Paso,501,63,97,Box 502-2
El Paso,501,65,106,Box 502-2
El Paso,501,66,134,Box 502-2
