contest_name,choice,votes
Adams County Assessor - DEM,Thomas Swingle,51806
Adams County Clerk and Recorder - DEM,Josh Zygielbaum,52157
Adams County Clerk and Recorder - REP,Karen Hoopes,25831
Adams County Commissioner - District 3 - DEM,Emma Pinter,52384
Adams County Commissioner - District 4 - DEM,Karen DeAguero,29805
Adams County Commissioner - District 4 - DEM,Tyler Quick,29111
Adams County Commissioner - District 4 - REP,Joseph P Domenico,25758
Adams County Coroner - DEM,Monica Broncucia-Jordan,52477
Adams County Sheriff - DEM,Gene R. Claps,51662
Adams County Sheriff - REP,Mark Goodell,26136
Adams County Treasurer - DEM,Jason Anaya-Ledeboer,52062
Alamosa County Assessor - DEM,Jason Duncan,898
Alamosa County Assessor - DEM,Adam Lauer,645
Alamosa County Clerk and Recorder - REP,Tina Espinoza,825
Alamosa County Clerk and Recorder - REP,Jamie Greeman,804
Alamosa County Commissioner - District 2 - DEM,Sherry Perdue,1353
Alamosa County Commissioner - District 2 - REP,Arlan Van Ry,1435
Alamosa County Coroner - REP,Joseph Dzuris,1392
Alamosa County Sheriff - DEM,Robert Jackson,1463
Alamosa County Surveyor - REP,Anthony James Martin,1369
Alamosa County Treasurer - REP,Amy McKinley,1454
Arapahoe County Assessor - DEM,PK Kaiser,77117
Arapahoe County Assessor - REP,Jesse Lind,35284
Arapahoe County Clerk and Recorder - DEM,Joan Lopez,81232
Arapahoe County Clerk and Recorder - REP,Annette Budd,35770
Arapahoe County Commissioner - District 2 - DEM,Jessica Campbell,12883
Arapahoe County Commissioner - District 2 - DEM,Angela Garland,6933
Arapahoe County Commissioner - District 2 - REP,Carl Schuldies,9507
Arapahoe County Commissioner - District 4 - DEM,Leslie Summey,9034
Arapahoe County Commissioner - District 4 - DEM,Maya Wheeler,7895
Arapahoe County Commissioner - District 4 - REP,"Sonda ""Sunny"" Banka",5080
Arapahoe County Coroner - DEM,Casey Bitting,75586
Arapahoe County Sheriff - DEM,Tyler Scott Brown,75169
Arapahoe County Sheriff - REP,Kevin Scott Edling,35037
Arapahoe County Treasurer - DEM,Michael Westerberg,78038
Archuleta County Assessor - REP,Johanna Tully-Elliott,2196
Archuleta County Clerk and Recorder - REP,Kristy Archuleta,2264
Archuleta County Commissioner - District 3 - REP,Randy Betts,1822
Archuleta County Commissioner - District 3 - REP,Veronica Medina,902
Archuleta County Coroner - REP,Brad Hunt,2219
Archuleta County Sheriff - REP,Mike Le Roux,2262
Archuleta County Treasurer - REP,Elsa P. White,2249
Attorney General - DEM,Jena Griswold,352721
Attorney General - DEM,David Seligman,154825
Attorney General - DEM,Michael Dougherty,137482
Attorney General - DEM,Hetal Doshi,131111
Attorney General - DEM (Archuleta),Jena Griswold,1013
Attorney General - DEM (Archuleta),Michael Dougherty,285
Attorney General - DEM (Archuleta),Hetal Doshi,257
Attorney General - DEM (Archuleta),David Seligman,201
Attorney General - DEM (Boulder),Michael Dougherty,30250
Attorney General - DEM (Boulder),Jena Griswold,25696
Attorney General - DEM (Boulder),David Seligman,16329
Attorney General - DEM (Boulder),Hetal Doshi,10715
Attorney General - DEM (Crowley),Jena Griswold,161
Attorney General - DEM (Crowley),Hetal Doshi,31
Attorney General - DEM (Crowley),Michael Dougherty,19
Attorney General - DEM (Crowley),David Seligman,13
Attorney General - DEM (Custer),Jena Griswold,417
Attorney General - DEM (Custer),Michael Dougherty,95
Attorney General - DEM (Custer),Hetal Doshi,74
Attorney General - DEM (Custer),David Seligman,48
Attorney General - DEM (Elbert),Jena Griswold,1223
Attorney General - DEM (Elbert),Michael Dougherty,451
Attorney General - DEM (Elbert),Hetal Doshi,363
Attorney General - DEM (Elbert),David Seligman,287
Attorney General - DEM (Gilpin),Jena Griswold,498
Attorney General - DEM (Gilpin),Michael Dougherty,261
Attorney General - DEM (Gilpin),Hetal Doshi,198
Attorney General - DEM (Gilpin),David Seligman,169
Attorney General - DEM (Logan),Jena Griswold,612
Attorney General - DEM (Logan),Michael Dougherty,232
Attorney General - DEM (Logan),David Seligman,119
Attorney General - DEM (Logan),Hetal Doshi,115
Attorney General - DEM (Mineral),Jena Griswold,100
Attorney General - DEM (Mineral),Michael Dougherty,33
Attorney General - DEM (Mineral),David Seligman,27
Attorney General - DEM (Mineral),Hetal Doshi,20
Attorney General - DEM (Montezuma),Jena Griswold,1570
Attorney General - DEM (Montezuma),Michael Dougherty,451
Attorney General - DEM (Montezuma),Hetal Doshi,367
Attorney General - DEM (Montezuma),David Seligman,364
Attorney General - DEM (Morgan),Jena Griswold,765
Attorney General - DEM (Morgan),Michael Dougherty,314
Attorney General - DEM (Morgan),David Seligman,217
Attorney General - DEM (Morgan),Hetal Doshi,173
Attorney General - DEM (Prowers),Jena Griswold,333
Attorney General - DEM (Prowers),Michael Dougherty,99
Attorney General - DEM (Prowers),David Seligman,72
Attorney General - DEM (Prowers),Hetal Doshi,62
Attorney General - DEM (Rio Grande),Jena Griswold,625
Attorney General - DEM (Rio Grande),Michael Dougherty,267
Attorney General - DEM (Rio Grande),Hetal Doshi,159
Attorney General - DEM (Rio Grande),David Seligman,137
Attorney General - REP,Michael J. Allen,176993
Attorney General - REP,David Willson,113868
Attorney General - REP (Adams),Michael J. Allen,16047
Attorney General - REP (Adams),David Willson,11969
Attorney General - REP (Alamosa),Michael J. Allen,897
Attorney General - REP (Alamosa),David Willson,545
Attorney General - REP (Arapahoe),Michael J. Allen,22904
Attorney General - REP (Arapahoe),David Willson,15587
Attorney General - REP (Bent),Michael J. Allen,382
Attorney General - REP (Bent),David Willson,237
Attorney General - REP (Broomfield),Michael J. Allen,3315
Attorney General - REP (Broomfield),David Willson,2280
Attorney General - REP (Eagle),Michael J. Allen,1363
Attorney General - REP (Eagle),David Willson,1072
Attorney General - REP (Elbert),Michael J. Allen,3665
Attorney General - REP (Elbert),David Willson,2939
Attorney General - REP (Fremont),Michael J. Allen,4766
Attorney General - REP (Fremont),David Willson,3250
Attorney General - REP (Garfield),Michael J. Allen,3289
Attorney General - REP (Garfield),David Willson,2885
Attorney General - REP (Gilpin),Michael J. Allen,376
Attorney General - REP (Gilpin),David Willson,231
Attorney General - REP (Grand),Michael J. Allen,1081
Attorney General - REP (Grand),David Willson,767
Attorney General - REP (Kit Carson),Michael J. Allen,737
Attorney General - REP (Kit Carson),David Willson,544
Attorney General - REP (Las Animas),Michael J. Allen,902
Attorney General - REP (Las Animas),David Willson,603
Attorney General - REP (Lincoln),Michael J. Allen,558
Attorney General - REP (Lincoln),David Willson,314
Attorney General - REP (Logan),Michael J. Allen,1959
Attorney General - REP (Logan),David Willson,1240
Attorney General - REP (Mesa),Michael J. Allen,13730
Attorney General - REP (Mesa),David Willson,10064
Attorney General - REP (Morgan),Michael J. Allen,1939
Attorney General - REP (Morgan),David Willson,1283
Attorney General - REP (Phillips),Michael J. Allen,503
Attorney General - REP (Phillips),David Willson,340
Attorney General - REP (Prowers),Michael J. Allen,843
Attorney General - REP (Prowers),David Willson,569
Attorney General - REP (Pueblo),Michael J. Allen,8670
Attorney General - REP (Pueblo),David Willson,5675
Attorney General - REP (Routt),Michael J. Allen,854
Attorney General - REP (Routt),David Willson,580
Attorney General - REP (Sedgwick),Michael J. Allen,301
Attorney General - REP (Sedgwick),David Willson,186
Attorney General - REP (Summit),Michael J. Allen,797
Attorney General - REP (Summit),David Willson,463
Attorney General - REP (Weld),Michael J. Allen,19435
Attorney General - REP (Weld),David Willson,14222
Attorney General - REP (Yuma),Michael J. Allen,1156
Attorney General - REP (Yuma),David Willson,789
Baca County Assessor - REP,Crista D. Figgins,925
Baca County Clerk and Recorder - DEM,Sharon Dubois,141
Baca County Commissioner - District 2 - REP,Tyson Chick,576
Baca County Commissioner - District 2 - REP,Anthony LeBlanc,289
Baca County Commissioner - District 2 - REP,Jason T Franklin,171
Baca County Coroner - REP,Everett Brisendine,873
Baca County Sheriff - REP,Aaron Mack Shiplett,848
Baca County Treasurer - REP,Jozy Stegman,886
Bent County Clerk and Recorder - REP,Anne Boswell,537
Bent County Commissioner - District 2 - REP,C J Gallegos,606
Bent County Coroner - REP,Jason E. Nichols,640
Bent County Sheriff - REP,Jake R. Six,550
Bent County Treasurer - REP,Jennifer M. Godfrey,631
Boulder County Assessor - DEM,Cynthia Braddock,62303
Boulder County Clerk and Recorder - DEM,Molly Fitzpatrick,65609
Boulder County Commissioner - District 3 - DEM,Ashley Stolzmann,63802
Boulder County Coroner - DEM,Jeff Martin,62149
Boulder County Sheriff - DEM,Curtis Johnson,62384
Boulder County Surveyor - DEM,Kayce D. W. Keane,62001
Boulder County Treasurer - DEM,Rachel Friend,41051
Boulder County Treasurer - DEM,Jenn Kaaoush,31924
Chaffee County Clerk and Recorder - DEM,Sophia Gibb,3548
Chaffee County Commissioner - District 3 - DEM,PT Wood,3508
Chaffee County Commissioner - District 3 - REP,Toby Taylor,2264
Chaffee County Coroner - DEM,Jeff Graf,3531
Chaffee County Treasurer - DEM,Jolene Ellis,3488
Cheyenne County Assessor - REP,Lacey Welsh,448
Cheyenne County Clerk and Recorder - REP,Allison Brown,503
Cheyenne County Commissioner - District 2 - REP,Ronald R Smith,378
Cheyenne County Commissioner - District 2 - REP,Sam Mitchek,171
Cheyenne County Sheriff - REP,Joseph Conner,447
Cheyenne County Treasurer - REP,Gaila Mitchek,498
City of Durango Ballot Issue 2A,FOR THE ORDINANCE,6
City of Durango Ballot Issue 2A,AGAINST THE ORDINANCE,1
Clear Creek County Assessor - REP,Donna Gee,734
Clear Creek County Clerk and Recorder - DEM,Lisa Manifold,1351
Clear Creek County Commissioner - District 1 - DEM,Chris Gould,1435
Clear Creek County Coroner - REP,Chris Hegmann,726
Clear Creek County Sheriff - REP,Ron Thornton,740
Clear Creek County Treasurer - DEM,Keith Vieweg,1369
Clerk and Recorder (DEM),Liz Newsom,1948
Clerk and Recorder (REP),Jolene Stetson Linke,1770
Clerk & Recorder (REP),"Lynda ""Lyn"" Scott",2240
Commissioner - District 2 (REP),Timothy Knabenshue,2190
Commissioner - District 3 (REP),Randy George,1766
Conejos County Assessor - DEM,Naomi Martinez-Keys ,1005
Conejos County Clerk and Recorder - DEM,Nathan Ruybal ,981
Conejos County Commissioner District 2 - DEM,Randy Perea,956
Conejos County Commissioner District 2 - REP,Colton Sutherland,705
Conejos County Commissioner District 2 - REP,Mitchell Jarvies,582
Conejos County Coroner - REP,Ashley Crowther ,744
Conejos County Coroner - REP,Richard A. Martin,553
Conejos County Sheriff - DEM,Matthew Montoya ,899
Conejos County Sheriff - REP,Garth Crowther ,1091
Conejos County Surveyor - REP,Toby Crowther ,1110
Conejos County Treasurer - DEM,Donald E. Valdez,591
Conejos County Treasurer - DEM,Cathy Flores,550
Costilla County Assessor - DEM,Pamela Vigil,555
Costilla County Assessor - DEM,Angelina M. Espinoza,448
Costilla County Assessor - REP,Gary Myco,271
Costilla County Clerk and Recorder - DEM,Adelia Romero,868
Costilla County Commissioner District 2 - DEM,Patrick Roybal,410
Costilla County Commissioner District 2 - DEM,"Lorraine A. ""Lorrie"" Quintana",354
Costilla County Commissioner District 2 - DEM,Patrick Maestas,253
Costilla County Coroner - DEM,Sherri Vigil,879
Costilla County Sheriff - DEM,Jason Maestas,805
Costilla County Sheriff - DEM,Cruz Soto,141
Costilla County Sheriff - REP,Kirk Taylor,252
Costilla County Sheriff - REP,Joe Smith,71
Costilla County Treasurer - DEM,Michael Ray Vigil,928
County Assessor (DEM),April Nielsen,945
County Clerk and Recorder (DEM),Joe Self,931
County Clerk and Recorder (REP),Tara Gillivan,572
County Clerk & Recorder (REP),Jacklyn K. Harmon,5909
County Commissioner - District 1 (DEM),Jonathan Godes,5050
County Commissioner - District 1 (REP),Eric Rudd,5833
County Commissioner - District 2 (DEM),Susan Berumen,918
County Commissioner - District 2 (REP),Brady S. Fowler,592
County Coroner (DEM),Zane Laubhan,934
County Coroner (REP),Robert Glassmire,5919
County Sheriff (DEM),Greg Demo,930
County Surveyor (DEM),Corey Diekman,919
Crowley County Assessor - REP,Doug England,580
Crowley County Clerk and Recorder - REP,"Melinda ""Mindy"" Carter",590
Crowley County Commissioner - District 1 - REP,Roy Elliott,544
Crowley County Sheriff - REP,Jonathan Mazzella,561
Crowley County Treasurer - REP,Holly McCuistion,568
Custer County Assessor - REP,J.D. Henrich,1078
Custer County Board of County Commissioners - District 1 - REP,Taylor LoPresti,986
Custer County Clerk and Recorder - REP,Kelley S. Camper,1085
Custer County Coroner - REP,Brad L. Baltzly,1022
Custer County Sheriff - REP,Lloyd Rich Smith,985
Custer County Treasurer - REP,Virginia Trujillo,1036
Delta County Assessor - REP,Jolene George,5336
Delta County Clerk and Recorder - REP,Rene D. Warner,5367
Delta County Commissioner - District 1 - DEM,Nathan Clay,2588
Delta County Commissioner - District 1 - REP,Matt Soper,5486
Delta County Coroner - DEM,Jill Deneau,2460
Delta County Coroner - REP,Lance B. Boren,5472
Delta County Sheriff - DEM,Demitri Stelter,2335
Delta County Sheriff - REP,Quinn Archibeque,4405
Delta County Sheriff - REP,Darel Reed,1002
Delta County Treasurer - REP,Brittany Kuhn,5337
Dolores County Commissioner District 1 - REP,Jerry Baxter,423
Dolores County Coroner - REP,Aaron Hankins,446
Dolores County Sheriff - REP,Krista M Schear,336
Dolores County Treasurer - REP,Taylor L. Funk,468
Douglas County Assessor (DEM),Kara Garr,41690
Douglas County Assessor (REP),Toby Damisch,44554
Douglas County Clerk and Recorder (DEM),Jim Oehler,41565
Douglas County Clerk and Recorder (REP),Sheri Davis,44798
Douglas County Commissioner - District 1 (DEM),Irene Bonham,41828
Douglas County Commissioner - District 1 (REP),Jake Bockenfeld,27315
Douglas County Commissioner - District 1 (REP),John Diak,21596
Douglas County Coroner (REP),Raeann Brown,44840
Douglas County Sheriff (REP),Darren M. Weekly,45987
Douglas County Surveyor (REP),Darrell E. Roberts,44699
Douglas County Treasurer (DEM),Dan Smith,41629
Douglas County Treasurer (REP),Tim Dietz,29262
Douglas County Treasurer (REP),Meghann Silverthorn,18539
Eagle County Assessor - DEM,Andie Noakes,5399
Eagle County Assessor - REP,Christopher Buono,2155
Eagle County Commissioner - District 3 - DEM,Kathleen Brendza,5579
Eagle County Commissioner - District 3 - REP,Wendy Sacks,2219
Eagle County Coroner - DEM,Claire Noble,5531
Eagle County Coroner - REP,"Christian ""Chris"" Ryan",2197
Eagle County Sheriff - DEM,Rebecca Anderson,3838
Eagle County Sheriff - DEM,Jason Boston,2676
Eagle County Sheriff - REP,James Van Beek,2339
Eagle County Treasurer - DEM,Teak Simonton,5715
Elbert County Assessor (REP),Susan Murphy,6005
Elbert County Clerk and Recorder (REP),Rhonda Braun,6101
Elbert County Commissioner - District 2 (REP),Ken Madsen,5018
Elbert County Commissioner - District 2 (REP),Dallas Schroeder,2107
Elbert County Coroner (DEM),Edmond Charles Hauser,1455
Elbert County Coroner (REP),Todd Pederson,6120
Elbert County Sheriff (REP),Timothy D. Norton,6222
Elbert County Surveyor (REP),Karl Szyszkoski,6034
Elbert County Treasurer (REP),Sheryl (Sherry) Hewlett,6088
El Paso County Assessor - DEM,David 'Muka' Traenkle,62196
El Paso County Assessor - REP,Becky Fuller,58436
El Paso County Assessor - REP,Raymond Garcia,20051
El Paso County Clerk and Recorder - DEM,Tracie Woods,63885
El Paso County Clerk and Recorder - REP,Steve Schleiker,76737
El Paso County Commissioner - District 1 - DEM,Gavin Rainey,13047
El Paso County Commissioner - District 1 - REP,Ryan Graham,15384
El Paso County Commissioner - District 1 - REP,Lindsay Moore,9027
El Paso County Commissioner - District 5 - DEM,Yolanda L. Avila,8719
El Paso County Commissioner - District 5 - DEM,Christian Seale,3744
El Paso County Commissioner - District 5 - REP,Lauren Nelson,6147
El Paso County Commissioner - District 5 - REP,Vickie Tonkins,3692
El Paso County Coroner - REP,Emily Russell-Kinsley,75033
El Paso County Sheriff - DEM,Mateo Montoya-Collis,62482
El Paso County Sheriff - REP,Joe Roybal,76353
El Paso County Treasurer - REP,Chuck Broerman,75984
Fremont County Assessor - REP,Stacey Seifert,7386
Fremont County Board of County Commissioners - District 2 - REP,Gregory Carlson,7479
Fremont County Clerk and Recorder - REP,Justin D Grantham,7608
Fremont County Coroner - REP,Randy V. Keller,7621
Fremont County Sheriff - REP,Greg Owen,5515
Fremont County Sheriff - REP,Derek Irvine,3062
Fremont County Treasurer - REP,Kathy Elliot,7468
Garfield County Assessor (REP),Jim Yellico,5891
Garfield County Sheriff (REP),Brent Baker,4998
Garfield County Sheriff (REP),Dan Loya,2396
Garfield County Treasurer (REP),Carrie Couey,5810
Gilpin County Assessor (REP),Kathleen Balfour,578
Gilpin County Sheriff (REP),Zach Meyer,583
Gilpin County Treasurer (REP),Brenda Diehl,579
Governor - DEM,Phil Weiser,429548
Governor - DEM,Michael Bennet,322878
Governor - DEM (Bent),Michael Bennet,236
Governor - DEM (Bent),Phil Weiser,88
Governor - DEM (Conejos),Michael Bennet,710
Governor - DEM (Conejos),Phil Weiser,400
Governor - DEM (Douglas),Phil Weiser,27538
Governor - DEM (Douglas),Michael Bennet,24180
Governor - DEM (Huerfano),Michael Bennet,728
Governor - DEM (Huerfano),Phil Weiser,492
Governor - DEM (Larimer),Phil Weiser,36695
Governor - DEM (Larimer),Michael Bennet,26822
Governor - DEM (Mesa),Phil Weiser,9919
Governor - DEM (Mesa),Michael Bennet,6924
Governor - DEM (Ouray),Phil Weiser,708
Governor - DEM (Ouray),Michael Bennet,581
Governor - REP,Victor Marx,172604
Governor - REP,Barb Kirkmeyer,166294
Governor - REP,Scott Bottoms,90228
Governor - REP,"Kelvin ""K-Man"" Wimberly",66
Governor - REP (Cheyenne),Barb Kirkmeyer,268
Governor - REP (Cheyenne),Victor Marx,195
Governor - REP (Cheyenne),Scott Bottoms,71
Governor - REP (Cheyenne),"Kelvin ""K-Man"" Wimberly",0
Governor - REP (Crowley),Victor Marx,353
Governor - REP (Crowley),Barb Kirkmeyer,149
Governor - REP (Crowley),Scott Bottoms,125
Governor - REP (Crowley),"Kelvin ""K-Man"" Wimberly",0
Governor - REP (Delta),Victor Marx,3366
Governor - REP (Delta),Barb Kirkmeyer,1690
Governor - REP (Delta),Scott Bottoms,1224
Governor - REP (Delta),"Kelvin ""K-Man"" Wimberly",1
Governor - REP (Denver),Barb Kirkmeyer,9085
Governor - REP (Denver),Victor Marx,5474
Governor - REP (Denver),Scott Bottoms,3323
Governor - REP (Denver),"Kelvin ""K-Man"" Wimberly",5
Governor - REP (Dolores),Victor Marx,217
Governor - REP (Dolores),Scott Bottoms,149
Governor - REP (Dolores),Barb Kirkmeyer,110
Governor - REP (Jefferson),Barb Kirkmeyer,24124
Governor - REP (Jefferson),Victor Marx,18975
Governor - REP (Jefferson),Scott Bottoms,9722
Governor - REP (Jefferson),"Kelvin ""K-Man"" Wimberly",14
Governor - REP (Jefferson),Write-In:,0
Governor - REP (Montrose),Victor Marx,3668
Governor - REP (Montrose),Barb Kirkmeyer,2082
Governor - REP (Montrose),Scott Bottoms,1862
Governor - REP (Montrose),"Kelvin ""K-Man"" Wimberly",0
Governor - REP (Otero),Victor Marx,1241
Governor - REP (Otero),Barb Kirkmeyer,645
Governor - REP (Otero),Scott Bottoms,554
Governor - REP (Teller),Victor Marx,2343
Governor - REP (Teller),Barb Kirkmeyer,1504
Governor - REP (Teller),Scott Bottoms,1234
Governor - REP (Teller),"Kelvin ""K-Man"" Wimberly",0
Governor - UNI,Jeff Peckman,146
Governor - UNI,Paul Noel Fiorino,126
Grand County Assessor (REP),Christine Murphy,1759
Grand County Coroner (REP),Tawnya Bailey,1775
Grand County Sheriff (REP),Brett D. Schroetlin,1798
Grand County Treasurer (REP),Marcy Wheatley,1777
Gunnison County Assessor - DEM,Alexandra Cohen,2200
Gunnison County Clerk and Recorder - DEM,Kathy Simillion,2608
Gunnison County Commissioner District 3 - DEM,Laura Puckett Daniels,2612
Gunnison County Coroner - DEM,Michael Barnes,2325
Hinsdale County Assessor - REP,Allison Waddington,140
Hinsdale County Clerk and Recorder - REP,Joan Roberts,165
Hinsdale County Commissioner District 2 - REP,Kristine M Borchers,121
Hinsdale County Sheriff - REP,Jordan Kaminski,128
Hinsdale County Treasurer - REP,Lori Hanko,148
Huerfano County Assessor - DEM,Elisha Meadows,1018
Huerfano County Commissioner - District 3 - REP,Karl Sporleder,917
Huerfano County Sheriff - DEM,Bruce Newman,962
Huerfano County Sheriff - REP,Jim Chamberlain,698
Huerfano County Sheriff - REP,Will Everhart,292
Jackson County Assessor - REP,Cheryl Corkle,362
Jackson County Clerk and Recorder - REP,Jo McQueary,307
Jackson County Clerk and Recorder - REP,Shelly Juranek,223
Jackson County Commissioner 1 - REP,John Lathrop,371
Jackson County Commissioner 1 - REP,Matt Shuler,164
Jackson County Coroner - REP,George E. Crocket,371
Jackson County Coroner - REP,Monica Love,160
Jackson County Sheriff - REP,Andy Collins,250
Jackson County Sheriff - REP,John Symonds,245
Jackson County Surveyor - REP,Randall R. Miller,413
Jackson County Treasurer - REP,Ekho Wyatt,417
Jefferson County Assessor - DEM,Andy Kerr,54130
Jefferson County Assessor - DEM,Sue Flageolle,44354
Jefferson County Assessor - REP,Vera King,42880
Jefferson County Clerk and Recorder - DEM,Nicole Hensel,87618
Jefferson County Clerk and Recorder - REP,Paul Poston,42945
Jefferson County Commissioner - District 3 - DEM,Lisa A. Cutter,87799
Jefferson County Commissioner - District 3 - REP,Stephanie VandenBerg,43286
Jefferson County Coroner - DEM,Nick Lobello,87316
Jefferson County Coroner - REP,Allison Harmon,43088
Jefferson County Sheriff - DEM,"Regina ""Reggie"" Marinelli",87567
Jefferson County Sheriff - REP,Weston Imer,43091
Jefferson County Surveyor - REP,Robert Hennessy,43244
Jefferson County Treasurer - DEM,Eric Proctor,86963
Jefferson County Treasurer - REP,Bob Szulczewski,43004
Kiowa County Assessor - REP,Marci Miller,380
Kiowa County Clerk and Recorder - REP,Adrienne Yates,375
Kiowa County Commissioner - District 2 - REP,Howard Robertson,334
Kiowa County Coroner - REP,Jimmy Brown,371
Kiowa County Sheriff - REP,Bryan Williams,296
Kiowa County Sheriff - REP,Joshua Robertson,157
Kiowa County Treasurer - REP,Diana Flory,367
Kit Carson County Assessor - DEM,Abbey Mullis,234
Kit Carson County Assessor - REP,Alexandra Navarro,1144
Kit Carson County Clerk and Recorder - REP,Susan Corliss,1381
Kit Carson County Commissioner - District 2 - REP,Cory Wall,1339
Kit Carson County Coroner - REP,Randy B. Gorton,1418
Kit Carson County Sheriff - REP,Travis Belden,1381
Kit Carson County Treasurer - REP,Pamela J. Mills,1394
Lake County Clerk and Recorder - DEM,Andy Higby,805
Lake County Clerk and Recorder - REP,Tina Tekansik,387
Lake County Commissioner District 1 - DEM,Nathan A Dye,808
Lake County Commissioner District 1 - REP,Matthew Main,419
Lake County Coroner - DEM,Jeffery Edmonds,709
Lake County Coroner - DEM,Alexander Krieg,323
Lake County Sheriff - REP,Heath Speckman,342
Lake County Sheriff - REP,Michael Romero,118
Lake County Treasurer - DEM,Padraic D. Smith,892
La Plata County Assessor - DEM,Carrie Woodson,7901
La Plata County Commissioner District 1 - DEM,Elizabeth Philbrick,8530
La Plata County Coroner - DEM,Trever Nyx,7803
La Plata County Coroner - REP,Cathy Lynn Seibel,4242
La Plata County Sheriff - DEM,Sean Smith,7940
La Plata County Surveyor - REP,Daryl Z Crites,4203
La Plata County Treasurer - DEM,Miles Walsh,7709
Larimer County Assessor - DEM,Bob Overbeck,48958
Larimer County Assessor - REP,Patrick Edwards,27529
Larimer County Clerk and Recorder - DEM,Kenneth Forsythe,48565
Larimer County Clerk and Recorder - REP,Tina Harris,28786
Larimer County Commissioner - District 1 - DEM,Shane Atkinson,49477
Larimer County Commissioner - District 1 - REP,Marc Roberson,28243
Larimer County Coroner - DEM,Stephen Hanks,46964
Larimer County Sheriff - REP,John J. Feyen,28024
Larimer County Surveyor - REP,Tom Donnelly,27678
Larimer County Treasurer - DEM,Joann Ginal,33184
Larimer County Treasurer - DEM,Conor M. Duffy,23684
Larimer County Treasurer - REP,Steve Olson,27726
Las Animas County Assessor - REP,Jodi M. Amato,1535
Las Animas County Clerk and Recorder - DEM,Joseph Mestas,1780
Las Animas County Clerk and Recorder - REP,Karrie L. Apple,1609
Las Animas County Commissioner District 3 - DEM,Jim D Montoya,1074
Las Animas County Commissioner District 3 - DEM,Phillip Rico,1067
Las Animas County Commissioner District 3 - REP,Brad Doherty,1539
Las Animas County Coroner - DEM,Leigh Elliott-Lopez,1727
Las Animas County Coroner - REP,"Dominic ""Junie"" Verquer",1422
Las Animas County Sheriff - DEM,Derek J. Navarette,1757
Las Animas County Sheriff - REP,John Johnson,1429
Las Animas County Treasurer - DEM,Sarah A. Martinez,1834
Las Animas County Treasurer - REP,Luis A. Lopez II,1426
Lincoln County Assessor - REP,Jeremiah Higgins,846
Lincoln County Clerk and Recorder - REP,Corinne M. Lengel,909
Lincoln County Commissioner - District 1 - REP,Wayne E. Ewing,678
Lincoln County Commissioner - District 1 - REP,Rex Rhule,272
Lincoln County Commissioner - District 1 - REP,Dan Brent,123
Lincoln County Coroner - REP,Andrew S. Lorensen,883
Lincoln County Sheriff - REP,Michael L. Yowell,951
Lincoln County Treasurer - REP,Ashley D. Erwin,908
Logan County Assessor - REP,Peggy Michaels,3111
Logan County Clerk and Recorder - REP,Pam Bacon,3164
Logan County Commissioner - District 3 - REP,Jim Santomaso,3194
Logan County Sheriff - REP,Jeremy Leisure,3057
Logan County Treasurer - REP,Patty Bartlett,3136
Mesa County Assessor - REP,Brent Goff,21355
Mesa County Clerk and Recorder - REP,Bobbie Gross,17607
Mesa County Clerk and Recorder - REP,Abby Silzell,7971
Mesa County Commissioner - District 2 - REP,Bobbie Daniel,22307
Mesa County Coroner - REP,Dean Havlik,21771
Mesa County Sheriff - REP,Ross Young,21611
Mesa County Surveyor - REP,Jon Kobylarz,21233
Mesa County Treasurer - DEM,Dave Edwards,13059
Mesa County Treasurer - REP,Greg Haitz,21378
Mineral County Assessor - REP,Hendrik Shullts,170
Mineral County Clerk and Recorder - REP,Eryn K Wintz ,172
Mineral County Commissioner - District 1 - DEM,R. Scott Lamb,167
Mineral County Coroner - DEM,Jimmy K Adelman,156
Moffat County Assessor - REP,Camie Herod,2027
Moffat County Clerk and Recorder - REP,Stacy Morgan,2105
Moffat County Commissioner District 3 - REP,Steve Maneotis,1401
Moffat County Commissioner District 3 - REP,Doug Winters,1091
Moffat County Coroner - REP,Jesse Arthurs,2157
Moffat County Sheriff - REP,Chip Dio McIntyre,2068
Moffat County Surveyor - REP,Michael Fraher,2042
Moffat County Surveyor - REP,Bill W.A. Baker,8
Moffat County Treasurer - REP,Amy Wilson,2078
Montezuma County Clerk and Recorder - REP,Jerri Frizzell,3140
Montezuma County Clerk and Recorder - REP,Lenetta Shull,1382
Montezuma County Commissioner District 1 - DEM,Rebecca Busic,2521
Montezuma County Commissioner District 1 - REP,Rodney Cox,2588
Montezuma County Commissioner District 1 - REP,Bonnie Anderson,1366
Montezuma County Commissioner District 1 - REP,Diane Fox-Spratlen,752
Montezuma County Coroner - REP,George Deavers,4079
Montezuma County Sheriff - REP,Tyson Cox,3933
Montezuma County Treasurer - REP,Ellen Black,3930
Montrose County Assessor - REP,Brad Hughes,6393
Montrose County Clerk and Recorder - REP,Tressa Guynes,6645
Montrose County Commissioner - District 2 - REP,Caryn Webb Gibson,6391
Montrose County Commissioner - District 3 - REP,Ed Lafferty,6342
Montrose County Coroner - REP,Shaye Schottel,6436
Montrose County Sheriff - REP,Gene R. Lillard,6665
Montrose County Surveyor - REP,James Pierce Jr.,6292
Montrose County Treasurer - REP,Rosemary Murphy,6597
Morgan County Assessor - REP,Tim Amen,3141
Morgan County Clerk and Recorder - REP,Kevin Strauch,3305
Morgan County Commissioner District 2 - REP,Robert W Pennington,3064
Morgan County Coroner - REP,Mike Dahl,3240
Morgan County Sheriff - REP,Dave (David) D. Martin,3240
Morgan County Treasurer - REP,Kirstin M Watson,3121
Otero County Assessor (REP),Ken R Hood,2183
Otero County Coroner (REP),Robert M Fowler,2297
Otero County Sheriff (REP),Brian Lovato,2102
Otero County Treasurer (REP),Shawna Frankmore,2092
Ouray County Commissioner - District 2 - DEM,Glynn Williams,941
Park County Assessor - DEM,Natessia Leverington,1859
Park County Assessor - REP,Monica Jones,1922
Park County Assessor - REP,Cyndy Weld,1244
Park County Clerk and Recorder - DEM,Tali Thomason,1884
Park County Clerk and Recorder - REP,"Milena ""Mel"" Kassel",2899
Park County Commissioner District 3 - DEM,Truman Esmond,1910
Park County Commissioner District 3 - REP,Tyrene Cook,1752
Park County Commissioner District 3 - REP,Wallie Weld,1558
Park County Coroner - DEM,Rob Shearer,1857
Park County Coroner - REP,David E Kintz Jr,2939
Park County Sheriff - DEM,Mark Noel,1867
Park County Sheriff - REP,Steve Spodyak,2226
Park County Sheriff - REP,Ahmet Susic,1232
Park County Surveyor - REP,Jack Kirby,2833
Park County Treasurer - DEM,Jim Stockbridge,1872
Park County Treasurer - REP,Amy Flint,2867
Phillips County Assessor - REP,Douglas D. Kamery,930
Phillips County Commissioner - District 1 - REP,Terry L. Hofmeister,910
Phillips County Sheriff - REP,David Romero Jr.,581
Phillips County Sheriff - REP,Michael Beard,470
Phillips County Treasurer - REP,Steve D. Young,885
Pitkin County Commissioner - District 1,John Doyle,1930
Pitkin County Commissioner - District 1,Rob Ittner,1854
Pitkin County Commissioner - District 1,Torre,965
Prowers County Assessor - REP,Wylee Wollert,1422
Prowers County Clerk and Recorder - REP,Jana Coen,1467
Prowers County Commissioner - District 2 - REP,Ron Cook,1349
Prowers County Coroner - REP,Anthony Letteer,1306
Prowers County Sheriff - REP,Samuel C. Zordel,1347
Prowers County Treasurer - REP,Abbie Campbell,1431
Pueblo County Assessor - DEM,Naseem Zubi,19040
Pueblo County Assessor - REP,Tammi Pando,13298
Pueblo County Clerk and Recorder - DEM,Candace Rivera,20294
Pueblo County Clerk and Recorder - REP,Mary Vieth,13210
Pueblo County Commissioner - District 3 - DEM,Angela Giron,19621
Pueblo County Commissioner - District 3 - REP,Zach Swearingen,13679
Pueblo County Coroner - DEM,Zolanye McCulley-Bachicha,20185
Pueblo County Coroner - REP,Gregory Grahek,13416
Pueblo County Sheriff - DEM,Allen Medina,11930
Pueblo County Sheriff - DEM,David J. Lucero,10500
Pueblo County Surveyor - DEM,Randy Reeves,19676
Pueblo County Treasurer - DEM,Kim Archuletta,20119
Pueblo County Treasurer - REP,Jonathan Ambler,13291
Regent of the University of Colorado - Congressional District 2 - DEM,Edie Hooton,49301
Regent of the University of Colorado - Congressional District 2 - DEM,Murray Smith,37843
Regent of the University of Colorado - Congressional District 2 - DEM,Kubs Lalchandani,35661
Regent of the University of Colorado - Congressional District 2 - DEM (Routt),Edie Hooton,1255
Regent of the University of Colorado - Congressional District 2 - DEM (Routt),Murray Smith,948
Regent of the University of Colorado - Congressional District 2 - DEM (Routt),Kubs Lalchandani,778
Regent of the University of Colorado - Congressional District 2 - REP,Marty Neilson,33888
Regent of the University of Colorado - Congressional District 6 - DEM,Ilana Spiegel,86948
Regent of the University of Colorado - Congressional District 6 - REP,Veanessa Burbage,39367
Regent of the University of Colorado - Congressional District 7 - DEM,Nolbert Chavez,104211
Regent of the University of Colorado - Congressional District 7 - REP,Paul Mueller,35267
Regent of the University of Colorado - Congressional District 7 - REP,Joan Poston,22751
Regent of the University of Colorado - Congressional District 7 - REP (Chaffee),Paul Mueller,1386
Regent of the University of Colorado - Congressional District 7 - REP (Chaffee),Joan Poston,717
Regent of the University of Colorado - Congressional District 7 - REP (Custer),Paul Mueller,605
Regent of the University of Colorado - Congressional District 7 - REP (Custer),Joan Poston,416
Representative to the 120th United States Congress - District 1 - DEM,Melat Kiros,83855
Representative to the 120th United States Congress - District 1 - DEM,Diana DeGette,62715
Representative to the 120th United States Congress - District 1 - DEM,Wanda James,11075
Representative to the 120th United States Congress - District 1 - REP,Christy Peterson,15010
Representative to the 120th United States Congress - District 2 - DEM,Joe Neguse,136146
Representative to the 120th United States Congress - District 2 - REP,Kelley Anne Dennison,13659
Representative to the 120th United States Congress - District 2 - REP,Christina Blunt (Ducommun),10627
Representative to the 120th United States Congress - District 2 - REP (Boulder),Kelley Anne Dennison,7475
Representative to the 120th United States Congress - District 2 - REP (Boulder),Christina Blunt (Ducommun),4754
Representative to the 120th United States Congress - District 2 - REP (Clear Creek),Kelley Anne Dennison,450
Representative to the 120th United States Congress - District 2 - REP (Clear Creek),Christina Blunt (Ducommun),285
Representative to the 120th United States Congress - District 3 - DEM,Dwayne L. Romero,39655
Representative to the 120th United States Congress - District 3 - DEM,Alex Kelloff,32830
Representative to the 120th United States Congress - District 3 - DEM (La Plata),Dwayne L. Romero,5357
Representative to the 120th United States Congress - District 3 - DEM (La Plata),Alex Kelloff,4422
Representative to the 120th United States Congress - District 3 - DEM (Las Animas),Dwayne L. Romero,1202
Representative to the 120th United States Congress - District 3 - DEM (Las Animas),Alex Kelloff,797
Representative to the 120th United States Congress - District 3 - DEM (Otero),Dwayne L. Romero,989
Representative to the 120th United States Congress - District 3 - DEM (Otero),Alex Kelloff,530
Representative to the 120th United States Congress - District 3 - DEM (San Miguel),Alex Kelloff,739
Representative to the 120th United States Congress - District 3 - DEM (San Miguel),Dwayne L. Romero,589
Representative to the 120th United States Congress - District 3 - REP,Jeff Hurd,56076
Representative to the 120th United States Congress - District 3 - REP,Ron Hanks,28294
Representative to the 120th United States Congress - District 3 - REP (Costilla),Jeff Hurd,199
Representative to the 120th United States Congress - District 3 - REP (Costilla),Ron Hanks,120
Representative to the 120th United States Congress - District 3 - REP (Gunnison),Jeff Hurd,807
Representative to the 120th United States Congress - District 3 - REP (Gunnison),Ron Hanks,446
Representative to the 120th United States Congress - District 3 - REP (Hinsdale),Jeff Hurd,103
Representative to the 120th United States Congress - District 3 - REP (Hinsdale),Ron Hanks,81
Representative to the 120th United States Congress - District 3 - REP (La Plata),Jeff Hurd,3564
Representative to the 120th United States Congress - District 3 - REP (La Plata),Ron Hanks,1825
Representative to the 120th United States Congress - District 3 - REP (Mineral),Jeff Hurd,112
Representative to the 120th United States Congress - District 3 - REP (Mineral),Ron Hanks,68
Representative to the 120th United States Congress - District 3 - REP (Ouray),Jeff Hurd,428
Representative to the 120th United States Congress - District 3 - REP (Ouray),Ron Hanks,283
Representative to the 120th United States Congress - District 3 - REP (Pitkin),Jeff Hurd,586
Representative to the 120th United States Congress - District 3 - REP (Pitkin),Ron Hanks,232
Representative to the 120th United States Congress - District 3 - REP (Saguache),Jeff Hurd,360
Representative to the 120th United States Congress - District 3 - REP (Saguache),Ron Hanks,209
Representative to the 120th United States Congress - District 3 - REP (San Miguel),Jeff Hurd,231
Representative to the 120th United States Congress - District 3 - REP (San Miguel),Ron Hanks,121
Representative to the 120th United States Congress - District 4 - DEM,Eileen Laubacher,72483
Representative to the 120th United States Congress - District 4 - DEM,Jenna Preston,249
Representative to the 120th United States Congress - District 4 - REP,Lauren Boebert,92651
Representative to the 120th United States Congress - District 5 - DEM,Jessica Killin,45511
Representative to the 120th United States Congress - District 5 - DEM,Joe Reagan,28864
Representative to the 120th United States Congress - District 5 - REP,Jeff Crank,76547
Representative to the 120th United States Congress - District 6 - DEM,Jason Crow,94207
Representative to the 120th United States Congress - District 6 - REP,Mel Tewahade,38437
Representative to the 120th United States Congress - District 7 - DEM,Brittany Pettersen,113707
Representative to the 120th United States Congress - District 7 - REP,Tim Bennett,58805
Representative to the 120th United States Congress - District 8 - DEM,Manny Rutinel,50435
Representative to the 120th United States Congress - District 8 - DEM,Shannon Bird,26122
Representative to the 120th United States Congress - District 8 - DEM,Evan Munsing,3717
Representative to the 120th United States Congress - District 8 - REP,Gabe Evans,48012
Rio Blanco County Clerk and Recorder - REP,Shawn M Luce,1720
Rio Blanco County Commissioner District 1 - REP,Travis Day,1275
Rio Blanco County Commissioner District 1 - REP,Richard Ford,797
Rio Blanco County Coroner - REP,Laura L. Smith,1671
Rio Blanco County Sheriff - REP,Travis Mobley,1796
Rio Blanco County Sheriff - REP,Jim D Amick,333
Rio Blanco County Surveyor - REP,Jonathan Leif Joy,1715
Rio Blanco County Treasurer - REP,Rebecca Balboa,1600
Rio Grande County Assessor - REP,J. J. Mondragon,1656
Rio Grande County Clerk and Recorder - REP,Cindy Hill,1642
Rio Grande County Commissioner District 2 - REP,Tyler Ratzlaff,1076
Rio Grande County Commissioner District 2 - REP,Kurt Holland,754
Rio Grande County Coroner - REP,Stephen Hunzeker,1654
Rio Grande County Sheriff - DEM,Gilbert Eloy Atencio,897
Rio Grande County Sheriff - REP,Anne M. Robinson,1290
Rio Grande County Sheriff - REP,Patrick Martinez,557
Routt County Commissioner - District 3 - DEM,Sonja Macys,3786
Routt County Sheriff - DEM,Doug Scherar,3232
Saguache County Assessor - DEM,Peter Peterson,738
Saguache County Clerk and Recorder - REP,Trish Gilbert,511
Saguache County Commissioner District 3 - DEM,Liza Marron,741
Saguache County Commissioner District 3 - DEM,Tim N. Lovato,277
Saguache County Commissioner District 3 - REP,Jeff Phillips,493
Saguache County Coroner - REP,Tania Sanchez,475
Saguache County Sheriff - REP,Dan Warwick,494
Saguache County Treasurer - REP,Regina Swartz,505
San Miguel County Clerk and Recorder - DEM,Michael Wyszynski,1265
San Miguel County Commissioner District 2 - DEM,Paul Reich,1148
San Miguel County Coroner - DEM,Emil Sante,1240
San Miguel County Sheriff - DEM,Lane Keith Masters,1071
San Miguel County Surveyor - DEM,J. David Foley,1178
San Miguel County Treasurer - DEM,Brandi R. Hatfield,1118
Secretary of State - DEM,Amanda Gonzalez,505543
Secretary of State - DEM,Jessie Danielson,277393
Secretary of State - DEM (Chaffee),Amanda Gonzalez,2584
Secretary of State - DEM (Chaffee),Jessie Danielson,1559
Secretary of State - DEM (Clear Creek),Amanda Gonzalez,978
Secretary of State - DEM (Clear Creek),Jessie Danielson,570
Secretary of State - DEM (Delta),Amanda Gonzalez,1863
Secretary of State - DEM (Delta),Jessie Danielson,1117
Secretary of State - DEM (Fremont),Amanda Gonzalez,2462
Secretary of State - DEM (Fremont),Jessie Danielson,1348
Secretary of State - DEM (Garfield),Amanda Gonzalez,3537
Secretary of State - DEM (Garfield),Jessie Danielson,2484
Secretary of State - DEM (Grand),Amanda Gonzalez,1280
Secretary of State - DEM (Grand),Jessie Danielson,823
Secretary of State - DEM (Gunnison),Amanda Gonzalez,1627
Secretary of State - DEM (Gunnison),Jessie Danielson,1149
Secretary of State - DEM (Montrose),Amanda Gonzalez,2558
Secretary of State - DEM (Montrose),Jessie Danielson,1533
Secretary of State - DEM (Park),Amanda Gonzalez,1354
Secretary of State - DEM (Park),Jessie Danielson,798
Secretary of State - DEM (Pitkin),Amanda Gonzalez,1743
Secretary of State - DEM (Pitkin),Jessie Danielson,1429
Secretary of State - DEM (Saguache),Amanda Gonzalez,618
Secretary of State - DEM (Saguache),Jessie Danielson,329
Secretary of State - DEM (Summit),Amanda Gonzalez,2478
Secretary of State - DEM (Summit),Jessie Danielson,1842
Secretary of State - DEM (Teller),Amanda Gonzalez,1601
Secretary of State - DEM (Teller),Jessie Danielson,939
Secretary of State - LBR,Alex Astley,2203
Secretary of State - LBR,Sean Vadney,1357
Secretary of State - REP,James Wiley,445558
Sedgwick County Assessor - REP,Elmer Ruder,528
Sedgwick County Commissioner - District 1 - REP,Randy R Renquist,475
Sedgwick County Coroner - REP,Tasha L Harris,558
Sedgwick County Sheriff - REP,Koby Quayle,489
Sedgwick County Sheriff - REP,Kim Zion,176
Sedgwick County Treasurer - REP,Lori L Ehmke,595
State Board of Education Member - Congressional District 1 - DEM,Lisa Escarcega,124451
State Board of Education Member - Congressional District 1 - REP,Frederick Espinoza,14899
State Board of Education Member - Congressional District 3 - DEM,Barb Clementi,73280
State Board of Education Member - Congressional District 3 - REP,Sherri M Wright,77654
State Board of Education Member - Congressional District 7 - DEM,Karla Esser,104867
State Board of Education Member - Congressional District 7 - REP,Steve Barton,49678
State Board of Education Member - Congressional District 7 - REP,Nick Morris,10264
State Representative - District 10 - DEM,Junie Joseph,14385
State Representative - District 11 - DEM,Karen McCormick,15480
State Representative - District 12 - DEM,Kyle Brown,19596
State Representative - District 12 - REP,Ryan Rhatigan,2999
State Representative - District 13 - DEM,Consuelo Redhorse,7217
State Representative - District 13 - DEM,Chris Floyd,7046
State Representative - District 13 - REP,Miguel Martinez,7959
State Representative - District 14 - DEM,Sarah Emery,10317
State Representative - District 14 - REP,Ava Flanell,11007
State Representative - District 14 - REP,Troy Vanderhule,4001
State Representative - District 15 - DEM,Jeff K. Livingston,7481
State Representative - District 15 - REP,Pricella Tiegen,8359
State Representative - District 16 - DEM,Steph Vigil,9541
State Representative - District 16 - REP,Jill Haffley,5126
State Representative - District 16 - REP,Jamie Koch,2830
State Representative - District 17 - DEM,Regina English,3701
State Representative - District 17 - DEM,Chauncy Johnson,2232
State Representative - District 17 - REP,Laura Martin,2982
State Representative - District 18 - DEM,Amy T Paschal,10954
State Representative - District 18 - REP,Adriana Cuva,7888
State Representative - District 19 - DEM,Jillaire McMillan,3271
State Representative - District 19 - DEM,Anil Pesaramelli,2631
State Representative - District 19 - DEM,Colton Jonjak Plahn,1100
State Representative - District 19 - DEM (Weld),Jillaire McMillan,4443
State Representative - District 19 - DEM (Weld),Anil Pesaramelli,2782
State Representative - District 19 - DEM (Weld),Colton Jonjak Plahn,1565
State Representative - District 19 - REP,Dan Woog,7709
State Representative - District 1 - DEM,Javier Mabrey,10908
State Representative - District 1 - REP,Joseph Montoya,2963
State Representative - District 20 - REP,Jarvis Caldwell,16169
State Representative - District 21 - DEM,Michelle Tweed,4735
State Representative - District 21 - REP,Brenda Miller,4107
State Representative - District 21 - REP,Alexander M. Africa,1420
State Representative - District 22 - DEM,Michael Pierson,8003
State Representative - District 22 - REP,Ken deGraaf,9970
State Representative - District 23 - DEM,Alexis Hoffkling,13881
State Representative - District 24 - DEM,Lisa Feret,14250
State Representative - District 24 - REP,Kristopher Johnson,7095
State Representative - District 25 - DEM,Tammy Story,14252
State Representative - District 25 - REP,Mark Herzfeld,8948
State Representative - District 26 - DEM,Meghan Lukens,9602
State Representative - District 26 - REP,James Kellogg,6458
State Representative - District 27 - DEM,Danielle Varda,14042
State Representative - District 27 - REP,Eric Bodenstab,6556
State Representative - District 28 - DEM,David Rein,11962
State Representative - District 29 - DEM,Lori Goldstein,13548
State Representative - District 29 - REP,Kristine Ireland,5836
State Representative - District 2 (DEM),Scott Baldermann,18916
State Representative - District 2 (REP),Carey Marin,2730
State Representative - District 30 - DEM,Rebekah Stewart,11739
State Representative - District 30 - REP,William Tyler Switzer,4234
State Representative - District 31 - DEM,Gabriel Cervantes,4892
State Representative - District 31 - DEM,"Jacqueline ""Jacque"" Phillips",4089
State Representative - District 31 - REP,Ray Roll,3266
State Representative - District 32 - DEM,Chris VanDijk,7380
State Representative - District 32 - REP,Michelle D. Lee,2265
State Representative - District 32 - REP,Damon L Scordo,1186
State Representative - District 33 - DEM,Heidi Henkel,1461
State Representative - District 33 - DEM,Kenny Van Nguyen,1395
State Representative - District 33 - DEM (Broomfield),Kenny Van Nguyen,8866
State Representative - District 33 - DEM (Broomfield),Heidi Henkel,7195
State Representative - District 33 - REP,Nate Jorgensen,6952
State Representative - District 34 - DEM,Jenny Willford,10454
State Representative - District 34 - REP,Craig Sullivan,5430
State Representative - District 35 - DEM,Lorena Garcia,8582
State Representative - District 36 - DEM,Michael Carter,8478
State Representative - District 36 - REP,Paul E. Nelson,2795
State Representative - District 37 - DEM,Chad Clifford,11980
State Representative - District 37 - REP,Jill Thompson,6094
State Representative - District 38 - DEM,Gretchen Rydin,14182
State Representative - District 39 (DEM),Christian Schilder,10758
State Representative - District 39 (REP),Brandi Bradley,12338
State Representative - District 3 - DEM,Gena Ozols,11775
State Representative - District 3 - REP,Rebecca Winegar,3386
State Representative - District 40 - DEM,Naquetta Ricks,10869
State Representative - District 40 - REP,Clinton Porter,4489
State Representative - District 41 - DEM,Jamie Jackson,6549
State Representative - District 41 - DEM,Anne Keke,5479
State Representative - District 42 - DEM,Sarah Amelia Woodson,4825
State Representative - District 42 - DEM,Mandy Lindsay,2422
State Representative - District 43 (DEM),"Robert ""Bob"" Marshall",12041
State Representative - District 43 (REP),Nate Marsh,9020
State Representative - District 44 (DEM),Richard Bowness,8523
State Representative - District 44 (REP),Anthony Hartsook,6081
State Representative - District 44 (REP),Bob Davis,4541
State Representative - District 45 (DEM),Michael Clarkson,9682
State Representative - District 45 (REP),Max Brooks,12578
State Representative - District 46 - DEM,Tisha Mauro,11521
State Representative - District 46 - REP,Jonathan Post,6917
State Representative - District 47 - DEM,Vic Meyers,7113
State Representative - District 47 - REP,Ty Winter,11370
State Representative - District 48 - DEM,Dez Packard,6342
State Representative - District 48 - REP,Carlos Barron,7862
State Representative - District 49 - DEM,Lesley Smith,16866
State Representative - District 49 - REP,Michael Sheperek,6300
State Representative - District 4 (DEM),Cecelia Espenoza,15021
State Representative - District 4 (REP),Ellwood Ervin,1345
State Representative - District 50 - DEM,Tommy Butler,4316
State Representative - District 50 - REP,Ryan Gonzalez,3319
State Representative - District 51 - DEM,Jacki Marsh,11691
State Representative - District 51 - REP,Amy Parks,7255
State Representative - District 51 - REP,Nancy Rumfelt,4096
State Representative - District 52 - DEM,Yara Zokaie,14271
State Representative - District 53 - DEM,Andy Boesenecker,12243
State Representative - District 53 - REP,Daniel Frick,2691
State Representative - District 54 - DEM,Mallory Martin,6485
State Representative - District 54 - REP,Jason Bias,8644
State Representative - District 54 - REP,Nina Anderson,8106
State Representative - District 55 - DEM,Brittni Packard,8418
State Representative - District 55 - REP,Rick Taggart,11564
State Representative - District 56 - REP,Chris Richardson,16454
State Representative - District 57 - DEM,Elizabeth Velasco,9604
State Representative - District 57 - REP,Russ Andrews,6754
State Representative - District 58 - DEM,Susannah Smith,9145
State Representative - District 58 - REP,Larry Don Suckla,11607
State Representative - District 59 - DEM,Katie Stewart,12027
State Representative - District 59 - REP,Naomi Riess,8903
State Representative - District 5 (DEM),Justine Sandoval,11994
State Representative - District 5 (DEM),Sterling Thomas Simms,3623
State Representative - District 5 (REP),Johnnie W. Johnson,1030
State Representative - District 60 - DEM,Kathryn Kester Green,7739
State Representative - District 60 - REP,Matt Alexander,8700
State Representative - District 60 - REP,Michelle Gray,8448
State Representative - District 61 - DEM,Eliza Hamrick,11708
State Representative - District 61 - REP,Scott Shamblin,7417
State Representative - District 62 - DEM,Matthew Martinez,9832
State Representative - District 62 - REP,Steven Rodriguez,6176
State Representative - District 62 - REP,Evans Gonzalez,52
State Representative - District 63 - REP,Dusty Johnson,14056
State Representative - District 64 - DEM,Maureen (Mo) Dower,8462
State Representative - District 64 - REP,Scott L. Slaugh,10846
State Representative - District 65 - REP,Lori Garcia Sander,11449
State Representative - District 6 (DEM),Iris Halpern,12420
State Representative - District 6 (DEM),Sean Camacho,10123
State Representative - District 6 (REP),Kathleen Angel,1431
State Representative - District 7 (DEM),Jennifer Bacon,9888
State Representative - District 8 (DEM),Lindsay Gilchrist,20449
State Representative - District 8 (REP),Carolyn Barnes,1036
State Representative - District 9 - DEM,Monica VanBuskirk,9572
State Representative - District 9 - DEM,Neal Walia,6670
State Representative - District 9 - REP,Tom Cowhick,2479
State Senator - District 11 - DEM,Tony Exum Sr,11519
State Senator - District 11 - REP,Levon Stilson,7739
State Senator - District 15 - DEM,Janice Marchman,22952
State Senator - District 15 - REP,Rob Woodward,16655
State Senator - District 17 - DEM,Katie Wallace,31454
State Senator - District 17 - REP,Pat Miller,8426
State Senator - District 1 - DEM,Jamie Jeffery,8930
State Senator - District 1 - REP,Byron Pelton,23402
State Senator - District 20 - DEM,Sheila Lieder,25585
State Senator - District 20 - REP,Richard (Rich) Mancuso,13792
State Senator - District 21 - DEM,Adrienne Benavidez,233
State Senator - District 21 - DEM,Alex Ryckman,152
State Senator - District 21 - DEM (Adams),Adrienne Benavidez,10550
State Senator - District 21 - DEM (Adams),Alex Ryckman,5907
State Senator - District 21 - REP,Frederick Alfred Jr,7839
State Senator - District 22 - DEM,Monica Irasema Duran,23454
State Senator - District 22 - REP,Steve Harkess,7890
State Senator - District 24 - DEM,Kyle Mullica,17928
State Senator - District 24 - REP,Kevin Allen,9500
State Senator - District 25 - DEM,William Lindstedt,25171
State Senator - District 25 - REP,Rich Guggenheim,10387
State Senator - District 27 - DEM,Tom Sullivan,21199
State Senator - District 27 - REP,Danielle Lammon,6650
State Senator - District 27 - REP,Darryl Gibbs,6261
State Senator - District 29 - DEM,Iman M. Jodeh,18117
State Senator - District 29 - REP,Robert McKenna,6341
State Senator - District 30 (DEM),Kevin Leung,21989
State Senator - District 30 (REP),John Carson,18744
State Senator - District 31 (DEM),Matt Ball,35419
State Senator - District 31 (REP),Michael F. DiManna,3411
State Senator - District 32 - DEM,Emily Sirota,25701
State Senator - District 32 - REP,Sydnnia Wulff,4413
State Senator - District 34 (DEM),Chela Garcia Irlando,22015
State Senator - District 34 (DEM),Andres Carrera,9754
State Senator - District 34 (REP),Jack Daus,2278
State Senator - District 35 - DEM,Duane L Gurule,11669
State Senator - District 35 - REP,Rod Pelton,29601
State Senator - District 3 - DEM,Aaron Gutierrez,12445
State Senator - District 3 - DEM,Taylor Voss,9740
State Senator - District 3 - REP,Dana Charles,13424
State Senator - District 4 - DEM,Justin Kurth,18958
State Senator - District 4 - REP,Teddy Collins,25664
State Senator - District 7 - REP,Janice Rich,23597
State Senator - District 8 - DEM,Dylan Roberts,17993
State Senator - District 8 - REP,Corey Marshall,11794
State Senator - District 9 - DEM,William Delano Moses III,17270
State Senator - District 9 - REP,Terri Carver,18163
State Senator - District 9 - REP,Lynda Zamora Wilson,9620
State Treasurer - DEM,Jeff Bridges,713539
State Treasurer - REP,Kevin Grantham,447540
Summit County Assessor - DEM,Lisa M. Eurich,3710
Summit County Clerk and Recorder - DEM,Taryn Power,3912
Summit County Commissioner - District 1 - DEM,Eric Mamula,3967
Summit County Commissioner - District 1 - REP,Lori Cutunilli,1174
Summit County Coroner - DEM,Amber Flenniken,3821
Summit County Sheriff - DEM,Jaime FitzSimons,3716
Summit County Treasurer - DEM,Jacqueline Kosel,3682
Surveyor (REP),Warren Ward,1696
Teller County Assessor - REP,Kurt Schoenberger,4160
Teller County Clerk and Recorder - REP,Stephanie Kees,4206
Teller County Commissioner District 2 - DEM,Dennis Luttrell,2274
Teller County Commissioner District 2 - REP,Carl E Andersen,4198
Teller County Coroner - REP,Stephen Tomsky,4171
Teller County Sheriff - REP,Kevin Tedesco,4266
Teller County Treasurer - REP,Krystal Brown,4247
Town of Telluride Town Council,Marya Stark,476
Town of Telluride Town Council,Charles Dalton,332
Town of Telluride Town Council,Chris Uihlein,308
United States Senator - DEM,John Hickenlooper,472792
United States Senator - DEM,Julie Gonzales,422416
United States Senator - REP,Mark Baisley,445276
Washington County Assessor - REP,Hali Thompson,1288
Washington County Clerk and Recorder - REP,Annie Kuntz,1340
Washington County Commissioner - District 1 - REP,Richard Alonso Holtorf,1004
Washington County Commissioner - District 1 - REP,Gisele Jefferson,558
Washington County Coroner - REP,Dallas Bowin,1344
Washington County Sheriff - REP,Robbie Furrow,1284
Washington County Treasurer - REP,Michelle Swan,1358
Weld County Assessor - REP,Jason A Marini,32000
Weld County Clerk and Recorder - REP,Rudy Santos,32106
Weld County Commissioner - At-Large - REP,Steve Reams,33114
Weld County Commissioner - District 2 - REP,Scott James,11228
Weld County Sheriff - REP,Matt Turner,32695
Yuma County Assessor - REP,Kaci Scholes,2021
Yuma County Clerk and Recorder - REP,Haleigh Studer,1295
Yuma County Clerk and Recorder - REP,Sara Vance,1140
Yuma County Commissioner - District 1 - REP,Cliff Leonhardt,1747
Yuma County Coroner - REP,Javan Jones,2197
Yuma County Sheriff - REP,Larry D. Gilliland,1630
Yuma County Sheriff - REP,Matthew W. Hardesty,842
Yuma County Treasurer - REP,Chrystal Hammond,2098
